empty,r_init,INC_init,solar_phasing,propagation_cutoff_SMA,SMA,ECC,INC,RAAN,APERI,t_s
0,7729392.863075293,0.09404826897516544,0.02385681615339801,60081720.65258745,60059841.97668832,0.3167643850940429,0.1449687989239868,2.356651644324662,1.4720077132724911,79432709.64873822
1,7279563.350636227,0.10409272517754228,0.39132217281731685,86770026.70268582,85641204.49561101,0.37746036518167375,0.5253250077113394,2.6160395127932397,3.2519447080511124,90300383.15788391
2,8020151.869277056,0.10220197962074516,0.288170372166101,103247705.85373569,102383932.06090717,0.3944349556326561,0.5101369736873862,3.243046975989441,1.3997524583394294,85525365.70145413
3,7574918.999667629,0.1102895349278425,0.040019233624014286,126661571.35047872,125547055.80513066,0.35894798843842673,0.22750577787957124,3.634028384016408,2.3229782290186725,93152228.22062166
4,7995726.433047103,0.10849613144952952,0.15424600018666954,157886147.0030317,156683821.09669086,0.2543634749472101,0.5158148315111813,2.8676368482779204,2.993238311400529,92244555.3522993
5,7803103.411595561,0.11010327094710864,0.01898250327635624,186371732.2545637,185686037.44654834,0.3278071713427645,0.3889188101512944,2.2799293112536723,4.163010139670195,94497458.07297674
6,7559303.612066503,0.10450572207729036,0.4209294887617008,60301858.20809581,60237466.03083576,0.3290935378704529,0.2786920010151254,3.843665499366138,0.8310256728879521,81583592.6473493
7,8097781.597115468,0.0922749996043923,0.5218842974679861,65100693.558036,64978062.46052214,0.35725923536549803,0.49626038875261763,3.5398166210952304,0.2500578615261274,77208879.9819455
8,7495254.347868165,0.10114432982834776,0.9196666823977065,117031053.8792974,115974111.82254757,0.3437287753100585,0.4864222246441724,3.39402526014033,3.614703947436864,93999980.9836626
9,6883963.229583644,0.08757147286408039,0.40543958135751046,127621084.73722148,127345681.56967342,0.3013579330226875,0.49593148655124847,2.666323485141747,5.169182041676916,101317187.86177304
10,7680081.075496211,0.0940321876909129,0.8525072119128787,166337252.55454344,163645971.4504205,0.35346430966185366,0.17324627114027782,2.097088016678807,4.68591750157929,92901999.32242611
11,7607540.159190642,0.09279198864191636,0.8348436247393731,197192502.45628166,196547060.84207717,0.34841412096157137,0.10566324816257652,3.349393331838528,4.354364763483814,96730774.72906795
12,7107218.247251825,0.08933896322438563,1.3931379244906499,61683883.75805698,61160431.76007783,0.3343603694328441,0.09099940443184318,3.066052950253954,3.230476264901178,85267185.91662848
13,7205721.773252251,0.09888195511263854,1.514167776295365,77812124.79404435,77071473.0426191,0.39344889437222,0.37505377099805265,2.3582256323658273,4.399105625311213,88472108.64586538
14,7680532.601427713,0.0951033726794841,1.5502305134385959,114340898.12079874,114001619.7992729,0.388113560686619,0.23828702859640027,2.1522745140644792,4.3746060771956685,88341317.7181298
15,7290998.534627085,0.08924066176702276,1.4066630741016783,127115368.71930134,126759912.4861765,0.29157365047678696,0.4775638048571759,2.5360646543945173,5.36716141887296,96854305.52824023
16,8094728.622099756,0.10494267394962621,1.341873003709585,157857357.2974507,157740239.50247118,0.28624651627914366,0.5011052362402441,3.210765669215883,3.8948438487460706,91702323.58918881
17,7351738.4137482215,0.10847001712471942,1.3521499332101998,189463030.22887293,187495294.2884451,0.2725645229333918,0.5007545832159558,2.823242682960433,6.133126921685954,100983547.85368522
18,7375204.2888035495,0.1536643407656637,0.19025303854687836,61065131.12582912,60911335.48751465,0.3378739194721729,0.5381770827348775,3.1332829716369526,1.684703058012987,83294814.01639289
19,7135452.364677363,0.14348003054927133,0.17764186942524457,87630135.89724636,86569172.19120228,0.40319538549129547,0.14200847575030268,2.666345588519783,3.1456267606258455,90468033.34261039
20,7174925.2172063235,0.15577838726603938,0.08277334418424255,113940415.7949409,113737394.58940288,0.39242573548753995,0.24242104837583858,2.345349293575082,3.810830899554741,93442406.0761463
21,7250159.743405422,0.1443751787414967,0.28496212169386936,140117856.04807106,139607679.44862983,0.3433434653000736,0.39472600805256625,2.463863305329877,4.433752764406729,96917718.49903102
22,6958333.599311962,0.11729498488937173,0.14605777618254787,181735105.42387965,181603408.4826237,0.27935922622190723,0.48402846002352345,2.7227253361789288,5.9544021378268495,105617905.21788707
23,6889289.518976963,0.11745495441267001,0.26903851911850724,195461318.1801988,193661392.7646398,0.2911974643139797,0.4810069685139139,2.541350456374216,0.27720046243959184,106100018.0220828
24,7317458.867069823,0.1526256880338328,0.5189794188049772,52895089.450756766,52664573.71748573,0.27623073278353905,0.5235745628600691,2.8496755618990717,2.0889117314652985,80802141.80783221
25,7337468.397857586,0.12557777953917398,0.8564148868078159,73585252.89584447,72919889.79404101,0.3743740002654047,0.5509921786988616,2.830782890060689,3.1769263799964094,87786079.95129535
26,8152063.316963663,0.14467799469008635,0.4907076579859587,99253757.24193217,98818024.40813191,0.39635289465429957,0.39863949086533945,3.536683211361368,1.0561707568645058,83698030.0643816
27,7520510.7276369175,0.11833715223572719,0.5235344685716211,129351837.71726258,129078011.05815277,0.3487801112419798,0.43523886467464135,3.4465153756639197,3.5339538012909424,95515810.90805724
28,7030186.706963742,0.11963904579282084,1.0094464711029452,168878341.30295137,168254539.4597617,0.31288804993484204,0.3217884535526028,3.4818064204088826,5.183903672778501,101792717.71631451
29,7507015.928446419,0.12631988878765754,0.6690048546913697,195868774.9177874,193066099.76865083,0.3367674614770297,0.35773588312394183,3.424179504431878,4.558777735913206,99300451.25278232
30,7711704.12222289,0.15163122890337075,1.2387811059304312,52688462.79994395,52474724.93034868,0.25596627971406666,0.29434590403598493,2.418315785932821,2.13777236943521,75269003.30046979
31,7325316.1254071295,0.13485318692476686,1.3122594649973416,89028468.85436082,87912678.0392395,0.4008090913972707,0.5414172999966965,2.9192243914204656,3.93012935863062,90661141.05395548
32,7094297.362263064,0.11858655600801998,1.3516602705464864,98121224.79979838,97432836.8757393,0.3979870356714838,0.1394730846263303,3.5153112860550513,3.916658131897356,93548171.59282182
33,7535681.834915808,0.11277641905532625,1.195219492761702,130506174.54458289,129721510.94238748,0.36969888706663323,0.26083215418992756,3.6650164083622077,3.360002019029792,92759461.3411344
34,7748001.500977565,0.11584777513466339,1.4019421529438618,164981202.06859067,164933212.84641403,0.3411670831281436,0.33621939942710155,2.243996028665106,5.010329637064176,92653014.05373473
35,7001004.662820899,0.15170146530160622,1.2509192285834851,192908327.8807675,190979715.3467592,0.30601665388838134,0.39141684169928626,3.2078316181145,6.000382363440916,103226830.20332927
36,7822757.297719413,0.17255953359632675,0.044157668352843384,57243025.95250507,56829102.812435485,0.2962309904171874,0.45529371029472765,2.6550293731376593,0.7868321244966976,76628286.77115017
37,8038076.190108379,0.19504938105226316,0.35357836281002525,83433303.47394587,83167969.70028834,0.39866253233797544,0.4757697200725161,3.2619803016196687,0.9188424583363698,81346002.75175482
38,7080293.855714704,0.18028381589592923,0.17821259986903107,98307676.20359129,97972201.84476517,0.38796722704407915,0.26519200114377295,3.493705822812158,2.8540152239108725,93665963.9827687
39,7341112.024842371,0.18725622961814484,0.07046756507726953,150941018.04152504,148697085.0999348,0.3281769434030305,0.48485109133541443,2.9115082840988267,3.8324572611569745,96877522.89773305
40,7571901.25049728,0.18468206118399652,0.054301950025644447,170089346.3339555,169549008.69294104,0.3247705495275669,0.27121183714314556,3.374077857000949,3.427419206608577,97173070.44733807
41,6902158.865087612,0.20363161825699955,0.353376998788777,197872056.3426552,196849854.29901356,0.28279669011531094,0.4215272331662744,2.6405943355612673,6.073486879915606,104910003.56822255
42,7263339.126595164,0.16520611338505134,1.0286329064462278,53894963.46529474,53829592.90183468,0.2709834964897288,0.43039275706580243,2.604008206835541,2.8987893762704493,81299158.71740039
43,7177101.249880964,0.19064433848975965,0.5448584571452222,78212766.31366351,78118374.41398807,0.39676762928833,0.2169797857625537,2.537506197108228,3.2564338751695168,87649236.72827761
44,7342584.596205196,0.18991449917042286,0.963348096232523,113209209.53517357,112639027.76260042,0.3810239187570882,0.44470220392501253,2.741347067996761,4.334644531908459,94235190.4795436
45,7926746.317261752,0.15821920965489136,1.0180465420346128,134543802.73133343,134175025.3899132,0.2949655686377049,0.5103060254900327,2.8782902018901084,3.2465032011500523,89220150.86311649
46,7941711.266041659,0.19628764837706128,0.7245118409274534,177562689.4403416,176326093.88210317,0.3048863669713022,0.47355249586587145,2.8473926557034104,3.7520866985874264,92114420.710755
47,7304934.353649446,0.1857394556822635,0.6848175218547019,196154738.2270924,195298824.66720513,0.3148661066957308,0.38343386877388774,2.4551094900119166,5.612364908399927,100269454.7962561
48,7001227.7634778125,0.1687800778627523,1.1948740683347456,59712998.9064441,59650300.53660945,0.3150286370390469,0.45239045216520096,3.4374503668848844,3.1169655643931544,86308599.88492237
49,8118714.331155762,0.17425286417724603,1.3457446030487956,89498320.20776978,88844888.5135558,0.3678238366444634,0.47507056527065006,3.191088429048329,2.3372172872152968,84056682.90089919
50,8188998.560369235,0.17783472095120334,1.249227113336298,115477062.20429632,115245826.3814812,0.3485866115433349,0.3673840895990689,3.382560423248167,2.4101443577669284,86311623.73736736
51,8046026.768723602,0.17796106120181415,1.5670231936000683,126824972.50036258,126699556.27190933,0.3362569873150248,0.49886324963228307,3.035933701228943,3.698757187482805,89027619.86304168
52,7416268.071485467,0.18191670909085678,1.4468171975799362,183016831.67806304,182612900.98307016,0.28562606799041174,0.42403196460535614,3.0129302655709487,5.642485233383768,99420224.4805394
53,7017633.578774067,0.17861509177197393,1.3716959860138196,189974899.2241282,185962380.80002072,0.3113729384514674,0.35988079167524484,3.2352291269709736,6.064987171062971,103261585.12520376
54,7669752.098314565,0.2490159682264815,0.26471152326528097,62168166.01343882,61990325.957317375,0.31018173304796987,0.21839046914264196,3.1944148670531702,1.263747331939135,80782169.41472378
55,7988608.034999533,0.21698471315760698,0.3117905846735361,92494528.95656143,92188853.0311719,0.399741138490737,0.4609744332888141,3.064432097474559,1.425710831543024,83946529.75471355
56,7171716.590903294,0.23774643757259611,0.03998647774349255,98799645.37341434,98049875.33122253,0.39768207119886056,0.24604099931459203,2.5980783041557296,3.2710791835818345,91943771.661158
57,6903903.96233882,0.2105164557512062,0.06937866027918574,147038665.72599536,146658796.71264666,0.34658087774735863,0.3870928019094608,2.6009290783627828,5.025483591478377,101741215.45103496
58,7118571.004069952,0.23292976348458205,0.30606896795724875,160554065.51108232,159863368.4995398,0.36657560563198577,0.20975988333169968,3.241237372799052,4.266563806643116,99664033.76230218
59,8005834.649820069,0.23531344842021473,0.24804099594884055,192671687.70096707,190659129.29103044,0.3004852575162352,0.42737605185676825,2.889579904728939,3.2800496425057775,92459859.11257099
60,7485326.694636943,0.2457563392166007,1.12054303362123,56613177.24060414,56462508.52594267,0.27215851098499133,0.3950896499490276,3.40862971395413,1.973839102552961,80130084.84828252
61,7185330.484107289,0.21940970430002876,0.7042101080794283,66920971.059993565,66767019.03758683,0.34949635015555364,0.2534135876027514,2.5860908927317086,3.0455401206773125,84973053.39943612
62,6935807.826306587,0.21665889391633675,0.5600993824440225,97875891.71277604,97751008.78441994,0.41529196033573346,0.4721260602658998,3.015004129336176,4.082110737569474,95595095.44516745
63,7113671.962432121,0.24272410296724725,1.0071125481015546,134216944.78420219,133491168.44188577,0.38476688450489477,0.2398432678889155,3.3044358930793893,4.686111734909223,98551425.35998677
64,7412923.4974361425,0.21182393136079702,0.9191835150905238,181135023.82030323,179182185.29430413,0.3050794839065327,0.4178531615169145,2.8387366118193174,5.2761395517499325,99822379.08993305
65,8089132.315992713,0.2484618501682431,1.1093930191448977,199203659.66228482,192842173.1407397,0.31614863112587677,0.39145812817645603,3.1028476812493038,3.9728552157926593,92644928.66091286
66,6960201.1221383745,0.2276034108361761,1.3018188078501116,62866985.630424075,62562221.77409684,0.33613045072725756,0.49040672570100524,3.004176112958856,3.8612623394417116,87928640.17025279
67,7199406.930114168,0.2519936738985392,1.5091736301463046,84717851.53547113,84585868.27263229,0.38988858473525995,0.26591010444716967,2.664201240305185,4.329787092580717,89517684.49875574
68,8156897.706346871,0.21317558855166768,1.2409652845555854,115137753.85222341,114205940.62677954,0.3531365089435328,0.4076371329630614,3.231156059481026,2.6526076601070523,86829506.25279477
69,7372112.67432923,0.22295029747923834,1.2295823229244518,130718760.65023333,130112041.96234435,0.3839795794093188,0.4357129250932422,2.9993932086213992,4.45868648718198,95006278.24500456
70,6964584.785399293,0.22174321505589928,1.3538437521901026,163298552.08240467,162195502.17348334,0.29450642008769373,0.44129746330125236,2.880974356043961,6.175040942624574,101873817.9984889
71,8073414.50924669,0.23772045441866974,1.5100611882533277,189254744.48366755,183532699.98625833,0.33523614922942396,0.4099623556234807,3.0770630489931885,4.319376890356151,92732120.88629758
72,7449038.005336628,0.2776182209361995,0.21755140720833674,57720255.08088882,57677402.70077196,0.27687541899297646,0.42292767369713585,3.271212354515019,1.403736452490513,81445341.61060081
73,7532848.501187778,0.2973490128450157,0.26344062101199917,74760375.33143924,74341781.36509155,0.3797860342103768,0.3257897636747835,3.322709290712875,1.7197223710321001,85169445.15939772
74,6940357.8110657185,0.2750064106188624,0.2851124993258655,119073862.52278346,118821172.25804982,0.40706460879033035,0.4125970902513303,3.0010578004972093,4.287054026091212,98283993.59138735
75,7004682.176831405,0.26583248740724086,0.005400593632037798,148805945.32443345,148632458.16672808,0.36259363902736125,0.39648696466371386,2.903438640840609,4.639408004083889,101267409.3786229
76,7073856.1898462875,0.29548977781050034,0.21293932098945165,181889846.80875596,179452853.97386578,0.40754398735612996,0.2593659776317552,3.117722796006153,4.670921379915859,100861427.69290687
77,7407088.6370482845,0.2550478471319788,0.2997221529698819,188356896.0627089,186994329.407976,0.3371983862412027,0.3962653233472008,2.9865855027310992,4.5184678733959736,99164312.92236874
78,6890031.832837947,0.2957167739571215,0.43393246216073744,54739383.1573256,54514057.085779935,0.2611205448184106,0.4095935030547395,2.880360747513915,2.961648887969222,85593135.24097896
79,7447685.994366832,0.2848983517071896,1.0175205579424,76488066.76617254,76053894.80936791,0.36736143110740344,0.41184183652614753,3.1713659252685993,2.870666836085033,86424948.96179305
80,7077903.895789574,0.2529423497717417,0.9451021315149902,96695671.66893715,96051932.51866287,0.4138603145813714,0.2757500968624147,3.3702919566609424,3.7802996133043374,93660593.0574381
81,7342152.598900354,0.26948733532181757,0.39549366174732525,152472055.25491893,150708738.69906202,0.3664005260357115,0.40786680928649055,2.840156678127946,4.216743881782001,96957106.78599955
82,6995151.425264666,0.2594759979718449,1.1478021825255567,175826587.5981213,175337799.81235576,0.3170299843720804,0.41518651831961956,2.849407495998758,6.211932638335999,103117096.30009176
83,7324511.904688608,0.26250718964690684,1.052093310278612,198975054.780939,197043720.71319467,0.3169548208572659,0.37594755958314496,2.5743655254629485,5.845236887201786,100196583.96046625
84,7455228.680515908,0.2755884913858393,1.5221658360125365,58892262.03238728,58715836.7488955,0.2942862532407457,0.4016901545872811,3.2966458311859896,2.645495034441295,81231919.15059459
85,7080541.892843302,0.2690747226194441,1.249946835474721,68548839.84416524,68433824.2660035,0.36056395686385956,0.3220536878078936,3.382801702109231,3.4908712445540186,88681573.98052974
86,6921576.524997099,0.27430699815012255,1.1889318779328653,111109425.06897041,110461749.23526661,0.38682671469330715,0.3846933014004573,2.7398690661171794,5.166525586250415,97268369.41934381
87,8063261.290745257,0.2949531086018633,1.5123573842581455,142561561.98739928,142458541.8830897,0.3492268907107692,0.39883319398828804,3.065493992959478,3.6472667733270216,89111982.24773936
88,7562884.368075877,0.26638295914744614,1.5586563893436227,178613462.44415185,177498410.36067036,0.3844601763518132,0.20927314775252426,3.1028726683732475,4.895541393473668,95783093.43033132
89,7331836.238598205,0.2548467297867642,1.5477820447454795,195662393.82102388,195254759.57455817,0.2663525113856445,0.39229671004516764,2.625011085650817,0.009971913065448167,99733931.0665242
90,7757255.349094322,0.31643287632312017,0.31537813026247663,60835075.74065681,60733578.67995658,0.3094070828592396,0.3557023589973802,2.8178488281466287,1.156296358526226,77687495.82573816
91,7051750.789906735,0.29978263225322055,0.2357944027645851,77632896.5667053,77485295.69201805,0.37297370144422676,0.3808969852814274,3.2123804688758506,3.01362319664963,91254455.65476015
92,8075610.813773284,0.30290587876160313,0.25075065344503206,102046204.64216438,101572868.45980705,0.4103853503674819,0.36811765012103354,3.210925100275708,1.1828932676769766,83687163.78910959
93,7538573.868776992,0.318763216652359,0.2062958258688325,125303513.55484778,124397092.7244092,0.3779151273203874,0.3205708489674353,3.1233467473405954,3.0793744294443814,93121947.31463526
94,7067341.995806996,0.32201591871548224,0.16423460915976232,164332947.6249805,163341719.45072836,0.37742400459137604,0.3085602525759128,3.099822381572769,4.605741560388168,100983406.69525865
95,8190068.337519847,0.32130121176370274,0.003320372568944289,197984194.66770992,195897618.8110357,0.29131114748612225,0.27914926548895064,3.014582686683138,2.573983949106396,91519762.21747258
96,7558591.845328658,0.3164606897558588,1.1182633162751094,57951896.73434512,57672075.78028951,0.25815176692171227,0.27801533843736037,3.2521322978187457,1.9373365182282245,79039534.21403635
97,8052680.052590665,0.32195603096481035,0.6051613517199393,84374419.04325233,84148467.24973263,0.3966166799940188,0.37983763001689513,3.1986761653229374,1.270255184022397,81427591.863801
98,8119350.380491332,0.3021555221950336,0.6911202639769057,108033201.36800434,107085393.27672787,0.40401318488756605,0.33659910227751616,3.213006833495307,1.7407659142041583,84823531.25636373
99,7205079.735147532,0.3105427243405385,0.5289444311194276,145729883.4376634,145307835.34704956,0.3862630771501286,0.27541999382339166,2.662348159318001,4.466205425001357,96444450.43876341
100,7000043.753559571,0.32064676227069094,0.5551114655055815,163422857.00867477,160809054.6717589,0.35504103902470213,0.33761189694318106,2.9745906189264675,5.099682119692476,101452148.74288514
101,7787060.044137306,0.3093533516122877,0.9393767491864319,193082720.57950568,191573448.555889,0.35617895303321645,0.31018771134562423,2.6076844730249897,4.5178954823237465,94503332.89521112
102,6904964.213044223,0.2997660088339365,1.2476711442540571,58505456.03312736,58429326.66343216,0.2798850177884576,0.367966884199366,2.794297421201699,4.000296076714081,86866119.94518825
103,8033733.155928797,0.3058680741311144,1.408888504295531,90552733.58137347,90310674.27352011,0.3896840328408684,0.40323507444985096,3.0690187475300665,2.52733106372529,83416090.98720425
104,8122351.269453753,0.31616145040241406,1.543215171037187,110713088.00285651,110046897.40055473,0.3936528629616527,0.3691266508412984,3.113569329545529,2.8642627306954953,85413806.50374353
105,7044431.405312857,0.3129985775045451,1.4117438957809156,153293326.88952813,151837767.10812688,0.3515930929397014,0.28763034278855554,3.083252773060341,5.535710458646664,99810450.82448669
106,7618078.632397799,0.3030524221364307,1.2842904451189554,177543067.9323206,175899750.51934296,0.3872874016727087,0.21492923795464075,2.797057721314503,4.668867564603985,94165119.10520741
107,7476801.205273632,0.3046438745680941,1.41966227997512,195724747.7783098,191447792.2653199,0.3739638630802593,0.30739374122789326,3.017099485563574,5.361465259465035,98430456.10717326
108,8849362.53368403,0.09743261241914453,0.2523973127490917,50414221.13153176,50381041.78378275,0.28312339463568714,0.499884680338029,2.5821562750148925,5.620200695942707,67122806.48405987
109,9351415.29689543,0.0928062129068923,0.27896828334869883,92915539.87411627,92406912.93317592,0.3786049958542767,0.464427970551684,3.4562890977837863,5.216828011296423,74357569.85546657
110,9638344.927553277,0.10645609694588824,0.03935688907724526,106910335.27149266,106665843.07337748,0.3672123279307901,0.2633355977111312,3.7870092412641396,4.478530531875029,73272979.8919158
111,8672444.653426776,0.10930156432808444,0.22142218845919895,140376119.6143586,139414375.88941792,0.33909328977654424,0.325964519897042,2.1889507995835285,1.9651267143048243,83449624.15968692
112,8765226.909939984,0.09820824069595414,0.3549782772812705,157102801.49639693,155866157.061954,0.32109859106559663,0.37119078183821674,2.2148975047362742,2.362794083982415,84902274.71030173
113,8735308.766044827,0.08796801615547258,0.3701432330972816,194016320.20078993,193319670.43407577,0.2938111718247163,0.37923204823338075,2.1420635494334483,3.134413183108667,87475448.38623592
114,10139454.51435738,0.08987829654305543,0.9892172101418613,59578734.01466866,59260027.32841153,0.3082551712501389,0.23073489065455632,2.190068263476222,4.59413035993833,58158270.73466652
115,8291461.706804147,0.10413996367678179,0.5967579097158578,66466760.6863451,66301063.783723354,0.3602184410594165,0.23563288018447626,3.83806835708136,6.020298510385502,75764239.41196975
116,10452993.534778642,0.08983069057289347,0.9509300905291664,124806083.230423,124617694.8384179,0.2955567328489822,0.3753808219282713,2.1902798762976774,6.093488424561775,68459591.9940125
117,9163707.469893672,0.08854826714683037,1.0972941518818797,131767738.26317368,131198915.89769334,0.3249837790160452,0.521474487117571,3.0728741663612835,1.4170055371385921,81213184.78363104
118,9409019.71412934,0.10647744353534136,0.9690362792597446,162124958.96443796,161662461.28093132,0.3234248068710241,0.41895789245090004,3.433988546757503,1.1797727560828883,80747911.06596221
119,9435165.288176965,0.0919984672199309,1.0423871084834309,196624970.8125826,194746179.94871828,0.3617865692772961,0.37853841456082477,3.46801444730877,1.6605159419764544,83002532.36490634
120,10334588.298071131,0.0899763842890876,1.485982428990612,54540601.60659775,54339447.2671817,0.28211333032473845,0.34388878562166003,2.2824231834185813,4.596379520342492,55633490.64019725
121,9893174.625520555,0.1043783006522138,1.2155085442434406,76754702.32764088,76484516.96205619,0.3742520400948844,0.08884975621797571,3.1384403488735746,4.971576352084069,65202422.02916708
122,8553621.27406432,0.10138961412138084,1.5441763050868202,103894364.99347232,102758659.45253615,0.39965607383054913,0.168372157603898,2.146106384393331,2.925478212732312,80620750.6128227
123,10691421.841098424,0.09588336152122343,1.4605684282578104,141366717.1823956,140012908.18852815,0.28323544955371155,0.4548655095792802,2.3690382894727073,0.3493339422351929,69203712.83045544
124,8269188.231017325,0.09330900771156268,1.4280483622649927,163976973.5875715,162616094.8312098,0.31826518945722965,0.3717042222998014,3.5311589034783077,3.57062861195711,90958202.25183205
125,9766033.438076466,0.08967447267932466,1.3973810794026593,188673103.3023817,186349490.2579542,0.3280073943674257,0.1398461864873566,3.655935216931408,0.8911912857447429,78027585.19508377
126,10285993.702483809,0.13000410593126993,0.2988724315079525,61622183.03775809,61526208.87125313,0.3178255927221499,0.3009486032970219,2.3184148057693057,3.754711787356337,58139790.40396099
127,9008230.098940749,0.15619569132173552,0.3296354239881615,86513750.71288092,85908108.92036901,0.3819141994873375,0.5304555208102117,2.8269276679828708,0.11600698160283704,75697489.09438992
128,9323033.08028275,0.13848484713697978,0.11695283047122582,118269230.16804396,117352096.21806823,0.3264640514638721,0.4637123487243918,3.281859247510055,5.963061152684151,77933852.8313233
129,8725092.445121245,0.11114390269509158,0.002003931808715527,137787924.6440596,137192876.1579804,0.34361947557028133,0.35073606376063476,2.2692747506093918,1.6169007467214205,83437126.72710685
130,8233478.170016799,0.14407469527903743,0.005722080224109687,158935069.34654218,158625614.9876799,0.3445669660281989,0.26650643997277274,3.5589861083642154,1.4998190229612864,88788954.94935736
131,10750664.24610324,0.13833999559723084,0.30993474253549275,189923625.43751884,188599758.68334442,0.30091577925480567,0.4156652283471047,2.3639125007433583,6.188907920974473,72107902.14599118
132,9668421.595285835,0.11261846395354258,0.6353575422988857,58336651.21485588,58323062.03607173,0.3300613579044388,0.2532364166219941,3.8528698375597865,3.583227051686694,62488416.142484754
133,9795858.190736776,0.14152848236091262,0.967081856995192,73818049.6098217,73623502.50733152,0.37651053289444114,0.1719636547665299,3.6498616247089135,4.390783415333703,65665644.06636879
134,10073467.682462938,0.12016194268151592,0.4695802596494464,99730638.27583513,98841420.86692834,0.3755778208170717,0.16372755857225743,2.230732084492498,5.362543918964864,67288519.538265
135,9573328.561895447,0.11739574666031755,0.6361053666609193,154027188.00178316,153508777.87090877,0.2966093639425403,0.3387659780776739,3.5544035616524483,0.26327104666026324,79041277.44610243
136,9478871.963970173,0.13839227930994247,0.5928942557698751,173448611.60128742,170310508.02859405,0.31003341922893846,0.39229218859949455,3.432545970944773,0.8473726284893353,81580026.24549785
137,9993824.580408448,0.1456177738153131,0.7607467269506083,192334929.90639767,191137766.9716755,0.3644943558641719,0.13507219933166542,2.4734540746124787,1.0109212850763654,76166778.12762287
138,9082252.898281667,0.1499425559024356,1.3938557545036065,51711124.76679046,51663873.96534896,0.27640514217547674,0.5514752081673503,3.0474030013426,6.114840448163745,65796880.533009805
139,9524366.034321697,0.11368684055346007,1.2885044955572014,81972187.90775263,81216412.26752193,0.3929202412999969,0.35713346121645506,3.676544231682129,5.411339333726509,70168445.82193607
140,10209721.276381575,0.13463027653691112,1.2114920290775721,103557516.1638148,102732902.76781262,0.36757561157370183,0.23216050091025153,2.205890354685641,6.1619448180724845,67456078.2368483
141,8986510.157241363,0.11289016538812867,1.5036978900698235,142877809.96648976,141538908.72111923,0.26320651832748987,0.5005333664141487,2.598062467746372,2.8591518296892606,83618900.59475416
142,10119665.480522547,0.14919743870919233,1.4316463776573434,179466879.24069723,176214300.49127573,0.32718016795878946,0.16946343997966526,2.273219308214247,1.4689839767835888,74641990.13213846
143,8459186.953779716,0.12759051567679913,1.3479866426928333,185377300.8512293,182439098.2442153,0.3062672864938214,0.11960820881595223,3.0870003559277515,3.549091402178498,89279386.06315601
144,8841232.224570783,0.1986996095514969,0.34106385222627783,64588661.167503215,64272265.95747026,0.33957826790164763,0.439830756685802,2.6715594960331153,6.132069317237428,71294851.5324522
145,10067712.316823266,0.15930535809478857,0.07249609961690442,75188991.63448618,75103111.0677848,0.3684233958689433,0.17130157690184625,2.5406898337059314,4.102358174870731,63219588.60416734
146,9087429.406734351,0.19829012303552496,0.21442627629515323,100878119.98913197,100256076.5289256,0.3932817106526413,0.5079123498357219,2.9413236069428015,0.16794403188512644,77474953.11112922
147,8532439.928471606,0.16155366134131713,0.10300276999434634,133037755.8853755,132728607.8776987,0.38858565884517116,0.21000352532814423,2.2879147210267368,1.7193409085215463,82846569.50889039
148,8819695.279674616,0.19232849269733424,0.07487433710953834,158235718.86076438,156708317.8952211,0.3636420772054761,0.365167986454666,2.485057281256964,1.752266089240493,84732593.23015314
149,9911829.853173368,0.19365155054044686,0.3531216210943508,198444726.49655402,197680741.13363147,0.34275057750818244,0.16092391792685867,2.968792550696373,0.5026534025212754,78264587.02961613
150,9322295.58417815,0.19274274553241508,0.8241268072822308,51921126.13326174,51649274.23004618,0.24167564615433876,0.4848986526485251,3.3553942447729392,4.979960978866143,63920672.121586405
151,10464989.104118207,0.19524902299699312,0.5897191871537851,90137186.71537495,89132680.5904169,0.37647296853286016,0.32913307524371554,2.4950137923244835,4.576304751016479,63851667.73844925
152,9000072.303197337,0.1931589803182686,1.0647400593442167,101388002.70764086,100775140.00552402,0.3994300025165477,0.4493271758628367,2.7505922654277244,1.3832426636745103,78813049.15247838
153,10083214.283584086,0.19649935375887104,0.7033416081934679,136781951.47834527,134772994.17301586,0.35757064601650784,0.18352246415030565,2.481161018566246,6.1910338019707565,71985366.76017627
154,10173599.287067043,0.1965754852090019,1.1466917142657072,168891284.53813103,167712871.78713116,0.3362314720324128,0.2078664984439122,2.4017688146333893,0.9012269833613307,73927977.42318404
155,10411346.416270526,0.17237089645349166,0.7468703907644757,197043996.5238861,196448358.7329963,0.32091928164407096,0.2996563900906941,2.237139652602775,0.8724114574237477,73910250.94699338
156,8626562.385475295,0.16165349299533666,1.2408722501401865,60104996.735358804,59891657.259268254,0.31772802245299375,0.2824839041473587,2.416865468463609,1.0289482118494728,70633835.12812191
157,9999907.02568608,0.18589455373874733,1.4226170356608048,75244951.69695367,74996859.27117611,0.36228963704537603,0.1524619773262602,2.8349585470011145,5.360237160496359,64038342.706728645
158,8874542.71500656,0.1686253638110038,1.4832224936160627,111069479.98947693,109470461.89373769,0.379440235678571,0.4242434068463347,2.5326400918731147,2.123666431382381,79921705.33136916
159,9916353.914388621,0.19863368255047467,1.2127492415418302,134278243.38773593,134220736.69856793,0.34947090275529963,0.1644656940343745,3.037112035058037,0.26124367519115527,73468575.22255844
160,9875421.316801354,0.1642887238442113,1.1854895633693097,168388664.11635306,168182275.49542528,0.320999888990386,0.14322843787570508,3.1885682133429527,0.7601453078252891,76703535.62525877
161,8983951.782399604,0.20410364825014726,1.2217665208209214,191600044.80700833,189556728.7637188,0.3012887413702096,0.4516201957515186,2.6019181718990785,3.5035562913484424,86058110.15847385
162,9619729.573349811,0.23146185093190358,0.09041739626803832,55882768.37720069,55538654.453108035,0.2785537834009599,0.3247066372719622,3.516866401764706,3.7251597388678612,63252178.10360448
163,8565999.032876348,0.24370427181091314,0.2688733137840329,77204673.86129425,76303600.65147693,0.3896983065729674,0.2743837730000545,2.6162365440500004,0.4361922314615665,75173376.39229183
164,8735024.189653927,0.23566747701721827,0.1348342005845928,97181596.441702,96048275.94023302,0.40574699991593294,0.3647546079312701,2.5924244840155435,0.6433275157001858,78112105.85708466
165,9069757.78599032,0.25149163931464313,0.05005435875182408,133926272.78897426,132344285.0096123,0.3802769130725448,0.4407654246216049,2.8903248731947357,0.7943504035002298,81808970.69801582
166,8951920.33417089,0.2185396652015014,0.26338718854253007,161705164.05119583,159134738.0171947,0.36137994412291513,0.398253784353248,2.640388012572439,1.8287107609906743,85038242.72508256
167,10744786.37495,0.23664832825518647,0.3131556342227023,196807006.6798746,196628995.33447087,0.34718236700240507,0.37854976830783665,2.4393742060815145,6.23464268802238,72602553.3385934
168,9859589.29038383,0.23272159878054124,0.6053351830280085,50289492.92784631,50218985.73161191,0.21251564292398267,0.2085227415395985,3.3093682489312384,3.674807062147571,58299068.45346966
169,8863042.112983175,0.22398604358160432,0.999158609081259,82222607.91615783,81692045.9800823,0.41479873856325705,0.4232684639353563,2.6988018933729103,0.9607679775058571,75263502.74489513
170,8518763.89821874,0.2057095793666182,0.6263968645710667,119087913.57007203,118365591.1384739,0.3923465944212603,0.19446369362543928,2.518273081959975,1.8142768548724726,82099722.56964956
171,9810743.822105056,0.234958747126527,1.161293449717424,129497287.55498384,127588023.55952048,0.3639632671244341,0.21251496461373698,3.2070530300942885,0.09593715209341142,74238156.43512373
172,10737205.812143741,0.21043169216874547,1.0236244703495545,172183554.31656498,171883718.70521104,0.29947707072243346,0.38878920198276573,2.4524608907692116,0.2949389104846647,71480924.20097366
173,9483918.793646997,0.2234088904129419,0.4450900505877012,185657085.20529002,185524567.99946925,0.34119073633589253,0.3594045966015054,3.278116046050419,1.0304785262352922,82110283.88261822
174,9806135.62515349,0.24108851648622515,1.189557360194341,59046657.86870958,58847641.09991653,0.2955060604082993,0.2252810326977767,3.375517202463801,4.573515445442222,61965612.14193966
175,9115530.84328386,0.24117212053965548,1.2001093093702069,86606381.70327383,85337782.79874821,0.41702308164168195,0.47455524922180503,3.023707408376692,0.7098478720758793,75003005.25165698
176,10642850.15379044,0.21641613254226696,1.3994010575429618,120264724.7387682,120163737.73498166,0.35042061032076294,0.3734028462400885,2.476615103817784,6.041843201198266,67417436.74015531
177,9753833.43553939,0.21906964720286085,1.2567600057997648,145430326.70757186,143374179.76254517,0.3536610386663711,0.23613596703876985,3.351194333253655,0.507430008460972,76475146.09741208
178,8727995.48231952,0.22679417209927905,1.3918177538020102,167155993.32478395,162964726.68546277,0.34236835823148987,0.3357966048889269,2.399391535704706,3.3219084862959,85301556.0159747
179,8849282.496590968,0.24074942218289788,1.1992605870822097,197104221.57835272,194186932.8714468,0.30122509840655814,0.38639434080112167,2.479053493827729,3.375850547097246,86415487.09342012
180,8564134.425778098,0.2821523446191113,0.19983488720770587,54296173.37908338,54115231.75159951,0.24489568894415065,0.2660792083275014,2.7982909553936652,5.909303917264404,69591792.26829381
181,10628568.185335498,0.2791747574014554,0.3791611846170767,86175897.61700794,86126859.57322815,0.38335958783809004,0.37422656203554916,2.7254653234501642,4.010896008623012,62570893.523195
182,10583688.265264943,0.265582487747589,0.08227305165413545,95109875.86133116,94318533.2850215,0.3960369239751453,0.35637181496151943,2.6714054508034737,4.04300651761311,64430018.96554236
183,9633636.634862324,0.2536466072304107,0.05883226972246384,149323471.79806224,148909808.1289715,0.3349233516816049,0.29089212013647225,3.2319801701443427,6.0990394081565285,78490043.77229643
184,10738174.578786444,0.27384512528915894,0.3522940944868162,174030315.4265909,173232499.97921598,0.3152353252513696,0.34966515791311154,2.535489759783666,5.7650902000014455,71781123.44687846
185,9137785.485477954,0.27026188630199366,0.09082481248832215,192906857.88344005,188266791.1313135,0.3766762407880282,0.39122951021841923,2.941356283905348,1.4277518209074724,84955499.81941578
186,9186677.931335721,0.277731170105825,0.6165473841157575,52880333.21213443,52603119.690584436,0.2429625794018701,0.45228743515016717,3.1424629657881322,5.361009477722304,65663283.40446685
187,9181935.144383349,0.27368862580670683,0.6063253041508067,92927858.95809601,92838790.5734646,0.39949151440756764,0.44641422545427834,3.0449045187686816,0.24846845942601797,75800788.57874835
188,10736248.010658873,0.2827577612200502,0.7625575166024149,109409129.77982204,108442137.83875829,0.3712632878921517,0.36097181792818994,2.703864154609538,4.8105456315042705,65680410.36131184
189,10480802.6464217,0.2587278724081411,0.7808582925517764,153271278.36439255,151579795.29524943,0.323973985108023,0.3169974410501775,2.455120448835936,6.155907461230739,71098225.74741149
190,10112086.281492282,0.26367051651526496,0.527399239968259,162914198.95344955,162872072.44179687,0.34663772810793525,0.22008642033337905,2.590507881283286,0.14142156678125603,74156426.58518693
191,10609299.190410955,0.27413002279619353,0.43898687549571186,199785972.73028943,199590371.36542174,0.28608708665375737,0.33149783303385333,2.4531628208659386,0.21155048651886563,73386364.15944147
192,10209095.535650253,0.26407546438845936,1.2627365234105583,59211660.2913445,58853410.44466956,0.28080361366375417,0.2638933324003972,2.7289730189818058,4.607898295774043,58488542.08177632
193,10081553.164330523,0.2605161177671587,1.4608772917660233,79860731.80565107,79044504.97679265,0.3794645241110193,0.21719555815172703,2.7748181526053104,5.525991483653719,64531050.18094869
194,8229606.556202965,0.26527124158505544,1.212673458684453,104961880.34430009,103727884.80210114,0.3805545284444475,0.3170911605382828,3.296814533168788,2.086132597209417,84167568.32951532
195,10448323.361555636,0.2613952689344305,1.201302729912229,147809902.93610346,146883468.1264023,0.33258531148749737,0.313534797347475,2.4965773277672296,0.31243103952356927,71076147.48530811
196,9171469.338513361,0.25363832407293674,1.4100001498076413,180446515.79703373,179538753.45701286,0.30527380989280767,0.4093496718623353,2.8108129393151264,2.719446907929337,84464744.39917886
197,10346608.027212922,0.25275234798196267,1.4857490501591795,189096396.07543522,188129174.17156777,0.3496792451418693,0.2707304264623024,2.474122434294305,1.285736759961508,74411501.71506488
198,9365235.638357323,0.31711523174265305,0.054661587876808554,63283796.10300658,63146080.262901895,0.32727183992502,0.38265337543676514,3.2624979878730858,4.745727155199018,68007742.57405058
199,9691151.983784135,0.3029233223415185,0.04488476564524912,78569371.22180465,78465066.09784219,0.39395205987911647,0.29706532667365626,3.3186345233030754,4.686413521102364,69967884.74941048
200,9356440.884960689,0.31808749309216117,0.2933112697985145,106463233.98332301,106259340.84743656,0.3860601917204193,0.3712452032561227,3.1292030509170514,6.0914112591580265,76265102.07664083
201,10248677.154560512,0.3019097540140254,0.042498141950645864,131453662.25409308,130671790.64163752,0.37194551477417526,0.25123884096272897,2.6339657473361626,5.189228138972364,71077976.71614316
202,9034732.41872464,0.30208432718996864,0.17841793767576813,155529574.20069233,155246658.13890824,0.37392781924017315,0.38755568933533624,2.8891963254683666,1.234034801891084,83153643.09000194
203,9734039.310863934,0.306305679411743,0.3522492881144683,191085625.35520655,187929721.0265433,0.35918395682992693,0.2606869674682047,3.0815433608861817,0.7123541467309924,80011966.19182763
204,9573114.20240213,0.30445572785481984,0.8768089124710132,62148009.77875838,61872088.55458899,0.31665486957326233,0.32629583125112827,3.3484100501474967,5.037890287188121,65508929.527882606
205,10087654.864074664,0.31008779528223435,0.7209243991173031,71422643.55591547,70998282.19741969,0.36330090741594245,0.26438627763471995,2.8529104488159294,4.51708321964942,62726432.382415906
206,8641075.933017887,0.31793037422427045,0.610674519004627,99974478.94569866,99832828.35861787,0.4122579708160872,0.3073845792005717,2.7563768222473732,1.1745207305076568,79444750.83006772
207,8647620.995350752,0.31867833606897755,0.614432626088877,149682536.5680199,149644164.4874886,0.37296440441584194,0.28774295480643514,2.5922719621859365,2.181904086496073,84441702.63316016
208,10758948.46112573,0.31976527409534283,1.1721819750646252,162449370.2753398,160851655.184206,0.3169398556078042,0.3602200415145395,2.6445403996580246,0.09969022821203873,70654618.69234768
209,10109962.983997773,0.31498503851939574,1.087054955665728,196159396.69872338,194743748.56036922,0.37485650604706755,0.24301291212182521,2.6811623068148385,1.1673880383202637,76475329.326558
210,9393664.067840671,0.30137995079276675,1.3580919078342295,62008120.406750396,61705201.30400216,0.32059526318886233,0.37268923686379,3.291670609530005,5.850771218476916,67005800.467748806
211,10119037.618764289,0.31226085606824844,1.1984442491427392,89847689.9598674,88807803.03236075,0.3839041662542909,0.2551877556402359,2.781442373409316,5.52142965082168,66463584.55789979
212,10617109.017920189,0.3057981367040451,1.4256380413277987,109597180.93635759,108660077.04758787,0.3555091808831667,0.3471127219658081,2.662627513645501,5.692633777526526,66541302.72637696
213,10468648.297421668,0.2993636599140476,1.324038929296146,140435323.8527805,139924504.14944977,0.3598985617130649,0.3293453848840181,2.5929156911764846,0.20447563317740688,70291971.67155613
214,9475098.357210886,0.31222916930569194,1.279691358445247,176315755.593857,172891717.61501935,0.3376599260826517,0.3006118860737575,3.08458382021433,1.645037198971879,80895376.04780301
215,9296997.435005313,0.31676394455908424,1.3225962794514727,190656002.61147165,187122914.68273613,0.3685436936810735,0.3216829096830355,2.961740699180001,2.2273989953166216,82872937.88423663
216,11002990.325895494,0.10621585665438649,0.3543952116813778,56144625.62338725,55861254.953950725,0.2833110173959696,0.553451600889463,2.772284931801827,2.3597597875989083,53283912.95467596
217,12285482.37777864,0.09558516970788072,0.09384423177678074,85566256.35631648,84868624.57447514,0.34984582124927216,0.5340122082223347,3.4051592123813275,1.4427652286998625,54770054.01502773
218,12674448.52287153,0.11066970388591507,0.3462548600686377,104034335.0826512,103702245.27040513,0.34699081613832433,0.4649642323269915,3.475277258842467,1.7793005989810782,56194222.034892984
219,12563353.084007801,0.10177766761287248,0.08553035604773793,126736394.13358864,125599860.81649497,0.33591864828047785,0.4734066730489389,3.365682839066138,2.2657640464184485,59502065.43703368
220,11836185.346392905,0.10627245894228357,0.28595375317192023,179967043.767354,179226180.24707454,0.34492951290743973,0.523826984516949,3.097036588427004,4.419836518874987,66909570.462560445
221,11625139.382902697,0.09177044733245716,0.21892608034655392,194988325.328073,193329677.6179665,0.3427290490121192,0.5181503000359275,2.965121866909303,4.860379276036193,68991645.20764458
222,13001095.084074378,0.08936987920145811,0.7144596189672053,58946249.677447364,58586547.872841105,0.23072333351466037,0.49024707155734754,3.6487894453039855,0.3411777643676782,45350199.614124864
223,11142997.788169786,0.09024081975441958,0.9770304941323078,78718665.93944077,77981647.628867,0.32656267170841763,0.5885957481745828,2.8181432486053217,3.7296079284459775,59027958.69547576
224,11861742.380720476,0.09365158868479935,1.0093386353096117,108823680.65023904,108662695.98263295,0.3069102789154114,0.575949851455207,3.168956401178364,3.7508575804864526,60784550.8209054
225,11385141.231708035,0.09323724965003626,1.0616824486232674,133030273.63887066,131300799.58140574,0.30378385287918724,0.5326828525746007,2.872411548485501,4.956762154033492,66023829.70836307
226,13402405.944319744,0.09439558619341146,0.6376482848321627,173062231.80313703,170225470.81023806,0.345951493302051,0.3882178903842451,3.511430285455072,2.783393034315077,59538711.98881196
227,13253810.04770637,0.09028975294557223,1.1111456454439654,187423963.8323071,183315292.33603522,0.3412445424844372,0.4257166627251267,3.508905267536158,3.678479076246142,61354753.653956935
228,11743557.956169777,0.09475467482049803,1.4160786446782039,55337744.23688832,55069982.734156184,0.2739365143407814,0.5998571733844504,3.199329931978196,2.342058165132192,49908037.09622733
229,13330584.158536857,0.0978732776649953,1.2019083229570096,77744173.15657529,77422465.7604486,0.31782766380665783,0.43809467337979974,3.7159820326248023,1.2534593089022723,49026802.789768934
230,11012679.479364367,0.10469269424601459,1.4915398047416044,110097585.51533474,109558793.7158964,0.31469379034561595,0.5061310833339173,2.629338391731398,5.402928265227563,65017929.90427905
231,11931515.167767063,0.10078720332881534,1.1929911499920491,137351367.10172686,136911466.09687147,0.3294166690668004,0.5334759400624032,3.1810159128219953,4.424381020877528,63626835.83447343
232,12775390.703617385,0.0954718799745323,1.2771073332470153,161502452.23473486,159894751.15622813,0.3319929205135631,0.47058576322722706,3.4438106136250752,3.9622935936617307,61742867.26595816
233,12833012.204097528,0.10756237952126785,1.2004432101021514,199738153.0953883,199444847.5333929,0.3719478542311608,0.43482250502648967,3.404995020915093,4.422065771443057,63627780.64937958
234,10871814.733617797,0.11622374987354427,0.25818014848056725,51337774.5357922,51058872.68584193,0.2627784165237563,0.5272823712450242,2.700036722973146,2.2569665644367145,51998948.706778824
235,11135888.512453198,0.11821781697576081,0.21240760199534311,90266800.39793012,89580600.063147,0.31752773773895493,0.5554684425936919,2.7781457595575856,3.364353774730248,61180131.600082174
236,12416175.153300054,0.15599670958934184,0.20602470138061585,113564639.11612576,112481149.00660515,0.3276238182466182,0.45689661163964146,3.307152113177766,2.2081290530807816,58411564.492423296
237,11731203.415047849,0.12461557268363067,0.040864145932431,132774628.13943976,131778167.64062971,0.2937029529200286,0.5457998227026275,3.0343687399904606,3.5024000777686144,64002822.78764991
238,11787765.645934995,0.15789154428994076,0.33130570921945196,172805778.02141118,171731069.33496207,0.3375981573854916,0.4937350257325206,3.0565845601731603,4.3375471102244365,66348180.78252468
239,13019848.73268127,0.11198201699430957,0.2248852969305922,189102365.4207491,186237267.15652227,0.3365476365544303,0.4215010379843732,3.3865696469718887,3.0299780513064545,61943012.99459249
240,13423809.283541735,0.11938727132660612,0.5797693471624887,61521796.88880015,61448722.490115926,0.25014968399452625,0.4236764646547965,3.6921353125764886,6.271106791341946,44514944.771924436
241,11588585.227517137,0.1354144399712971,0.6955075995203808,69922384.66788505,69854669.34839764,0.31837267481135245,0.5574588583992346,3.0705471060874574,2.493483017820453,54839777.245524116
242,13430259.411707176,0.13775241828625834,1.121353658270661,121516043.92523277,121456812.50294217,0.3385328761003721,0.37738397639539395,3.53456106555463,2.4386305469820146,55316043.15112482
243,11884123.409964034,0.12387379190021224,0.939809346532805,140271459.4937565,139074487.15566462,0.3323848808959113,0.526523156000701,3.147900369402118,4.273867952247494,63906852.31822583
244,11736535.70908547,0.1399603426778653,0.5217317671581575,169638809.20620245,168503855.80541268,0.34734246545738906,0.502207892463057,3.054586132440132,4.520521714368636,66511812.972001255
245,11049192.501246225,0.11683770473845179,1.1464321812074503,186661937.8334636,185232080.58487186,0.2641576547571537,0.489420950063943,2.560642318915915,0.48834871655226775,71341917.08754492
246,12061459.763730954,0.15406728577412573,1.5123188226660098,51936252.45651933,51808977.892089866,0.22551564966945412,0.5434467011806162,3.3354512797837272,1.8260188318670232,46683061.6537137
247,11848041.120746095,0.14513044556403923,1.2588078328969532,71257757.59391828,70759750.02427256,0.3057430035997179,0.5454207534033393,3.1766990775448,2.776300300247593,53982865.76588377
248,11404325.671950044,0.1193185307048135,1.321249082767562,124929959.44280204,124806016.9790745,0.3305306261511119,0.5171587172180143,2.8766697888321855,5.041150398865786,65083497.4569992
249,11177877.735361839,0.12367324810914636,1.4143117465891095,151566360.7020598,150882069.56797245,0.26479554358419427,0.5052419201206831,2.6618994435014542,6.15849411743097,68297823.20375147
250,11940149.317278756,0.12621292589542368,1.1936148008108627,166732696.2929973,166004170.38570714,0.32828297490949443,0.48842246420362995,3.1033418112180784,4.966424771709211,65877512.23537084
251,10934777.292317668,0.1281276820068449,1.3330439125238198,189584739.53451604,187809913.88068134,0.2884048570958107,0.4698599295764174,2.498161676251259,0.7462197102520867,71597963.2008307
252,11959330.178531583,0.17259036017605478,0.3257838962505491,53509573.429760695,53359311.589081265,0.22490358108828684,0.5365732673405632,3.273127949871287,0.9362515625416851,47535842.983259514
253,12787611.957272124,0.1991194693950928,0.2842837061117361,67912342.33073576,67848973.81398551,0.28735189257647187,0.44271584483896703,3.463431577294551,0.6195822888759438,48531534.37255077
254,10970546.735900281,0.16319318388725448,0.08065370639447118,123863515.4046283,123059143.54503348,0.33833734131463955,0.46830123254458705,2.6920117141144457,4.252449064823871,66321276.93821527
255,12898545.366146073,0.20404374376584902,0.34414441465865,144577389.159672,144181156.55346772,0.3395883610897691,0.3883640514620472,3.2939128919560305,2.6723076422681586,59394156.72234218
256,11433998.105859634,0.17170675485209028,0.12779401780567987,156657844.4827897,154524205.69959256,0.3424202165704071,0.48413779107560956,2.8865662332891246,4.44004071189758,67236246.96256468
257,11866340.970345637,0.17802007764819056,0.1651600972856032,187217354.79629278,184419435.0003583,0.3552891681428435,0.4763514191208234,3.0715546022166063,4.275937587270107,66768347.26957648
258,13215824.21545364,0.19331314322744683,0.5579142018180354,59283715.97278647,59198558.207316,0.23403170122905848,0.4089082306167756,3.5481260975466173,0.17134652675039033,44604071.95381975
259,11886944.58595011,0.19685016741050407,0.7806016376843259,88782980.63970342,88094213.73726039,0.3299584628319282,0.4997656103498988,3.133600084664614,2.9191559159965044,57343562.02709088
260,12014955.660729675,0.17652912460757975,0.7984064576410788,123422856.94973859,121956262.19408223,0.3259740846105289,0.503524930725082,3.163358252113535,3.6760592109591945,61699830.09572953
261,11654223.010172972,0.16971930213615777,0.8741362727868368,127311604.87431678,126445640.24464451,0.33677673996951785,0.5043686576475215,3.038189909767796,4.239014976024859,63728740.66860483
262,11859998.035545914,0.1595841866002479,0.6880681566588863,162512132.63979486,162329330.93880343,0.33451906376475415,0.48196714230289783,3.077934701015923,4.524440410438112,65948042.099884555
263,12777203.052541545,0.18553415103968984,0.47895649903049753,189609757.49679315,189310793.35223767,0.351667987278893,0.4259029814572657,3.2663322085713307,3.7252109046773687,63100725.48771043
264,12861428.911648922,0.2040613108679878,1.3297905809590973,61255030.98237782,61094950.90529653,0.2545671995065803,0.4361998532446325,3.495450305298187,1.332000556953511,46558708.13538681
265,12162162.376574537,0.16388718395609994,1.481627341414275,82115026.3366024,81468954.69131055,0.3227757701414658,0.5137564262490922,3.262948872600977,3.080549819415409,54931250.954187915
266,13185607.706989193,0.17167233371828663,1.2119666097026405,99712292.5833837,99482127.47874016,0.3310728909295802,0.39110736432619464,3.4959237289383,2.2378136866532246,53670032.65955593
267,10934473.589736687,0.1851708958024274,1.4181358676991753,149581438.95738366,148175279.4039336,0.2885668238559444,0.44061415039918245,2.5548394868576656,0.019659044976584116,68847067.21794072
268,12877201.70331201,0.1873466371327035,1.469512642577285,165122655.2877221,164919127.94060397,0.34600413521979234,0.400621714812477,3.3545173567823974,4.168082714137894,61373166.21606125
269,12967253.257736865,0.18250276802070434,1.2195482593494096,186136801.69626004,183722267.03395125,0.37679584399959526,0.4003077847022523,3.3706231251343373,4.068070474116018,62092674.11931369
270,12309184.201544132,0.23568080257585275,0.23437843800125388,50895788.30749674,50852184.47930249,0.1795121459888845,0.4621205861016908,3.3399418998633155,0.3249540095796183,45145247.3877979
271,12917012.550296944,0.23625017721092295,0.28492841990210555,77069417.90407583,76829449.48824756,0.31209755881142515,0.4045876731825731,3.432341840991744,0.9323287545185635,50351102.015533626
272,12813250.51593823,0.2267882047072363,0.08385926627416966,119518494.54194291,117525086.5428382,0.3558893986910635,0.37925372589213524,3.328022583712691,1.9204671686313697,57301910.63438812
273,12238374.706679948,0.25211956192063334,0.20431990807795833,133799541.38452922,131146150.89918594,0.3186901089864068,0.4179767118968733,3.1403095855488483,2.951819037522252,61191389.19568963
274,12684997.174847847,0.21734531721558187,0.20433027781576754,164671191.55663306,163434420.2591559,0.35177397201905924,0.40704016638546336,3.20938051283739,3.1180558987165488,61907747.07395331
275,13194695.885622047,0.24219229763786482,0.29787766065459226,197367480.73596337,192296428.44826344,0.3724859735939007,0.35904602787829015,3.202156438651933,3.237145400072377,61964381.37507496
276,11511414.906236706,0.21792031946087984,0.8079332970794999,56576503.62941532,56268389.098638244,0.2633480065357795,0.5034683685887528,3.0761344481072657,2.1759685411171956,51059534.574352875
277,13118243.631063316,0.24997719417466358,0.9370613026822674,83931985.36922336,83842530.03109966,0.3253412945925114,0.36712989631411774,3.436950263091937,1.628308826342412,51008223.32578523
278,10955400.285314213,0.22327117629819582,0.8947527278337665,124243876.3970882,123840557.94365826,0.34396621742604944,0.40725929574452824,2.669652253308648,5.058251313905098,66474915.57965948
279,10988833.998330059,0.23625446907442266,0.888267633084816,130913933.56328131,129297403.00833029,0.3520559982643874,0.4019095629038997,2.675466089107086,5.149104238968935,67048618.98363373
280,11447151.242081048,0.22328701472573065,1.1422361527619938,179783743.44070524,178431316.47990328,0.2959461907783165,0.4344265310244621,2.798666042763952,5.763338663450022,68748247.82754469
281,12132981.543673465,0.20649342101605297,0.7881512985340555,196698937.31283456,196030919.12895155,0.35914514974489986,0.41710635071271807,3.102087971095158,4.7529581765241815,66558778.83001004
282,12873674.352296239,0.23943853482191335,1.4273774715940521,61968622.37296292,61905425.97679563,0.255947007861316,0.40972029966561696,3.456199265452552,1.493568904737308,46661927.83047787
283,10987289.27549583,0.23867944146618175,1.41121905915185,70437804.64851128,69931081.83158937,0.3505499463749616,0.4593055523785971,2.8303981564738194,4.067807334552451,57356226.52166273
284,10910172.408593208,0.2209994783985334,1.41381990123284,112074730.57929099,111733307.42422365,0.3467467175613922,0.41283066908403887,2.6257532550610834,5.499242217820286,65364305.14714976
285,12185756.201268906,0.20792580069143018,1.373436621324676,148495218.41197532,148142633.0037238,0.3575446241294665,0.43557006529590026,3.188561927407,4.508569487419205,63014634.30400519
286,12560521.11914387,0.2068112434015117,1.2545944840819725,183589293.65930712,183337668.6698615,0.3567481150123861,0.3961998868457507,3.2406709155041247,4.568203330168161,63910040.194324255
287,13086805.038621318,0.24643953432198973,1.1844527101236744,189469808.75272277,188118982.251824,0.3834271799800088,0.3594270630746413,3.2811326921113344,4.049972167263585,61615103.50635508
288,12977829.31933651,0.25432357717198123,0.07793049205775783,56353368.14490907,56055091.93168356,0.22049272474926032,0.39007115695621153,3.437006395617264,6.0642217822905,44308437.59565082
289,11952220.293403216,0.2974204910275739,0.280500927598361,89947792.77707341,89899787.77472638,0.35001753859503987,0.40716971332763785,3.1309978694439806,2.3951543343276196,57047764.43053385
290,11857835.70818922,0.2981046645026063,0.2917271019328441,102756344.07642874,102668083.89076857,0.352335054456445,0.4149064267491563,3.075916909175962,2.8329841573254173,59294389.677537896
291,11047226.592274627,0.25351174331376974,0.24444842778986908,140262339.47437117,138262036.27923685,0.3493452036127933,0.4041040711896209,2.754875836570693,4.643517238988743,67658613.94668595
292,11846705.987332413,0.2985838830567525,0.13568089964943947,161048537.5130761,159090997.38572642,0.344237606543875,0.40867587002705935,3.0343035415843995,3.889453764652714,65127896.4690648
293,12677266.463387908,0.2755732303857093,0.3470668837391636,187441938.39305913,184870531.11484078,0.36160072311364394,0.3806395453882225,3.1521000338160152,3.664545130560556,63087374.55267517
294,10957968.830680437,0.2946120857624377,0.9190500260442894,61822263.587171435,61614346.69462419,0.2995822862008651,0.4243485510023409,2.8711824871292184,3.3733766103771874,55375059.55512403
295,11024057.267723348,0.28911871732932043,1.04524564165243,83213097.97694519,82219173.31460862,0.3772393819888159,0.4286882731034401,2.8858950715591067,4.030649064288099,59965603.10907935
296,13055795.89799536,0.2744531325152839,0.8904876856469832,121842368.16213875,121718874.97577465,0.35149138192835455,0.3479406289502293,3.263139517852613,2.719998012867076,56619620.48158048
297,10902372.513558647,0.25975109601671126,0.8389923257012728,135817900.07869503,134961131.85288882,0.3453612052878901,0.3801715580105371,2.6379141437300433,5.385767854794371,67800843.4899719
298,13167418.976003857,0.29450363651814576,0.9659711456564604,171946102.1945685,171537693.75209242,0.36662613380934617,0.33356428095636503,3.193276853210883,3.753235731562028,60389479.85778651
299,11498830.458202522,0.2790383888743846,0.5625923817696106,189162645.81286842,186455391.61594746,0.3396131848143814,0.38574505522129543,2.8628592159460036,5.118061007519043,68840861.70840958
300,12850687.059088148,0.25353390665514086,1.1800498802664148,61370045.82031821,61039230.37475579,0.24893083265348584,0.40647177486112057,3.4324211937509874,1.265058508508123,46564806.29176252
301,12035568.666140687,0.2556381645225871,1.4278265463910524,91052491.75883663,90538721.89964907,0.3440540407019397,0.45326088289545663,3.1843444511244106,3.417591469682531,56771795.60324247
302,12442709.929136325,0.26770361789761793,1.448328371808498,104209916.18639252,103275102.11283311,0.35193429339116583,0.4129128316118976,3.2437454368859706,3.3649544891000285,56902443.2943818
303,13289884.324178044,0.2873845980038697,1.2939798060158239,140524333.40786922,138312297.09538975,0.37380458684041046,0.33906145813395416,3.2474737142310883,3.3668665365034003,57467496.39162893
304,11955970.32670377,0.26283844767406306,1.4685882809744977,161151305.128445,160352356.68355852,0.3610408982869627,0.3912880779531582,3.0716503317595554,4.967353978085738,64505395.37176889
305,12249603.120391719,0.2690407163601746,1.447562946046527,185317712.4195221,182308085.03428718,0.3914143080876615,0.3691300017577285,3.074423852296099,5.085109864273602,65136722.93070032
306,12876248.91530871,0.3189231774849005,0.062296314869418765,60857278.35984218,60502868.1805821,0.2444300568805573,0.3595591601118267,3.3200587569699422,0.16715289906113598,46099106.424365684
307,13130249.19064278,0.3186849025084681,0.00908424577325369,90391501.82875037,89697546.38418907,0.3479011427703874,0.33603810586769883,3.3048801354455604,1.028073199655342,51984053.4494715
308,12586760.274273401,0.3096330597313445,0.027243915925114257,95503554.53378907,95045524.75887221,0.35341370757144197,0.35956152004815856,3.271509374146968,1.581905575064788,54920187.37862544
309,12065655.98169052,0.30539002225962614,0.015565539441193831,148057774.38798746,147665983.84631512,0.31997571079316084,0.39052016089237995,3.0607435195700403,3.3089812098301143,63191308.46708345
310,12346864.098378701,0.3134890631629435,0.3427120630950574,165579437.64448705,164027029.14554933,0.3311913332845007,0.36825282412298893,3.0960416718509505,3.64564627971464,63132265.5942871
311,12522103.756513393,0.32195308430981195,0.20109071369272621,192505301.61700338,189292352.9483555,0.37274732431337476,0.35908011814533974,3.082773752563968,3.757308384339915,64385901.095911354
312,11290034.678867573,0.3030767338731907,0.8594428001274472,61432629.12735101,61136415.691357516,0.2843643770038579,0.4327814012219933,3.0148771795988485,2.756900008891184,53530656.37992713
313,11043249.748614993,0.3159813623778848,1.0887602532680885,68841239.19233464,68431373.15489991,0.33515017206156084,0.4245168834955848,2.931598171452846,3.599656178175006,56839360.58117908
314,11727880.928924074,0.32149527685739476,0.8577986415824403,121859518.82148905,121663303.47451991,0.3787702809877934,0.4042486688415794,3.0878184945371427,3.9483541617357405,62149583.488327816
315,13129853.352556167,0.3000767828238756,1.0843939569521788,148867068.29242712,146898814.08064467,0.3468383080667479,0.336808047274964,3.2094022332640115,3.3890090491954035,58820290.95505427
316,13401262.93039198,0.30231125593792146,0.774560428200677,181003764.6307597,178971218.0697147,0.3996832508923961,0.3295048223011359,3.15352407738878,3.586932458145688,60033351.397756904
317,13352113.613551356,0.30809660556689805,1.1699686567408554,185153967.69299594,182101109.2387411,0.3578232285283856,0.3162042002589512,3.156059261947259,3.881271206266945,60473120.99094015
318,11941439.302263152,0.31319797887076284,1.5115558752504774,61995452.08377379,61779657.581472665,0.2757693771903496,0.41094123384805126,3.2151123015744454,2.6188129690347477,50445744.43922217
319,11027120.4148174,0.31038679111866535,1.5596422292310543,78556497.79149526,78050714.86240774,0.35998060134877524,0.415795637906119,2.942435834639988,4.304160971806256,58896316.021982774
320,11234262.40363718,0.31374320772202086,1.3166654072288067,98925639.7519885,98772017.57557684,0.3793306745552431,0.4065876723116065,2.9795041762713854,4.385276556561205,61745047.71108325
321,10840824.975694614,0.3160712546825425,1.3459778390508534,131366701.36308013,129140293.18884331,0.35831932868923017,0.3717780374058249,2.7095765686140463,5.7373204825055755,67571753.17006761
322,13105931.669612598,0.3059470136268247,1.3075568721689486,155559148.71310523,154971581.7533813,0.3765402920691787,0.33688245960317104,3.2177670328352073,3.753034831620076,59559944.576314464
323,11835546.079654137,0.3113741717636146,1.3544174512775335,190196685.88440496,188069680.0430458,0.344772427448113,0.36170918311847305,2.953816771153056,5.470368233907675,66927722.333380446
324,15917766.78827729,0.09291711891634938,0.33239290897780543,62100874.36189845,61953783.203341424,0.19094211687083767,0.24102706226018128,3.971054091972517,4.269545186669038,37219326.63769614
325,14425052.074723935,0.10816712774846166,0.18691932174502612,77225523.71913873,77169851.73340744,0.28527112832500956,0.32158227883854457,3.8174228725546087,5.744531636594827,44949712.87611429
326,15409436.468765374,0.08817367124242252,0.21224532638050364,95506548.67538036,94642694.06563719,0.31495769640629373,0.2535549330999738,3.900564798157962,5.694062591715744,45675069.393178135
327,15264706.421107164,0.09032698006242634,0.2188180174827559,128204870.20276164,128115573.6810371,0.3540792830297496,0.26441887135443554,3.8244634870831002,0.33131090954528336,50141486.09375502
328,15079102.06118008,0.09768180088188502,0.08949906355825062,177279729.9482048,173162873.22016466,0.41173670727068007,0.2670755923797874,3.7791016655820338,0.9594080134581887,54274379.31814976
329,13483659.722866908,0.09244201453893697,0.27063413598297936,190425042.34638047,186986390.85282254,0.3155568236431908,0.3674187722753314,3.51267934786764,2.557531036808964,60149227.299832806
330,14385177.110876858,0.09877224844059222,0.7040185585950023,63318600.15290568,63221906.32504679,0.24438464069020893,0.3362178559810383,3.8701694156883746,5.63098001877699,41750937.13781953
331,15979971.088812115,0.10662639445011989,0.8593349162277277,87397765.17380984,87272301.94860475,0.28627531964008496,0.22235569375937322,3.8657739400550715,5.930941744187518,42898003.80453439
332,14105725.419559263,0.09055845113900991,0.5833287479922405,117283113.53405759,116004941.73788555,0.3619718475820769,0.3470872669128653,3.7792654510873906,1.1061006632104782,52374753.70016224
333,15473223.074606283,0.10363636768565629,0.6344600078927563,125967763.70494308,124308992.8788361,0.3784987855079374,0.2544598998545364,3.8281532288420337,0.5382012190700723,49231901.9263314
334,13458813.384488408,0.09079349941464968,0.8790760816409762,182554764.43763143,181950599.4467395,0.3510372282574729,0.408850521767618,3.506697173240626,3.306818094469736,60321363.74672883
335,16020031.968982484,0.09593453248305915,0.9214042408138728,191521959.53560296,188089720.2188717,0.34314930382108616,0.20377073507764093,3.679327187080531,1.6053667282133801,52623759.91522615
336,15164326.440579541,0.08762973408658294,1.3979779283584808,61732809.81216488,61464061.54582679,0.2127656956838945,0.2805857535927402,3.961022302608191,5.638420037432192,39030911.01930471
337,14341785.664954294,0.09210568857860195,1.3748448381423077,86901745.91762573,86688743.16224225,0.32679784326756256,0.34106746602602217,3.8517411544959197,0.9854821476313941,47288478.08403116
338,14693533.62971206,0.09365595637063151,1.5127599621523842,118742025.00188926,118097899.29453251,0.3499902691687796,0.28995115412760714,3.819695470778043,1.6813398467783918,50759149.368825026
339,14409542.350457683,0.09730760931351426,1.5325786538549169,139894175.43877834,138137123.4019659,0.35313581653239834,0.30359213150570546,3.7137222813245097,2.3266133652676877,53741047.24403156
340,14930687.51883501,0.09993498971037915,1.3599973696017513,162685016.85394168,162628749.22151908,0.37022135435926473,0.2601311341355535,3.711593049518125,2.2250691344715015,53845737.2701359
341,14409234.954237852,0.10258440965469474,1.1792690661718488,192414496.79651064,191080353.22290114,0.38501738178060346,0.30520809686803635,3.5896458530095146,2.883598815406997,57329244.10230042
342,15642317.386471186,0.15703658741951765,0.19318626119486845,62704336.014630646,62450580.75036503,0.19435654048979195,0.24949700186829143,3.7637030566345553,4.4624337184281115,38069097.66981889
343,14449174.89036713,0.1158095183823787,0.04748149198991377,78657848.52675012,78591574.535053,0.28573768584255,0.3156168271783169,3.8012613861950433,5.629198110918576,45206820.06314399
344,15751524.816765625,0.15205675173278083,0.1883556665332397,99872272.09845424,99463979.73158501,0.31989217460748826,0.2285594917797497,3.6838824520163316,5.851757584472578,45396082.334378585
345,13446821.393211622,0.14061566257603633,0.019864552405398313,126873556.8743527,126159980.14141718,0.3624829551487418,0.3753879918730927,3.5881975672824273,1.3107847719326338,55545177.58637157
346,14186273.254074248,0.11957422149150598,0.15222542214304796,159776443.68629757,159509010.25432858,0.37765141907908073,0.3099255067881439,3.6597382100397677,1.4322339317246278,55839305.49697484
347,14747342.85560673,0.14084608247016878,0.3322011087528913,193811871.1957015,189800975.8347668,0.40191794851864665,0.2573722226721176,3.5383860862604735,1.847652379263054,56254680.79254055
348,14772182.244716493,0.15545356921977901,1.0928066644058214,57234353.01267239,56846188.26684341,0.18512747679018127,0.2947985216112198,3.7752690657025703,5.44164849780357,38695250.91361749
349,15722127.391007531,0.12150562754936876,1.0574179854503454,70898538.18568765,70308449.95763844,0.23801930426338536,0.23818211136340112,3.856245215752339,5.638786093842945,40007359.0881758
350,14060711.930961117,0.13732769055006375,0.5397767352054248,105375431.28072292,104595497.46467099,0.34727080804195587,0.3437473178259488,3.7053118792974296,0.9004697839454149,51106954.95763335
351,14687660.639096854,0.13083420464213932,0.7564661611438396,148181603.65620494,147065692.68383473,0.37538466849657065,0.27497640509256527,3.69633184676495,1.5518279929091277,53548224.37780362
352,14946725.762035541,0.13209988706435993,0.768282594797528,163241969.88792554,162223064.07326517,0.38174836462953476,0.2542806188449174,3.6635376832789586,1.678337647509937,54140122.42289016
353,13550633.334119072,0.15030925054447186,0.5073078901252431,188569376.02913088,184762301.13509384,0.29666013084819026,0.35209101248058056,3.40766214213052,2.970078769745649,60060990.73297117
354,14582273.488882383,0.14719975765307738,1.1857045472696959,64043255.58947757,63947992.612193994,0.23032380444553543,0.30848831310587027,3.758809909848038,6.12700226834967,41424738.99130824
355,14952734.388984844,0.13871500156196434,1.4640785855482186,66529923.10561726,66276350.84611683,0.22370302241253828,0.28427051642206047,3.7875160545716717,6.278024142275715,40924998.953578636
356,15323468.063335722,0.15118481760399471,1.5284660051798376,114477610.62748021,113831732.49260351,0.34375786117406365,0.2446513155071092,3.7039666298331912,1.4113547509214475,48460466.19015001
357,15342015.541538041,0.1397079204855295,1.4339046262703636,134978132.92858985,134830246.0527993,0.3668861898950205,0.23625216407770522,3.67613082435874,1.7480763003692235,50399328.09827018
358,14162156.627583526,0.12341072599611022,1.4452277534843052,179510277.45223764,176900109.29740956,0.4044551377930825,0.34463169880974076,3.5349259335734424,3.3293310849880595,57608821.42324883
359,15860837.557683177,0.1485615342925466,1.4878710179624182,186938931.53530678,185008497.58091226,0.3706251394383083,0.22861454342877122,3.4141906985364496,2.6420109996307732,52757735.52782428
360,13670892.705081878,0.19350000146319807,0.37024314262483665,53600848.68294072,53552256.32319384,0.18862607673885573,0.3684009056546083,3.634819762872837,5.415950536916563,40969714.42628468
361,15166930.553215027,0.1667778324713007,0.08989644131881105,69423378.04605648,68658470.52890396,0.24829363213169334,0.26660884883876834,3.733302147448487,4.991515690855525,41130268.17116203
362,14347896.031993993,0.19638502954813158,0.15060955750041602,115722791.36536184,115366840.87300983,0.3713397493778477,0.30612218704605487,3.567935823740987,0.7300847779969858,51436153.569401145
363,15568254.092271943,0.16837628067010613,0.14352662909537456,150532883.24708492,147708289.63913092,0.38133080000426556,0.2386513627002757,3.5845818353961714,0.6333559027333925,51222380.443155214
364,16052448.66633269,0.16724050779351754,0.315499059810644,177775932.68586916,177671381.36206394,0.4045916843243305,0.2079768487557384,3.5501325366043974,1.030091423186297,51599328.593553394
365,15060227.706957404,0.16646268524035818,0.08895302768130037,196550575.26265413,194448386.48197004,0.4099865803611932,0.23906743003459593,3.54615812308072,1.4405340370264454,55887563.11488117
366,15302398.891870648,0.17576774382758673,0.4464272245497687,62695501.276485816,62338228.42637092,0.2140618693647399,0.26234530663613276,3.7153635124333126,4.972035435344262,38966327.92211971
367,14407688.152901871,0.19336059836856512,1.0221715546101322,71285001.88313709,70991473.81941761,0.263630676446469,0.3098071962553966,3.6224296032170047,0.2604683648917523,43776954.723778024
368,14439802.722022485,0.19238618452663572,0.4748804087070678,98258755.1965241,97847809.68050967,0.3457355607777694,0.30572912698453664,3.5961629197541747,0.5738071726493293,48847539.57466113
369,14146862.08724974,0.1795833192348135,0.6981426346679205,153193448.21759844,151830590.14715445,0.3656488135341025,0.2934145911393035,3.493809559959292,2.0977500667392563,55707674.455120765
370,14507187.733514175,0.18274667262236155,0.9231158856108316,174492357.99200225,174284547.01411262,0.35011595414606067,0.2741133393213629,3.4363269277715123,2.5096228491550905,55842325.04846802
371,14506499.11421566,0.18852366959978717,1.0440061002660506,196824307.52546325,194310317.26160544,0.4019841771444832,0.2849628335935707,3.367448772220728,2.9614772736436104,57263672.45935404
372,15515557.730792373,0.16908860201900117,1.4393280575740899,62488800.24280991,62166359.038054064,0.1903912087528862,0.24777571827371428,3.7122700504140136,5.782977177008984,38257252.4282655
373,15190030.566896802,0.19743681003990418,1.5413313021987514,77737590.42313492,77068754.65246825,0.2675171340513695,0.2636449960782397,3.597236132860191,0.6394579494466811,42930041.76315208
374,14638834.266114542,0.1825239688555374,1.2357972296519792,99244102.58960637,99025618.93694676,0.3308319697708339,0.28636667483780337,3.639306204182762,1.2012107871940068,48408789.10575144
375,15042629.279208105,0.18014033041839259,1.421240315084276,137667607.25073087,137521096.33821976,0.3732200945463231,0.24475958346786197,3.553876762034841,1.9989593657422495,51599502.14392081
376,15862178.495446943,0.19632010134408603,1.5512785422898003,170350192.03330356,169738732.60721865,0.3965037744258654,0.2113118305069009,3.3701415547032725,2.3957829723358626,51865804.67967214
377,15350458.805340009,0.20423358394956115,1.2975037322351355,199627879.6554857,195641645.20555353,0.3907107030102936,0.2257360394298097,3.330727258712706,2.697641005870942,54426060.219355054
378,13611263.403681895,0.2355609965790745,0.3204009798044772,50000105.38590912,49877718.58332233,0.15476910884032036,0.35983445416249504,3.5535020000122435,5.2453693959106715,39750927.29287626
379,14624302.83623534,0.22929041496251684,0.2822368251006577,82150508.86429651,81749181.18143417,0.29388002454693507,0.2851484117054832,3.50312251543272,6.214102492466467,45586697.992107876
380,13952112.783227446,0.20692970416450274,0.33622698304101717,114432785.51691158,113013467.08273755,0.3576135095443893,0.3207717552051011,3.5309491359521497,1.1558107433071698,52528515.31437887
381,15319053.168536758,0.2060673808203543,0.3530055461482023,147786277.2168752,147367381.84194756,0.392665812764203,0.24319898268330442,3.503827674935609,1.038215813762505,51526263.2235197
382,14431554.532650981,0.22883537029980688,0.25072375558050264,158201474.37987426,157045395.67950562,0.362557903851475,0.26882584456922504,3.3748676191628917,1.7073064678680978,55269622.47282657
383,14899159.393746603,0.24683888788405128,0.0905134241555192,192022679.5233746,190969106.89773703,0.40833754763482166,0.2381720381418607,3.3068686926730617,1.7053208456239886,55858390.182482705
384,15041166.487122508,0.24191545985695642,0.6741938028403371,55641013.660182744,55525022.28488697,0.16329058444049657,0.2749571621419428,3.52900670506434,5.084733075869303,37478171.45399453
385,13442511.690373365,0.21949206827847473,0.7984314595774642,71826608.88477395,71771468.45092301,0.2916267295509318,0.374880676291247,3.526597524064611,0.8352976072918924,47261934.659644395
386,15679241.897280876,0.22483640359420154,1.092038982697671,105171223.87205417,105053753.3096807,0.3390775794169771,0.23958715902664274,3.4657211296962034,0.839685166885034,46242363.61388062
387,15336729.366044294,0.24191363989901646,0.4230778693812992,136275532.29251924,136049317.0185369,0.3685209659171746,0.2437990829167982,3.3899539076332963,1.0527948268019318,50818359.51730948
388,13882193.435162527,0.2323966729079679,1.0436750356676507,172527954.91331273,169283322.7726,0.35414929042244436,0.3102176601841671,3.2993517019784395,3.097389458656069,57893043.96242608
389,13473775.384489903,0.24527954478923175,0.5466888929245517,192636459.75344712,191558094.91735503,0.3397721977230547,0.32575109786489653,3.2277156393883564,3.2339132279783205,60450367.888038054
390,13573019.718724005,0.2202742543753528,1.5284605345395117,50858656.68898308,50683373.76100245,0.14629501189877298,0.36599885826387957,3.5540111262195726,0.2469673927522625,40040660.744090945
391,14077020.424050184,0.21698284717545868,1.289719872640698,88861894.89432012,88500057.49188045,0.31739042593080596,0.3143935238205552,3.5577647376096646,1.3793425589240451,48447344.39753434
392,13711543.370374056,0.2081115960335464,1.3973464649615452,117529062.63608783,116741938.50911397,0.34132820966512034,0.3289467341708448,3.454016700192787,2.498887040393652,53929307.68555561
393,15532456.132353563,0.23800659276911373,1.4481099794390215,153667273.34242105,151009489.56431335,0.3732672924916913,0.2267023956694377,3.2976836164937495,2.273902938863765,51564614.03923032
394,15713835.503385395,0.2253208102121275,1.5345758894303438,180659782.25355524,177863502.77462757,0.3778704008299282,0.21825643932851443,3.2489822310451935,2.653026088628783,52951061.87395975
395,14756834.948081184,0.24834037570028564,1.386408950702784,187340676.64679366,184063166.64297333,0.3843252463712638,0.2755052784824919,3.2258355312408638,3.2400932489554926,55900229.73586495
396,13908927.381081022,0.2621805432096307,0.14395987281464728,51660619.85702556,51626628.29324699,0.16394002708274363,0.3314423582607947,3.500093289978567,5.062231145964615,39450886.99789825
397,13722799.476238914,0.28882684873924463,0.20378194296413243,81499599.1168012,81372020.71107371,0.31040779498778287,0.32361785285264594,3.3708748749843496,0.5016120664125969,48363427.61646209
398,13716675.480943711,0.2949113126213408,0.1656783737759004,112219230.21366493,111961879.87684374,0.35294439008590006,0.30327114372474545,3.332520241455901,1.2875857390998768,53212373.31384468
399,13559426.697754845,0.29540394092578776,0.31633295500819286,131976832.10534532,130470081.96572913,0.3538746649289673,0.2979018024492736,3.264044263872324,1.9688111581351413,55983192.388282806
400,14308096.358581744,0.28926047753752343,0.15746014669641684,159042445.14441508,157672650.09634614,0.37854435301143424,0.2615006127020768,3.237577246272604,1.786658326233185,55531770.00954859
401,15986837.433187626,0.26779865474508413,0.1770510208792018,190064015.3031684,188952611.7126725,0.38244748672186735,0.21814823378413908,3.0245195842246813,1.675194363569099,52930030.08458091
402,13475119.688827973,0.2907527666706241,1.0092751635715815,50696275.23010249,50434735.33359387,0.14076392550738948,0.34189955816731477,3.417747630757204,6.15791133539404,40428475.391207665
403,14010242.521334607,0.298993424075069,0.5619986996093806,75714578.5722136,75631284.71097656,0.2920987250631556,0.30968900494753365,3.3548181523925393,0.5061175979627088,46156877.059800625
404,14229889.63509123,0.2974515594775455,0.6988135228353084,124026463.69528706,123501813.64846809,0.3571357770056566,0.272569095989826,3.271332963424506,1.8162469227876192,52861341.82127668
405,14397779.908080818,0.2719466189563339,0.8238687380011822,136283714.22877827,135218895.04136795,0.36491490383486636,0.2647368033581167,3.306771440245211,1.9871853108493058,53447846.88781275
406,15694927.344189415,0.28886459635524286,1.172442616640006,179486920.7545186,177701965.16396743,0.4099978729648719,0.233863262872135,3.026050581772513,2.5782846167114952,53019104.62519036
407,15298119.430639828,0.26606030494076527,0.9793077748892014,194091172.2235067,193006476.6746792,0.41768180922292486,0.24015313912429723,3.1200333071670165,2.6817428254956557,54821336.27334094
408,14207033.527997423,0.25726479127434976,1.5233674890853526,55153714.11829837,54836258.81692894,0.17162533329456658,0.3095887683273978,3.481467579935482,0.1463457509220694,39570975.171840765
409,15373958.016813556,0.2912231772001493,1.2535756360860024,70532167.24563128,70083323.00308928,0.22520956400912723,0.26148867870817294,3.2986101204450367,0.24036645953723054,40748869.987713724
410,14516574.185744625,0.2765247626977929,1.2930528952644524,98690643.06860387,97459545.91690522,0.33075740286228517,0.2746920508814976,3.384503129050095,1.543998981616989,48570196.30674663
411,15979328.264257656,0.25637886454808373,1.4131641185622983,145532464.54369223,144140241.5877842,0.3862130969375778,0.2158460382790048,3.254353331899127,1.95678106827721,49502796.28073473
412,14889682.963409089,0.28570669752209793,1.400271296133025,164621589.70285088,162223714.90726042,0.3722931631000962,0.2578402032631419,3.1538699423346706,2.8855933164311827,54241470.27318144
413,14562696.894978147,0.28955871978564085,1.2990298847197757,186076758.7128816,185318920.7992704,0.35153517445178945,0.26744340645024123,3.1445735407615016,3.3005127564516434,56580952.278169334
414,14541124.642656729,0.32062706224865994,0.14342343767428856,62619345.36715244,62234113.52170335,0.22254782909021226,0.2854266763855948,3.2999983262753316,5.506856124149702,41118042.60427557
415,13932367.146047048,0.31648737245026776,0.33328669965656726,78990641.6599871,78141334.52917986,0.30570102382497355,0.3078621857036428,3.3044957700494884,0.5144318221848624,47081278.98594742
416,14571959.92189979,0.3030772747351393,0.158044274238164,106466769.61000782,105283247.6594547,0.3479569452112175,0.2813333731818097,3.274155381853578,0.7482981286089023,49670399.44605919
417,15727481.723187406,0.3038020210716288,0.2668838074304158,145125609.49616033,144320038.18227997,0.3759873961248914,0.246054893057751,3.156760922445366,1.0715078495576031,50336367.49235028
418,15666058.316664545,0.2994757164149809,0.09256869414726536,157894772.54683775,155567856.8142776,0.40540912687388175,0.24651278665419352,3.1764555077946146,1.0476851802629317,51471870.41338857
419,14325087.742233263,0.30310801271016835,0.3183400165314343,199281170.85417455,199032419.3254526,0.3319719844710769,0.2820453997972271,3.0225781556710842,2.8640014513854837,58091588.15656844
420,14325202.544741785,0.3204070763566955,0.9600056374734155,57020628.29812229,56802006.26825538,0.17907077002453928,0.29289199534065413,3.3119146514042,6.131826842292286,39869978.85551622
421,13854318.352259114,0.3017231371405343,1.1647761700773231,77326435.74245182,77056101.92004989,0.30682400181603364,0.31001014405614924,3.3716610112131953,1.2503000804333604,46956848.50039873
422,13820124.795878028,0.3214221919178284,0.7487124417656736,118311112.71572576,117376012.61945133,0.35565682540120225,0.28313860849698397,3.2321139421662903,1.9883404456608016,53372434.798066966
423,14966506.266953867,0.3227391016788625,0.5139804948847482,151610669.74927512,151067608.48736045,0.3759219854579711,0.2476126348721351,3.1210710198642517,1.8102543954381722,52997906.528866366
424,14557552.445423096,0.3049972514876787,0.4004877097694825,158054379.32112345,158002315.7044096,0.3687667760566406,0.2555938149177527,3.1553903594942554,1.9728377491887397,54626501.09614188
425,14003238.838650925,0.30577560915359947,0.6761919887582657,187723924.73006493,186910479.13680124,0.3581904833960526,0.27977389101588507,3.097531528174411,2.999674093680624,58441456.55842923
426,13705879.681801105,0.3201294883098977,1.5334339134397192,57437561.68807914,57323119.76764741,0.19996991194628774,0.3195748060441481,3.3377122855238164,0.8700315625122738,42103919.556675784
427,15062438.753516786,0.3052445952810595,1.2137313749330498,74546041.61808176,74076818.4429071,0.25969612422719096,0.271958212909043,3.2780090294590623,0.6056969008519357,42568747.905143134
428,15011089.888683494,0.30491785025918017,1.5539331668271255,119758074.74284658,117988360.12518741,0.37350452165846404,0.2508798942117778,3.192909466454137,2.2131277247292207,49782815.79018702
429,15003827.095121698,0.30079190506141446,1.2819302684397997,153326181.57820755,152079405.83545092,0.379918086641453,0.25178746665028406,3.1036514138219315,2.620569726469185,52930610.1298102
430,13535403.15472612,0.30910893318603244,1.3476587719961073,179614557.71499118,178321760.88064528,0.38702769739003673,0.3091892060400487,3.195056758978443,3.8381723760092097,59481588.590539485
431,14529880.187297817,0.3088084978515551,1.4598589045930905,196990652.49055153,196092941.12533027,0.3873316793898148,0.27064561010145016,3.0974701999091034,3.6308835087201468,56800889.59710249
432,17341899.02447166,0.09289454421842133,0.3602931139126829,54008194.13983026,53674765.882279634,0.15255020366086863,0.1767483508019786,3.949438867653379,2.6738419145227605,31243508.780902848
433,17659513.130353533,0.10628778696394077,0.1206005262283321,69225973.51011644,68617523.30202962,0.18352926936676184,0.1673302380137479,3.8464760879970816,3.638425297613333,35171614.00191522
434,18119967.587760545,0.09286108896833166,0.010935778838929409,120646338.09093349,120601807.75331682,0.33101787491331003,0.14077705826894624,3.813237123887637,5.061991452686981,42727604.275539555
435,18110840.291624155,0.107191996266085,0.12553880895986622,126916269.08609903,126547258.85585445,0.34915165037999835,0.14160317634067404,3.724485159734768,5.336637920560635,43242048.60710236
436,16404205.504108744,0.10562969646915496,0.3088929082737151,174151717.96557346,172469503.8128726,0.38654177976802534,0.19481319476101996,3.7268367369779543,0.6561656618237176,50934885.384552315
437,18237346.01510865,0.10234510661560278,0.1756879590298981,188418950.67299667,186379767.28980604,0.39066238381027496,0.13997188644402372,3.573019492021875,0.01848869196530293,47503426.11990373
438,17480397.739495624,0.10274374093788541,1.1370488163954056,60073994.22485213,59933524.618105896,0.1578024559105858,0.1748363483732354,3.8992759013956544,4.045033879147261,33078153.0190617
439,16332527.794016125,0.08964166327573321,1.100023205411411,80193999.85101084,80166174.70799637,0.2610654656097178,0.20755566919139076,3.951453274286747,5.666454532772421,40537901.25170255
440,17278636.518395957,0.0935038674237886,1.0221371423381265,111268050.1565314,111148330.70467936,0.3241735320367847,0.16819355689050114,3.840582144759637,6.16075955560722,43432478.48510598
441,16728663.447470646,0.0907853433333902,0.6657689682239808,154857671.09244588,153443609.32599387,0.3813947007281783,0.18807332031493929,3.815273249633877,0.49331665463502006,48914162.004170686
442,18487680.00240443,0.09033756582346716,0.9081225724010175,163793761.57949522,163126013.53025556,0.3752214984815101,0.1321489851870497,3.699604367573777,0.33471434551113827,45572860.454317346
443,17084606.468690563,0.08917481154638206,0.9345540685256875,196109988.41378054,191877856.872306,0.4583398014739836,0.15025799146818733,3.525646394748125,1.5217797116811036,50723694.76835579
444,18404918.221152406,0.0949946403743845,1.3844868860260886,55536532.619844556,55179057.34331079,0.1628218236256171,0.14816279582734876,3.8686737582519566,3.3872257023766377,29632233.05308277
445,16813093.771112926,0.1030551434448006,1.2162264558155935,70542801.14797786,70009670.69165139,0.21887228149017798,0.19165386265145104,3.9195342052538704,5.191854873963556,37299639.403026894
446,17612305.552264042,0.10196985350649333,1.5023436338310843,123840186.12761481,122221134.96975161,0.34901568269031646,0.1609681553119139,3.7806275714640507,0.47443543824013407,43902217.99722586
447,17999596.29455119,0.11010931202004764,1.3946005114229945,143118724.3602475,141547545.938278,0.37524455380814387,0.14823464251533186,3.6668109847879844,0.7584397700462411,44995383.85877764
448,18524319.901703224,0.09880658522572264,1.4462927543557627,172053470.0866111,170749861.8605678,0.3833320362086986,0.13192718957548072,3.6543789935981423,0.9455862718995919,45948468.92573574
449,18144759.767919205,0.09529244920071424,1.4667461585104262,189962846.60668787,186818279.2270535,0.4740106059415874,0.1305084141262912,3.6116164951674654,1.397499504410749,48198888.34464122
450,17462280.093502395,0.1326179972529004,0.05575070854517995,60851533.81095046,60728210.74105909,0.16591257863038208,0.17850793208510315,3.7412375184645823,3.1807938658347488,33323341.200555585
451,18468026.9738852,0.1263641537068581,0.27867684194364933,79710289.91029042,78875646.7443902,0.22575129539767336,0.15224694705427527,3.689905013323424,4.104575881414917,35921194.48696515
452,16961104.934292212,0.13562005530629867,0.29537727241899747,97412382.940672,97182571.4173308,0.30177147141677574,0.18222312515235153,3.717794357046118,5.38106342972547,42248356.6219269
453,18666533.808391087,0.15724636339108874,0.3840303708457038,151843966.614275,149834277.75963917,0.39423983374654475,0.15665203703948832,3.363000814081539,6.241838288456435,44478200.784285866
454,17844433.60641257,0.1379858882273348,0.2257748851538895,166495992.92420235,166164147.83972824,0.4006344502476669,0.16470118850224952,3.4938788840516484,0.14695555479365163,47220328.86104393
455,16949299.411377,0.1474915224881187,0.09017583082487408,189007663.21527413,187699204.7300451,0.38882166097384707,0.1865725852794147,3.507904666510139,0.5231839014916019,50610427.20166503
456,16831995.086603932,0.13594230883410885,0.8742394556706873,53014340.476396054,52885451.699534774,0.14349311699713455,0.20176728130382274,3.7850403281188783,3.6155317640012705,32033388.640811983
457,18665012.090493437,0.13954880996323915,0.4495189482383823,86062432.19988202,85532611.62265205,0.25063951666532885,0.14998726082079686,3.604594457320437,4.61209237241389,36762004.73038323
458,18400976.36223219,0.13653418854592758,1.1770680036191523,96015421.20280847,95395030.96259792,0.2823201015423298,0.14747892678420188,3.59885468387162,5.715018132144395,38916996.007177465
459,17241071.26770898,0.12568894278692533,0.8390853714843389,154843399.8339426,154556339.06242847,0.37487376290200186,0.16807992518303197,3.6247556966575307,0.7438933809842553,47665606.46450302
460,16680246.315453067,0.11873311264386943,1.0545053542630052,177015246.2990664,174086999.94748047,0.3827174342058971,0.18192012810128952,3.6649791358350656,1.3024587097264049,50203343.24998043
461,16926372.829356182,0.11364700119841428,0.7335838977587799,191467738.5209692,189413687.53067774,0.3724919043536377,0.16194817139519688,3.5165985580112813,1.3258483274168473,50633250.15551193
462,16340981.565704186,0.1482663479492993,1.5184321998255315,54609940.135170214,54511190.64309986,0.15430362798925346,0.21886806521473687,3.782282052921079,4.6134274187784445,33629291.716995366
463,16710863.250530418,0.13623024524221972,1.405795335280079,92107610.24289297,91759942.96662275,0.3030137296322785,0.19556819452394217,3.716936799339898,0.12016936388270323,41845656.70672853
464,17790739.835956894,0.11407993781712933,1.359153600884419,113141514.84210858,112588718.1448294,0.3267969706148082,0.1571916642409292,3.7089485161186966,0.21784674333459397,42522020.52614902
465,17630123.807123274,0.11749481841863268,1.4485526963264514,136982227.3407307,135965845.72939792,0.3667973399854058,0.16031833237882054,3.6825411153358902,0.8225946201118223,45185271.62085101
466,16921070.08045857,0.14878703367844182,1.217211977349111,159389144.58288857,155969138.01462814,0.38047447003590085,0.17690629110225514,3.564140180376206,1.2498987391581777,48568380.10777408
467,16975922.821756132,0.14362242479698173,1.4982163646789393,198472424.81764624,195398349.39993787,0.43202477553359786,0.18899663098765562,3.202784497416686,2.4624707861315733,50960774.56252362
468,17716416.236226868,0.15912186046091442,0.05145554078095637,52353355.50698132,52214555.19736417,0.14944312369635712,0.1790506614031321,3.6249525528708197,2.2298222418068043,29846625.150631495
469,16217940.15534012,0.17516099888266676,0.15407265830966205,75045267.54763542,75026831.78382246,0.24400941141468135,0.21922323957010934,3.6573406548592153,4.909156943667377,39757556.661474094
470,18374150.115749322,0.16668572849538604,0.3651352009587068,104544381.51019256,103726923.5713688,0.2935520926322166,0.15874020873586586,3.468784967581696,5.301523928527318,40177129.78980251
471,16260846.826660035,0.167638619643092,0.23226431172991352,154650046.16598654,152029161.33312723,0.38514656822149146,0.21257263074597624,3.530887192975941,0.5707126436962663,49952454.294626236
472,17478530.62950541,0.1764160481200318,0.1350175330269816,171329010.27716598,169963844.7013493,0.4061196338546073,0.18353611294382172,3.3729313937574856,0.3063694276639999,48173849.92438821
473,17587387.088448185,0.18281771211348125,0.03805808297703269,187404181.06825006,183167720.2667065,0.42931460476619343,0.1859487312247937,3.323021284050936,0.43952970423854376,49161326.17625825
474,18419885.7852291,0.1675856768712344,0.9548380630693583,54123713.956778765,53965121.92477877,0.16750456073601186,0.17287121581547968,3.5081128896272333,3.162537626423704,29121069.77216968
475,16651242.224397866,0.1976636074169707,0.6656667847231887,72168353.43569286,71614841.52981047,0.21742423907905328,0.20892170943313687,3.5528980855617087,5.118252517593762,38075490.00732671
476,17701709.606896292,0.17982975078261015,1.1306209864932326,111106321.71386273,109563670.8836431,0.32669829918500004,0.17826321242045096,3.4337058473917077,0.24563464782787311,42335485.77069826
477,17218702.422736358,0.16001267861575869,0.9679076568029172,149137503.60046658,147183645.01691332,0.4006790562367353,0.17654891924643917,3.5032919240232996,0.9079730871322743,47238956.26153289
478,17018393.76969433,0.16209808451199317,0.39923955024487656,159496608.6435186,158872035.78503102,0.3926785404765131,0.1880104470199541,3.508112239562517,0.5054244323156103,48669860.2125303
479,16242267.384303266,0.17801159038398798,0.47896616181403295,192417082.704567,192226546.08010226,0.4397426005603511,0.19777150377225539,3.445082754600439,1.392775433043352,52569374.491809264
480,16545350.3991234,0.19458608380138265,1.377047956461705,51440477.86146604,51166243.41110508,0.14892853166302705,0.22265901225424917,3.5893106867610083,4.2348687233783675,32021116.871049374
481,17583383.488052785,0.15994195827827923,1.4282969017146627,88766461.01579078,88390498.99899782,0.27699629292165306,0.17395529665004308,3.5582910021769134,6.120575002567461,39341359.28901422
482,16732648.47698586,0.1873704543778329,1.4867454170411225,114278677.79773942,113781245.69182456,0.3447438912710283,0.1998219578848123,3.4932094659480235,0.9915059368146818,44939622.930390604
483,18657759.81410313,0.17869840015570784,1.3748900616227164,147703713.69284546,147327207.91912863,0.3764121609451214,0.16256066124650226,3.324279889719103,0.8438144192867754,43921517.404450215
484,18556960.472077694,0.18372461139147148,1.2758332245314636,163287320.5937162,161997565.54294655,0.4017268537539924,0.16338050993224196,3.296023189751828,1.0615488513602043,45421020.80852488
485,16149468.676964067,0.1648412809666769,1.3428028395200728,196026195.95603013,193759516.60818002,0.40489798602710353,0.19396465424217452,3.393865575182389,2.326641621363968,52288925.863353625
486,17976910.10677415,0.21348390181555593,0.2650558186001444,62089912.42049005,61751298.03607876,0.154105161577385,0.19923484798447716,3.37184742423196,3.551490325784814,32541773.633938454
487,16988205.674937554,0.22004537106832467,0.30344754389012024,83543236.92561482,83459992.82484002,0.2636868669915872,0.2056854554890914,3.4181698087622827,5.264913902085981,39676922.10519776
488,17616265.014953546,0.24807256774693354,0.16229767896681568,121251814.06343736,120736154.6021555,0.3542040466681182,0.20658762289411547,3.1795760304912015,6.026637153947835,43834328.77689487
489,16648102.78002198,0.23052234421621517,0.08647725175945964,129204171.73310785,129131675.51155478,0.37703999199460386,0.2177873343043414,3.296997469694731,0.13748083640185169,46758577.63273364
490,17948108.24590591,0.20881330804135306,0.25927657734317416,179074044.36175847,178793555.8721279,0.40419456744169624,0.1894748306295084,3.2177794590900004,0.5304876555631078,47634458.956181064
491,16666516.479804771,0.24663823249983952,0.08907466145404555,195498882.92252344,191247546.3105809,0.45890991746843135,0.20950357449183282,3.1763465048126402,1.1481236392298537,51837122.24935144
492,18323179.37923969,0.20633349445826077,1.0261149480790295,55551445.63539145,55296553.30831011,0.15868689339636655,0.194585419508853,3.3730871405204046,3.53948605267556,29796766.34976422
493,18670362.22500414,0.21998727756672917,0.8502960312980468,89415042.94007747,89260452.64899185,0.2492389181144507,0.1839452527666528,3.2680017812095032,5.4736546253039045,37343952.303935826
494,16741203.236097673,0.21768011121359027,0.6079301202791303,107712056.15901159,106008667.88344231,0.3357571894751544,0.2096243620594639,3.3825893803112974,0.01963837789441831,43979597.78998944
495,16890401.21844183,0.22415952644007991,0.5625935377458919,147465886.75874317,147242298.3191268,0.3739847476642012,0.20551640956363393,3.300899310999769,0.7641494404200803,47799907.09365183
496,16345158.862144502,0.22648300025016752,0.4119186624109941,174604651.12951374,173962940.26553988,0.39672767602250714,0.21050040554825616,3.3280203171161085,1.1338389767955626,51245262.63756876
497,16871662.244332545,0.2145829497856213,0.6128191875486123,199790635.37301064,199186627.25540358,0.38051378327210766,0.18991003299313922,3.233382847985571,1.4878659796769056,50930321.20204988
498,18114451.83988067,0.23806714182715175,1.3108512235068324,64921398.09618909,64802471.5961687,0.16813642946918655,0.2060807079188006,3.296460231654387,4.810233154941228,33026892.794132866
499,18423214.145840928,0.2352943306225607,1.4264085896313612,82758907.65411863,82228674.73188362,0.2329317531323516,0.19549119592074884,3.2271383621498275,5.838662069849138,36501418.71621974
500,18110724.54753673,0.23215654926672677,1.22552891388968,104885437.56042546,104260539.58593796,0.2938200112389721,0.19596588835614562,3.2204442155225,0.21858368506778342,40657831.50552305
501,16364086.113039896,0.2090779104766967,1.242996564015244,152213160.56026578,148359853.26885977,0.3927292271202429,0.20142585233245117,3.4088486894987686,1.5199798279630583,49253677.166749425
502,18326888.181302063,0.2158534063594547,1.2863355781888466,182716324.68178117,179641494.79009864,0.4254913178405094,0.17311285730744075,3.196082418022971,1.4160911215121945,46810788.386610135
503,17392275.005007494,0.23779988927897533,1.2843075034756977,196273355.92574838,195980418.88606492,0.4691529083298045,0.1954391820707807,2.9831384982954137,2.270601219695325,50051857.88094868
504,18015101.779330116,0.27367784918428806,0.1890660904930011,54243780.207060196,54023479.96307265,0.15000092792491065,0.2336498318023848,3.184832977739705,2.795137022911549,29810728.686927017
505,16182947.951734457,0.25941206967061503,0.3231357373332324,66835679.09735748,66701299.669726126,0.2008030831255358,0.24013350241232925,3.3847449967263183,4.926317295512154,37866850.11553806
506,18437729.507846832,0.2843398910775094,0.07405759617356163,101993962.59340912,101069128.2750699,0.2829331188624672,0.22306306803250436,3.0908009227656272,5.3031915809172805,39567104.32775077
507,16396959.259648127,0.25815079241810673,0.15408049689193606,136092344.20209903,134455209.61802912,0.3578143353317894,0.22920947746659662,3.233203827882006,0.43711462545574276,48045922.05155488
508,17753164.234281,0.27696133436865616,0.32996550993350754,159141186.78710207,156154132.47217557,0.4088426348411911,0.2264256983448149,3.0700343950710436,0.5291119486807493,46650675.584363006
509,18426092.473939598,0.29475330390557725,0.028637697497821104,193608414.4183495,192825981.7621238,0.3731613411368021,0.2273059803368507,2.8849365879539297,0.545039504600285,47288648.72455216
510,16285886.319123447,0.28682169435929267,0.998084882205272,54397693.078435086,54241927.54061669,0.15460902628444545,0.253502197389053,3.3053890909735943,4.586076284851061,33770618.08351234
511,18266668.06579684,0.2672680966702984,0.6860624422433002,93857179.78302725,92657386.78037491,0.27243913052736646,0.2119707763051665,3.1522121195176456,5.636002419120819,38775464.40199731
512,16781660.2297944,0.2682872718579242,0.7616858270820481,108463914.14177048,107544275.68038078,0.33966159084480807,0.2300923792275489,3.220517417668958,0.36516459067035417,44108963.896374635
513,16955178.790290754,0.290590053659885,0.8239419581610424,138241532.9979268,136615682.46315143,0.3823183742925669,0.23208297328229152,3.137855619669164,0.9661909339713118,46638924.19847636
514,18477280.80209384,0.26526838923440677,0.9792570210119683,177760206.16377434,174606621.91569695,0.41489151172004135,0.20208179502653253,3.040238612068163,1.2052395107580574,46725496.36509399
515,18408886.180208392,0.2786601139650943,0.5774688456281258,193497173.2441289,189924770.47597566,0.35951807836596894,0.20843708383704995,2.8535636462156795,1.2533409041455301,47424956.349042356
516,17548831.982693437,0.2786657109799432,1.570368720607191,50124704.90041035,50005138.69886514,0.17741592948313964,0.24477382621312566,3.2278557172591316,3.9958104136996684,29193112.36885588
517,16121031.77921991,0.25705849465836905,1.539274499119014,75794284.57863885,75315977.9123848,0.24066805725567805,0.23777239106400316,3.3372364952555356,0.3761539693766712,40058769.52558243
518,17198507.339981902,0.28156920455428186,1.3628993159519824,124968565.06885149,124433546.39475219,0.36351119529843007,0.2225572842995108,3.137935527706412,1.2636332478940857,44924351.42451066
519,17003250.89817894,0.26961509715704574,1.487539479958599,132910811.2262354,131851845.31322601,0.3628854086618423,0.21500679091297034,3.1773437599030614,1.4823971796519653,46107123.197801076
520,18543464.808711696,0.2862150746867588,1.301472530097425,159036191.56781536,158969638.57208568,0.39204786805878583,0.21314247666782912,2.960040654382391,1.4419905670968212,45206945.226092756
521,18325336.237061795,0.28209900390362874,1.4746009862844207,199001690.0372467,196008154.92567834,0.3649534819911323,0.23281681914603736,2.727720089089231,2.3903156557648457,47760222.58391199
522,17210660.908040185,0.30873775755741784,0.07253218925410614,57468950.92941706,57163112.34777953,0.13702878672278104,0.2594411210206102,3.14054655620627,3.4857588464086033,32463826.488379233
523,18594052.115284424,0.3187061842807346,0.2337078559744793,65942950.3654941,65745867.91223979,0.15516645695143302,0.26247831962323886,3.051491921528439,3.8054610171881516,32223216.355481498
524,18506177.102056462,0.3048757807485555,0.026836384355732636,107891049.90358895,107595829.45159754,0.29041950831934193,0.23321175576851136,3.028357983979951,5.4262658563049095,40260681.91079965
525,18064600.655633487,0.30214657360951364,0.2636680267432095,127213485.59374389,125561568.50700855,0.3357769647391239,0.23392918785840552,3.0034981176473923,6.19937551989019,43280412.80794188
526,17291512.2680094,0.32044272346701463,0.20055845175510376,156142790.44550842,154433934.90536493,0.3798100589009752,0.24679982407951215,2.965054097934703,0.6893376079068031,47253030.28991032
527,18335046.849714004,0.3009200980023775,0.22336831854931066,193932039.78639328,191276615.39097935,0.3992310447977164,0.21983859422054325,2.831989006348462,1.0130916084188517,47362167.28739595
528,16404376.933561986,0.31467978090776466,1.1412165822610265,63466750.22259987,63014016.842159025,0.18681929469256287,0.2540382470316714,3.1878118925968817,5.521978094546882,36341299.73845149
529,17567632.605501197,0.30345611769670294,0.6127480913697956,90170862.2790131,89258314.62842603,0.26848615576157975,0.23748291639933472,3.1000013155256054,5.853837576819973,39640987.241084464
530,18216013.092056908,0.3055082845788743,0.9087327577457326,114433437.9623511,112851060.51478615,0.3263591751742898,0.2387636732797587,3.0184038210800472,0.25296244049211686,41553787.50669816
531,17507999.645178013,0.31812349023708975,0.49599269105176513,131114178.86730559,131048585.05899626,0.35563358397550787,0.24747250024542994,3.0004266818814833,0.5272006315637003,44857943.56578036
532,17361109.80791653,0.3048512538876849,0.5411214635900237,165162201.42371726,162543614.87985831,0.39273089910584635,0.23334677320137784,3.0330828636889144,1.024765368340413,48135246.93823457
533,17561957.453718197,0.31732306142309796,0.6868641585366746,196742132.53376105,196398196.65770668,0.43820489003497687,0.22522824969287994,2.9699055993590253,1.494773270497152,49269949.32729591
534,18361690.330910657,0.3081639752162656,1.2823158723951884,50849771.35860746,50805657.25652894,0.17956100650643633,0.2629810702809308,3.099401484762364,3.490765423769229,27843127.526847497
535,17682456.963050842,0.3029882931510315,1.346398596785804,93112371.99620685,92867339.15598434,0.2775922876988503,0.24081473091056635,3.0762658599720685,0.3945036116719755,39826071.0349031
536,16173592.89939394,0.3171981269677581,1.4829834946321911,116609816.28380376,115211095.48283713,0.34499918641851196,0.24265330773363983,3.125799955429043,1.5720902940035137,46373863.78721586
537,17030419.434672065,0.30158292380807417,1.554068061815169,136149883.3478434,133740136.53068946,0.3613401681599648,0.2270936664870003,3.0758616444368148,1.6711952825197114,46386366.634867996
538,17866001.507408068,0.3058305346298573,1.438931641066568,172980770.29821455,172937736.91730753,0.4290217990730585,0.21958107419022813,2.899069874444909,2.0283984073359766,47539626.79483159
539,18014602.969549697,0.30154562467891677,1.3590309350765721,192591539.2371681,192313293.20285556,0.44288223678370836,0.2138201114460685,2.8497788493631973,2.111593288542142,48706671.23782104
540,19928003.87717989,0.09000303876488219,0.20513154037871373,64356303.240994446,64206773.426845126,0.16096811012024242,0.11374023012887076,3.7854077487984767,2.3618585445312554,29700942.22718637
541,19173677.271778826,0.1098405539710874,0.10985079929105873,85335600.60080576,84246452.93146771,0.22805799538415378,0.13326466236357815,3.697532465937866,3.8612118263790363,35672186.091887444
542,19923646.859521795,0.09502079691759983,0.1514668629930013,98987201.4785013,98004203.24558413,0.2680595076010073,0.11497874327198179,3.705289979479105,4.180391707928315,36714049.76069544
543,18873013.035527818,0.10530495657838962,0.20519545893717944,130515507.52868278,130001207.11068718,0.34441000989111187,0.12753149673958472,3.6584293043310043,5.357890966762638,42211711.42855438
544,19790640.75915695,0.08946977967300633,0.09522329160011485,159977928.37531495,158521684.15228188,0.3772255322213188,0.10615376152375143,3.6182044864181955,5.349282343912683,42928691.27115794
545,19113067.308783602,0.09351010312566854,0.11818966023349763,188440796.14281118,186840428.7300408,0.42355265100394374,0.123698518991423,3.540183260374871,6.016535982194141,46376202.88767967
546,19545649.120832,0.09479405253049011,0.5592127768237224,54191323.87201307,53946572.84379612,0.18008654606763505,0.12226962009802349,3.808910844113805,1.9383330533766387,27113444.80140306
547,19358839.95508347,0.10550583582161258,0.9792193604793776,93869047.69086485,93314078.23694617,0.26558157160747076,0.12318627218012566,3.703853957182812,5.043557819920775,36843702.73622379
548,19206209.18019548,0.09792889563209017,0.5096002276591327,106952975.06897525,106484790.4645497,0.31050299383042373,0.12199200216028953,3.7485212395891954,4.9290459066686765,38995369.70095047
549,18830705.203261953,0.09548211291346276,0.8322253326377124,131579190.01825608,130615955.05717418,0.33937299682587335,0.12678139159045515,3.691906440964609,5.957145587720522,42489555.652989075
550,19252647.21178068,0.09659942466758471,0.6127448920550418,166084180.0313509,162531789.21535203,0.41963865998981303,0.12773582678763812,3.577031763086522,6.234855601206309,44501111.108728714
551,19417414.693694375,0.08983207424408829,0.6607176205501312,198405385.7190864,197697873.7102346,0.4340079657239121,0.1206303563096803,3.5636031749174713,0.21702645940101092,45992319.2235971
552,19883750.104854465,0.1032820931664375,1.4846564703952643,64640239.35355952,64542638.75528303,0.1750211657775397,0.12232009377781174,3.687747706716812,3.7956153547930374,29741080.686579537
553,19788505.586858757,0.09138555799035754,1.5235366536575754,88216710.61238672,87703716.44870937,0.22734528877283516,0.1122947736622981,3.7482425768073364,5.177702454745221,35036029.9185263
554,19447664.392532606,0.10638503053961453,1.253850819563724,116820544.77493696,114751936.49607043,0.3159478870609487,0.12119813747597188,3.611559774893133,5.9778318665995025,39748339.23299849
555,19016309.450222727,0.10874413941698174,1.486006637938261,128805240.13789336,127225821.26521114,0.35141369405441364,0.13136898683197798,3.617187411819091,0.2669673487829284,41894206.626514986
556,19589892.19068308,0.09844028750740799,1.2432439164844822,165125373.71874192,163474376.88777313,0.3874382832919741,0.11850705400520989,3.572818075007595,0.3974377546266814,43890748.27139935
557,19246403.364401404,0.08833509995885516,1.417775199830662,188232483.54516983,187936448.39964283,0.4413663080835821,0.11325863579487418,3.6282168636882357,1.0108020562584938,46271894.98778343
558,19050456.2795033,0.1452163805182488,0.3458924013271579,58383301.277745806,58073556.66871261,0.16089224635184482,0.14990621921672603,3.5554551119312574,2.601117151362822,29382652.64189411
559,19161302.439137008,0.11738143895804706,0.2562815772367897,72312770.16112483,72221288.56538138,0.1870258011644135,0.13651623730897444,3.666897351503143,3.4372998108752615,33107075.15324988
560,19771838.76087554,0.15709472649218698,0.0019065994445035038,104056066.37310739,103915090.19029303,0.2696968632656134,0.14406920035024412,3.3997660657649,4.526072995600644,37659361.226551116
561,19261586.166723687,0.11187027944664428,0.1833186719317974,145610188.59631133,144772490.70351034,0.35355124250011694,0.12229014900667289,3.5530378337430513,5.509771467168168,43021142.3027643
562,19296203.68305503,0.12416210437117989,0.16569702677648915,179137266.84579104,178129815.87400708,0.36792874035427603,0.12796927168178135,3.399348862373057,6.089036612831937,45287263.3314697
563,19694420.26573491,0.13156050725558832,0.014160156995934809,192733786.77584735,192403959.10262522,0.3695361195316759,0.12636300976653758,3.3036285618567867,6.027856108280907,45378871.80350356
564,19438340.163431954,0.12129220266970321,0.45203286673493104,64563823.415952,64107029.42495552,0.16714809705587935,0.13407763338633766,3.6310104488910806,2.948074415598815,30586087.81711228
565,19930252.795835353,0.11441681602982853,0.5728229551867492,66111655.99790124,65818101.96519567,0.16560807153519438,0.12421131683237463,3.6186882668747873,2.9853569290681747,30110814.107886314
566,19898271.14997167,0.1361652730082808,0.48672077375034983,121225403.22849984,120148123.97287923,0.3162936443539747,0.1272533604775214,3.428612153656021,5.349944106982047,39541546.255643815
567,19715053.89817767,0.15567519559453488,0.5964266207523459,144630872.805308,143947929.76801798,0.35603783138954476,0.14024056634310522,3.2862657399041386,6.086741889334421,42107699.26261045
568,18956053.22092336,0.13407364059926888,0.5627594067548493,171216066.91550836,168149540.4557139,0.3963158969097292,0.14293249830608493,3.4161807708517054,0.19721589342608717,45272381.3511067
569,19880209.769114405,0.1287153757762259,0.4084961700748613,190659726.31924877,189220444.31852365,0.37429749584234917,0.12396845602076767,3.290047551510378,0.020033360056951756,44889963.130320765
570,19059545.155211627,0.153917973519822,1.335656972806869,64623913.03931271,64469994.85143156,0.17819179847942462,0.15615998013716134,3.517482650236491,4.109344697792909,31127251.029845394
571,19485461.920883123,0.11408337311041347,1.51045114410171,82733683.71324642,82513079.24697019,0.22241641023802014,0.12544901779183593,3.645218115494989,5.159607955539727,34633924.417513266
572,19922235.207310103,0.1165523125415037,1.3009725556489098,100269796.6809789,99336720.56586747,0.27185549716978247,0.11774091342215318,3.563594675891029,5.428675092369657,36614009.60704613
573,19655378.815484833,0.1397247402952443,1.3829655783980817,136965388.06692842,134759656.18512318,0.34291333380101063,0.1332843059077398,3.3877484233056934,0.2655884432593915,41209129.15874467
574,19874240.807020914,0.1364876924853408,1.221399082831447,180869211.42630553,175144628.5820739,0.39418242369296985,0.1298194030485123,3.336392049144035,0.6263628529807467,43989752.48321323
575,19866080.707740445,0.12102134724648882,1.5651296812071132,185903430.635866,185504823.30457038,0.43245870218692833,0.11900234728310383,3.4128296801807227,1.077846558046289,44602274.257545255
576,19312531.641111486,0.1735509769910013,0.3087088467365317,61970367.49852231,61788751.467543535,0.1594151944524827,0.16202139406279742,3.402828638029459,2.882743495211276,30015130.663621746
577,19610418.008323822,0.1968096378640722,0.33343159643398507,88749773.83503358,88698971.11174387,0.22956930662191116,0.1701541454341467,3.293081504145923,4.501043762952608,35440382.65447526
578,19111147.066392746,0.18565577007640405,0.12394408528417712,109431868.34416284,108808724.15655391,0.2995072653504737,0.16152200705911093,3.3237873650242564,5.102694808344671,39546645.92888148
579,18824528.282054003,0.19327917914616577,0.12200960225633842,142118508.5146453,142034488.0340428,0.364439693126384,0.16419936981645378,3.2334722442280817,5.835568259860166,43217961.7606291
580,19829268.888741903,0.16105907537347625,0.16101972743247894,173756235.0961036,171001855.71765727,0.3988114113316754,0.13952510988286468,3.21545712731789,5.950417250558983,43629933.77275348
581,19177124.159781605,0.17644256953404683,0.016707204409687107,186706645.74266523,183645613.96611494,0.38749118199585403,0.15741244848817085,3.1894686998948365,6.241748595186352,45974208.0646455
582,19900045.707430203,0.18863281387101552,1.0102480220244159,61207147.3943651,60946985.28837321,0.18623552282094563,0.17073847074654602,3.2957143135001052,3.350818686942869,28718710.4710079
583,18878420.794031348,0.18531112160266602,0.9550611905343397,92411220.19149975,91569224.84105687,0.25204430180919785,0.16312273312900333,3.3624235486206344,5.479970454915491,37396770.38248287
584,19772008.853374377,0.1641370924306777,0.5058886264324081,115797798.58100612,115685232.50391376,0.31699881156939896,0.14136420626858812,3.3397014388300637,5.344589138181736,38900968.95860325
585,19178475.60948312,0.18369723097609605,0.7041335693618241,145553392.10672954,142870191.72318354,0.353791039042026,0.15973803923757224,3.234867089311684,0.06211816420509833,42954774.43341585
586,19079408.59956074,0.16502960047062537,0.9391687369777947,170886097.31694448,170557865.93330413,0.37408830979588686,0.1471191039521787,3.2419442716292517,0.7745634362055134,44950326.89778231
587,18866222.020222533,0.17555671359718325,0.42312973335384463,187222847.05495536,184469819.7258848,0.4015650995038016,0.15795318758284912,3.2429004141965545,0.38075116146966587,46192705.17072409
588,18794612.829141743,0.19454734293400489,1.3339173994936815,61725119.95668485,61369544.62071772,0.16700029766048202,0.1813208286204047,3.380978338870734,4.1046715777371166,30811056.302201524
589,19836927.75072958,0.19772432697461517,1.181464690601464,66452240.31450461,66323100.027429424,0.16864887898271036,0.17541704144048867,3.2796622904562143,3.9886710738658326,30287741.396098785
590,18707691.70635653,0.15955040106625612,1.3643847533394933,99135243.4986711,98527781.46028209,0.27740963554528414,0.1523178461412896,3.445881551170111,6.018666910139353,38742971.55874078
591,19364481.856382485,0.1701279066588332,1.4521710439407725,150486084.9311781,149100920.09572122,0.3554676475782898,0.15005486554958478,3.259824396140638,0.819447718583953,43002050.87985186
592,19058362.694110032,0.1898155575092115,1.2185475983416003,156588910.49102998,155150901.9022883,0.3849153270047088,0.16455984233597407,3.239859728652629,0.7520173024382968,43931436.04326618
593,19154901.170026638,0.2025555599573087,1.4993808497300551,188653971.8601277,187750532.59912425,0.3605553027581037,0.16406086099511144,3.028733277648964,1.6487936171350897,45845815.93480692
594,18823857.519322217,0.24656302692906373,0.3871475388779622,56484505.36808321,56363205.91768568,0.16530632672618276,0.21222588330753536,3.2078864198828314,2.909817254627873,29141737.679810375
595,19304380.98147932,0.2390798743376622,0.36073471253305756,81257693.31539974,80935934.00141323,0.2065842787867782,0.20015983797776588,3.1941439001160608,4.463931458903637,34623730.781375356
596,18978732.455438863,0.23507866065063854,0.09365825524510638,119293283.81424172,118846908.459104,0.32601002411793795,0.18697364846851025,3.1535729273783097,5.437931400306395,40924757.91272169
597,19632562.188620243,0.24871849263725654,0.0756462544779883,136550558.4051363,134138678.13953489,0.35489579566493495,0.19250738038202575,3.0502820843656426,5.575509669321622,41199428.071442604
598,19496546.426035155,0.22458214947012195,0.3361966318258112,183151544.23445278,182761337.55096352,0.41493551758201414,0.18938208149548924,3.0281564504844365,0.27981759960670666,45035447.53618544
599,18948242.325445183,0.22614548694543313,0.004299586371492779,198940913.34357268,197473408.40350413,0.41758902513663176,0.190406392667088,3.0400826414344824,0.2655981513879184,46438283.54164243
600,19312468.97364951,0.24730271733602197,0.7173256367384813,61952689.297431365,61609910.25155658,0.16166619682177902,0.2116637033409835,3.1777875583066604,3.514223813746877,29980725.998235516
601,19173324.104781747,0.20840944534157935,0.8032710093365227,72035663.72448146,71723502.52645108,0.1779203338357397,0.18290376039653403,3.3014197150298727,4.296840228601587,32870371.525101677
602,19352304.6393807,0.20980082003111228,0.8689171049100648,117919193.42405489,116723382.48809989,0.31261158890026663,0.17220503237147836,3.1796406265329056,6.071007546916298,39914611.59285427
603,19295024.762600653,0.21521500783393738,0.6494900066740374,154461512.2817016,153275257.14069077,0.3698351226369632,0.17727235745023637,3.119150684139524,0.20406975566268618,43408669.69047761
604,19013918.104877267,0.2398648514602554,0.8043231431298004,180953689.8885111,177649394.99457562,0.40559391091505637,0.1934040811203857,3.0769905647120175,0.8199807833507199,45866833.98464422
605,18827850.499979228,0.2064606205380077,1.165000382641996,193279455.7552617,189881010.22304103,0.45489890883735357,0.16712718719196865,3.163560793009804,1.2987302380882202,46979039.05767319
606,19709133.442337576,0.2235820601006061,1.5538994016140548,61963834.59893567,61453019.15242344,0.18943794316051682,0.19608845559269458,3.21990881263365,4.066615337127903,29095677.485915937
607,19911098.474282894,0.21517946317689968,1.4729686341314288,86394117.97241619,85284956.777144,0.22725867682136056,0.17646860352117213,3.1891984557463013,5.441949307093352,34298129.64044741
608,18768362.39151987,0.23385129526097773,1.353106799134005,110099778.77857974,109345330.34569336,0.29965369450931006,0.19317459156121405,3.1534367160480063,0.3264247449771439,40046792.32541719
609,18944356.99339288,0.2474014539399653,1.5640887850910121,139757571.5264777,139711019.48147023,0.3521141534364243,0.19727400751465102,3.078112469964393,1.1369408069949272,42708219.714132436
610,19360702.861130644,0.216674489872109,1.2694007434307215,179428692.32761294,179381291.115709,0.43998855976566187,0.17205224801478816,3.092385222044138,1.2304925642076625,45202426.91259385
611,18813708.576828755,0.21173163308948909,1.5336687776589666,197297544.61641455,191867624.28451416,0.4189329836100881,0.16645368513112813,3.1383735209613564,1.63987081703195,46917508.54481427
612,18862726.41575004,0.2981035250554877,0.09015309215525825,59753710.78830379,59641369.13685053,0.15595641545228592,0.24703318723561637,3.0756994572840166,2.8585164746480127,29917529.079759095
613,19822592.94503096,0.28672398506184255,0.17797616559475898,74562656.46396962,74495602.37457919,0.1712226928437437,0.23688756676902537,3.0518308992088072,3.763638779595985,32162380.458153725
614,19134044.939300045,0.28094231964653893,0.27453214493544503,105444534.8668887,104291902.80725011,0.2925837068318835,0.217975852460372,3.0656298559650597,5.314928366915788,38703586.120322004
615,19295062.85834989,0.28966813420260934,0.09358653329360682,138637679.8517664,138285343.97279435,0.345017652407445,0.2222917467260651,2.9502838928543214,5.9205037279626564,42101192.8989448
616,19663233.565498568,0.29826717018300763,0.03342400443226886,165294891.61719584,163837726.30114615,0.37986794848130834,0.22820458586709055,2.88942212010954,6.093022879102535,43185289.745507844
617,19642488.154912833,0.2542758102399789,0.1436975051109123,185750225.16635308,185476073.4910888,0.3991683746264527,0.20667328675971183,2.9365896580754876,0.33357355811444644,44692934.96602157
618,19065029.990339886,0.2840241608945383,0.8357755295687813,58539588.353769004,58459923.259701155,0.16849670218635263,0.24020131336934328,3.1078889088371757,3.5342310361589435,29328041.486225665
619,18789702.525696147,0.2535673263073495,0.7936648096861076,75893635.1198142,75743738.47812217,0.2048670313401378,0.209525066381967,3.1974721762851006,4.843163685289544,34459177.936766826
620,19575779.86674714,0.2589678231616083,0.4373485143382986,114381200.92948155,113316476.28617896,0.31701111978058755,0.20085988609692698,3.07054747823804,5.5515099333932465,39024457.53704777
621,19172939.18024372,0.29283239483587886,0.7175832805285021,130002210.20260803,128056644.2391311,0.3468785736487072,0.22955861033717442,2.9760176830603746,0.10486976030904774,41630231.7626621
622,19740976.50389171,0.28475678622893613,1.0853343965667028,175190414.29177585,169952589.53701514,0.39456011156433207,0.22150578527766374,2.951152901678575,0.8810807049751221,43987819.142334625
623,18858806.610139713,0.28078406116281934,0.857524052136899,198381816.30666143,194338951.30899602,0.44356543850664104,0.21371749821671335,3.0016237829265062,1.1500356538161292,46827747.758911125
624,18779581.763019633,0.2895073662833125,1.453506072538885,61714890.35018495,61479811.45497371,0.16767164909485174,0.2406214887187706,3.125101965294564,4.436586602676051,30741707.523383208
625,19956885.01913672,0.25888895615947083,1.2511741111515846,82284441.37240075,81638081.7080883,0.20574040078318076,0.20729466557353873,3.1051214394380975,5.095381670410925,33574433.39641423
626,18832449.47636735,0.2902770611412161,1.1917525553256494,118542368.10160756,117234328.28574504,0.31122464792945687,0.2279839673146286,3.015655699972931,0.4134572234373417,40926514.48446922
627,19402098.4836358,0.2826325118677431,1.4663766343151634,153330882.4972142,151805213.67303917,0.35627888007556663,0.21805752107002152,2.967683538869686,1.142744816456974,43127693.23844694
628,19374821.5029598,0.26605702365355544,1.4359126085036544,170133751.03700843,169564370.28877175,0.4043193746538565,0.20264906651621092,3.00176648675728,1.29098793557211,44259708.12672012
629,19441501.255350944,0.2934677289581416,1.3189153460607579,193216582.29614532,192862711.8094552,0.4166026648649004,0.21660507757056693,2.9250154000110014,1.4373105743464396,45469159.996677905
630,19987277.384315435,0.3203786530766591,0.28973040893103574,54228109.78175795,53965709.22614084,0.2176734403319426,0.26431156033595604,3.0188537665245656,2.181032924008838,26079022.70373556
631,18733824.73145494,0.3073964360357863,0.318728151893662,67533894.73523611,67263390.54154472,0.15828768046417757,0.2536214490453719,3.0686947364466692,3.9048077196202384,32358995.71767655
632,19043673.159374233,0.3087054764390757,0.38197058175000137,108524900.62888448,107962183.25612043,0.30457631617987097,0.23631092290463826,2.993121419919894,5.654622253453772,39259303.66449631
633,19204327.396271553,0.304457769552941,0.20916952313489426,148398582.85642892,147671048.6601109,0.35394292049247045,0.23384828861970772,2.9186107154122345,6.206535424616843,43084381.46908489
634,19967621.238683313,0.3143138069994334,0.14582578237930782,171732385.07205722,167358787.47211015,0.37840793571659614,0.24234982813433045,2.854350929929818,6.222530904483127,43210175.58462334
635,19603036.31153518,0.31317753331107145,0.128212379826038,195797308.27575338,195675347.766386,0.3819629483815527,0.24179811692617637,2.822593146529486,0.3598830263664571,45348137.72693718
636,19664340.36435636,0.31974948657028346,0.5847561001388326,53205586.24530665,53029105.21299881,0.2071745788951667,0.265962704258413,3.0173163289324902,2.5296619262844704,26263800.603264034
637,19249089.22164456,0.31473484115448586,0.7978303782037398,81533642.68999708,80696359.01876381,0.2117515994678421,0.2481850856322297,3.0355494000355114,5.039093875054318,34553888.56633227
638,19196177.49379463,0.3028940674045682,1.0063607654672873,114817049.64768629,114505409.59840874,0.29818921457066183,0.2346116576668498,2.968997958839466,0.14553309049681262,39947703.95176402
639,19659757.862974178,0.30933581667304144,0.9093636746123557,130768071.41272353,129515797.62298714,0.31904653073884526,0.23854476131590674,2.9243997335619505,0.19170809982429587,40707332.67821091
640,19370237.926358074,0.31559905632073904,0.4926056052026749,158546012.2757276,158349312.97779736,0.3796372788564951,0.2447543488997062,2.894898883355403,0.3014264227132803,43561626.69174549
641,18747333.51938227,0.3154476206191246,0.9100235047176751,198349434.85432798,196657880.58321512,0.4927204547048896,0.2258359020099355,2.763511815141327,1.6614769703845509,47415224.958174385
642,19775651.059437513,0.3139803962964945,1.2329299133801825,62154649.26271726,62096145.608430564,0.18663367059584202,0.26305011607963363,3.033745112918859,3.956989251166071,29044353.416058652
643,18870709.549035832,0.32029481193904763,1.2777723529458718,89244748.79757963,88938015.03488985,0.24648461031423666,0.2484164790393372,2.991262014083442,6.0416691086003445,36840257.87562217
644,19043752.01386329,0.3194362369112506,1.333743922426775,103142072.42081925,101718379.06317227,0.26640897477458425,0.24792473285197783,2.966541941372096,0.15328660494551946,38546555.11023806
645,19518992.240870737,0.312476809834462,1.3981532898251778,133702671.33478993,132703774.8122344,0.3347096912877312,0.2437356654104358,2.9408183078690215,0.764412036052002,41367595.499482885
646,18976141.856124517,0.3202412117157931,1.5553747681532075,170807580.37577868,170300488.96450207,0.4127463084714378,0.23113849598517092,2.874425196307723,1.7081667944246115,45167519.54221596
647,19306430.545253187,0.31881734633464565,1.2895015150775786,194766889.1508189,194236989.5451615,0.3721211878313849,0.23357410404727413,2.8206093950385456,1.600737572836892,45900374.330717124
0,8150027.841641365,0.09444185903811458,1.871843729522691,50776560.14845869,50507351.46258525,0.2576459177074352,0.5108398719732209,3.557027185227761,1.227218855276085,73158393.59936139
1,7894540.060556717,0.09505405802471827,1.8805930874354733,87164967.77948137,86445740.77889107,0.36346688263944626,0.5475620486295301,2.690023929986126,3.5025843562409658,84597582.01498011
2,6961784.144958618,0.10547296767185557,2.0448214077865696,122254849.21198028,121677017.66845465,0.2937638826739713,0.5333565556276527,3.0491268116211248,6.17059717428014,99862286.91787148
3,8148554.938298255,0.08933258432926204,1.9771374586151935,138933497.42079937,138784616.36615852,0.32085732540680006,0.4826019647723166,3.388752378380361,3.891204616638981,89974570.96171886
4,7574099.668666253,0.09532534799842408,1.9333202063304025,183364493.6167161,179101653.70470873,0.3569642341318387,0.11957335257337671,3.4280908792255516,5.176644221720617,96280432.0739473
5,7704356.39936436,0.11014233301254843,1.7877562486742409,194425165.15638006,194170314.41445258,0.28284266780844053,0.2628203076147386,2.0273178350458023,6.144346853926902,94582418.77319656
6,8095004.715415287,0.09943267996819379,2.156284708330101,57653057.89075654,57582018.44620394,0.32406088004983924,0.5490288277536421,3.3704354896989024,2.035361040805449,76323398.221599
7,7429377.277395173,0.08825522288599338,2.3370263549532972,94718572.16370222,94118694.67987823,0.4041363708841032,0.48946381190716043,3.4626945716138757,4.240086614324964,90278093.93886846
8,7306727.341368902,0.08850815999461352,2.262951712582841,123112375.37049219,122950642.20922063,0.28904452822325155,0.5208037091076246,2.574458184235365,6.273743861588424,96458956.30035451
9,7026418.86112481,0.08789569466224775,2.5398466624114153,132057096.40958603,130980249.81047368,0.309060541935725,0.3914472982828026,3.5276096680053084,6.255129301352185,99713264.55983175
10,7001728.574223811,0.09515107527519304,2.3979528515103263,181109862.25339013,178370638.83703735,0.3138335122436515,0.4329588186822137,3.4115941264495153,0.8513680052996279,103583560.10558453
11,7111032.400108223,0.0939215552923034,2.1651683070927654,191402847.11459064,191002818.24666572,0.2963698062452673,0.12030662296368877,3.3832211936731507,0.32158023350431647,101481961.05217436
12,8164245.648662496,0.09753931013819654,3.09408944548406,61494913.08377413,61043832.80495668,0.3285031217424022,0.4108187509759543,3.7050810010566817,2.385233273022063,75254089.7767873
13,7752025.473279159,0.09565019627252717,2.856693305679134,78332249.6886612,78066054.45129088,0.38714131585730804,0.3136897667270805,2.2678567172766315,4.682261159071997,82900429.45168325
14,7308469.684646602,0.1041694344828166,3.1213006335225373,98129312.47709474,97314883.00593013,0.3355101278630455,0.5536012983000296,2.837002205048692,5.979813291499271,92092581.02233529
15,7562678.061789112,0.08810665428449789,3.052934614801855,147412742.61926723,147169686.0363846,0.3246622430989575,0.19830017880761022,3.664592871302491,5.633473513553204,94476644.24867523
16,7228859.35917726,0.11039644674361501,3.026887887691223,167507941.47747833,164928263.84970117,0.3538477907033479,0.39314223096314826,2.370081731296831,1.567395881446472,99195860.69182125
17,7642347.203504612,0.10120614485004888,2.894560715676393,198427147.9342838,195770081.30834898,0.3755825079870303,0.10211249746842184,2.772885855942481,0.6615548349745064,96668308.58328354
18,7631594.947625107,0.14763143615112778,1.8222997285792153,52456537.8757257,52150447.3660016,0.24348005620623936,0.16918602074676647,2.568397753402064,2.6661236207294543,75323119.7337613
19,7962622.486445038,0.14735078633304347,1.9517233739196826,88860236.02266549,88599069.92837712,0.3674769887753362,0.5360979720539013,2.870635833662667,3.4640210198631016,84887092.66567658
20,8157257.864961667,0.11359417840896163,1.886065326769522,120165798.53036608,119810507.70926413,0.3395793222639978,0.4926128740203505,3.336446369650662,3.425014695852813,87826459.95241345
21,7490538.275908114,0.11083060804810002,1.7491463192422851,144382261.61120796,143200140.81597078,0.35423647826889315,0.35562577550476426,3.5658281433079857,4.372961317598913,94858942.77193785
22,7043243.108570502,0.12545727501427073,1.792283543302386,172159854.25029975,170121949.94042614,0.32013677181054784,0.2922477851155689,3.4767007350578503,6.071158507867036,101612734.29581627
23,8094163.41980618,0.12462761398568735,1.7365694487407626,193144313.56048626,192070027.37826228,0.31359342835828674,0.462576227876691,3.126001151469499,4.908579299439511,94236069.09784637
24,7310136.180885047,0.1489599547439038,2.45900860226502,58096018.14589221,57903497.73560326,0.313358069139544,0.5399677919218301,2.895923896812354,4.157390495997332,82898771.35700634
25,8133574.022152721,0.12637730611258483,2.284314205800385,92656559.84597231,92150548.95611429,0.3785282891617011,0.48475200804052276,3.3754872894941177,3.026790067793335,83439562.68646243
26,7473187.606919537,0.13981388581498994,2.690880990225417,124672448.04353774,122924746.56088912,0.373005747637235,0.3739756433648493,3.423248286267444,5.223788006841451,93839139.42634127
27,7865332.559219332,0.14132524423384005,2.352009576707663,138513014.6960779,138102076.58108842,0.33706421515021406,0.4204566057021566,2.468612960014485,5.343577928016037,91194166.96574537
28,7628789.62402439,0.11522276809124868,2.6620358241360416,159362270.28004602,157467253.19194856,0.3205261297843929,0.10324619146865326,2.9194257220005357,5.997534557758241,94608920.5484178
29,7741792.404827567,0.11312384657677055,2.582522438152914,193471968.6224811,190973545.58720776,0.32881532948809944,0.29313103058813317,2.10106027039996,0.6185007484778545,94864806.91136557
30,8151614.1342325155,0.1578838309673857,3.03439801250995,64396938.27466869,64366766.83533196,0.3468692434696406,0.39513076085694415,3.567879804031775,2.5912043003552703,76045874.1486134
31,8018323.4182421155,0.14167009711579998,2.8578587480084785,67448496.92512205,67190441.56506547,0.3497862935924954,0.5477580137025049,3.1334640386533636,3.371992776766114,79424613.6127999
32,7098100.470748177,0.13316564697346553,2.885965392655132,98025023.6423055,97318295.25612153,0.39710949555789626,0.16989809540344863,3.537785449050592,5.435019732475104,93634216.0221887
33,7272966.657539415,0.11316943470225416,2.9604288002900656,141314558.51086003,140601813.10082054,0.3270367404671313,0.41018323506237186,2.3879139808337237,1.040033135590376,97173009.7553502
34,7503931.66886413,0.13833997878186036,2.8068902975057854,174862045.87779528,174814966.64222825,0.2997872174161576,0.35872855657376057,3.385377837914732,0.1174573901172757,98010439.69567397
35,6897664.015403944,0.1483672215999698,2.8966015758062267,197181800.3380168,194460411.58695728,0.3054366704543681,0.4160658117592196,2.459593372445088,2.546394049300599,105261148.05015403
36,7690889.099305535,0.18874105888743178,1.879708559766972,62217173.24096274,62104370.92537818,0.3184954455743595,0.213976395517772,2.575743375292711,3.2034178796765187,79263886.0138759
37,7525705.025144253,0.19268760706124666,1.8147792697634293,80495714.8832881,80324541.57211126,0.3965619346637883,0.32963821386575193,3.5213661577214994,3.1902085727258296,86179521.61678219
38,7140985.795354276,0.18328065167299282,1.9975723453721648,110490503.0061991,109657028.19928272,0.39870238984468803,0.2157522434079888,3.4416335304101615,5.066395860351748,96065270.02337964
39,7103761.744476401,0.17679784227660983,1.8037664451593727,125432935.89720024,123610049.94432053,0.364970396387275,0.21327035942028055,3.4459721743573906,5.09147376502103,97566128.17212564
40,7924264.100073531,0.18937783168157424,1.959131281213472,164962681.42743146,164764340.89287916,0.32905675280371316,0.4193024045286052,2.6837024523694186,5.130799064083121,93000859.67008764
41,7078881.714097484,0.19007302158471118,2.0500758155318737,195682007.4051205,193217188.4295298,0.3380165153778703,0.29923315101572334,3.341931831565149,0.48729962268648497,103147279.6135718
42,7755977.475870297,0.17304350886969402,2.577404634376061,63939672.556428865,63861860.41084515,0.33339850249084274,0.3077943116957603,2.4572420248596214,3.9550984132076707,79561491.51278022
43,7520281.822673837,0.15961762357319131,2.2926477544069206,86887590.17302859,85577508.06248473,0.41043123437887863,0.33927679652409026,3.624221881596964,3.811253571653846,88323850.86186104
44,7110969.695857909,0.17976607207652767,2.179414210415243,104074999.63758323,103309081.09631553,0.3906832617468567,0.23971270595503677,3.5044541476612245,5.084913680938659,95533174.17448029
45,7012320.877309894,0.19778405970801535,2.1173894698174482,129250502.26685712,127424075.41676766,0.33461888781626853,0.4023153103332632,3.2446466708303765,6.007762925219883,99375532.95811164
46,7420858.414204023,0.161532464578213,2.5300318753552222,172023891.24372903,171414999.45590734,0.2794333587582742,0.4215430943176083,3.1611337238775614,6.1663021415815455,97277299.06334612
47,8092260.067638966,0.20050742425439944,2.2924793247480815,185579214.11043778,183665857.24502644,0.3244456954031516,0.3909141967861238,3.121629358328926,4.959664964971214,92556958.95184655
48,7426505.008704127,0.19567576614280457,2.8298686863922073,57702296.13067154,57341680.98269213,0.2992523634492506,0.48118336328160205,3.3237814289828305,3.915068525155384,81326800.87905553
49,7307362.471022036,0.1649554128425802,3.1261835270798692,81567532.71108335,81312461.7882373,0.383803941279238,0.481475943946489,2.702698968065046,5.66992300503515,88842411.36692041
50,7885905.509010625,0.18624265994489736,3.139641518973922,102120386.53664243,102085446.33460155,0.39411813399865103,0.44559157749575223,2.7206177419684137,4.9730414439839095,86258206.6384489
51,7707670.735199444,0.17710760957810795,3.1355034409775246,153506625.51602167,152922480.71076587,0.34458663991346433,0.18191954970288457,2.4418522784717385,0.2945594406041636,92892789.11679032
52,8073607.08617722,0.1875083339362556,2.818225756454244,167464268.3072113,166574234.6606761,0.3498038832149195,0.39049393947577143,3.1859312412931198,5.010951100476307,90633667.1924491
53,7960079.402429799,0.1850249233831513,3.0672994661162907,185649221.789941,184152480.46148485,0.2724815364925868,0.45807360178736517,2.81807045374738,6.265346153266062,93280773.53888184
54,7165553.291284402,0.23735263927835962,1.8247678079580412,51925323.3033855,51683045.02789579,0.23165555487415415,0.23594220053060994,3.3696453092206946,3.3704722030053205,82952823.22297123
55,7227928.480919888,0.24265331345195124,1.7546173706563997,79856326.77730925,78842137.81870963,0.3919665829679563,0.2363521570475856,2.7060896903791143,4.467853692172617,88762326.10806616
56,7829947.475619206,0.24690553567496026,1.9053115206713476,104729706.1789702,103650759.14406928,0.40330816331820996,0.40762431527716975,2.707480997257268,3.899619515209434,86489473.19727807
57,7984529.067646381,0.22249965541205177,1.836683958793738,130024887.38800134,129762934.85486269,0.3631335473697861,0.44759836432866307,2.8709036977501468,4.162292152918912,89584672.97426246
58,8088054.741324829,0.2396487921569553,1.8793265077225036,159282611.59380317,158206117.97602868,0.3595177764376711,0.4132215588734946,3.0702906288247274,4.39257269311223,91382532.0483957
59,7422753.287477038,0.2267833297987478,2.0147783488650925,198810440.7102934,197686340.7581109,0.3105372237528035,0.3840121857052443,3.0266283853758362,6.026408399066265,98373520.89262858
60,7623272.032421347,0.22459787852077104,2.5236530499103362,56113599.39212781,55909924.70011595,0.2811607854514259,0.1949025379325087,3.1263543260987197,3.264197550274842,78360763.00976583
61,7623185.754654945,0.2305295508695997,2.1013988264274857,75397087.45197313,75246454.13630071,0.3894304976667594,0.1983606886697437,3.085505544117543,3.5228994981654838,83777515.9391034
62,7618161.039823954,0.23443943562129393,2.623403891113628,110500140.84973213,109703641.3959069,0.39219889668721786,0.20643557876162444,3.2678872620177852,4.74075697070525,90446087.54687843
63,7998569.71526663,0.23474599401639928,2.342997632608363,144223592.24141258,144009057.69960612,0.3558415679029934,0.4185317798353209,2.9634810879226485,4.617566036813469,90181485.17917751
64,7028145.277741148,0.2310422867806448,2.1125218907598344,159044283.4974731,158693532.4917099,0.3300194807822061,0.37286823256825546,3.2235670946947304,0.3978054628285387,101861423.91249791
65,8116494.732080748,0.23977128205365045,2.166594932706349,195013388.02455565,192573727.26780948,0.3607949242609848,0.37498178278165734,3.0351937671255818,5.107181589872248,93471717.07894835
66,7608065.822167848,0.22869166679055572,3.083600892423662,63172182.02994902,63037562.898150116,0.3341049684609685,0.22439571785578075,3.3526544969446213,3.993622022751474,81445938.28074431
67,7807315.162178727,0.22206081920430162,3.131923270777263,68049737.37553786,67775739.01125342,0.3534602717080793,0.35780236271419513,2.6179345189741854,4.432191300063039,80424578.68372998
68,7636575.614657316,0.22007961548542498,3.0554882370825975,96520495.28482336,95238740.01427236,0.39541439597757183,0.18520890432747844,3.180903425661933,4.893316505246431,88064770.81637241
69,7606353.00252029,0.25203087544950953,2.9769089997651625,149797861.96450183,149500156.48420313,0.37871887797133946,0.22042572954091283,3.0596136951704076,6.033475830142018,93954944.1477171
70,7810750.776523387,0.23718651237633415,3.026217289405295,184661915.8013315,182816814.17939225,0.3579094209856674,0.36247482906366213,2.4609981233045257,0.55446705634601,94159686.23998287
71,7136109.955561379,0.23541740508968276,2.9571461673591277,186549086.23161808,186171854.74144697,0.3746930831035843,0.19108209514681476,2.6826310112030014,1.2783166973741045,99917915.27660297
72,7479077.681175858,0.28079965262827866,1.983035361423664,55899409.47778818,55738184.25581286,0.2653056209440425,0.3375629903473398,3.388032089138961,2.7261221759125394,79163623.42676398
73,7114590.606172897,0.2920109432056901,1.844918259787172,68404969.18692271,68050665.7484072,0.3600061717942844,0.3043456225211839,3.337155225059628,4.0619728834183535,88476123.85414296
74,7337033.647379978,0.2791992472029099,1.9226272718051967,102258824.58532326,102110539.57894735,0.40139877032676996,0.3933518465432445,2.810078526826265,4.813576907210139,91719426.55226338
75,8006917.464859199,0.2845464289697399,2.0613869643809513,135280223.2377579,135071411.6139048,0.3747760671850183,0.40085877609190484,2.9462984670307235,4.311661197865371,89645568.1420832
76,7458139.190541465,0.29739937568816877,2.059482821278593,174597893.52912572,174104644.1444182,0.32682031688571145,0.32667620016546767,3.032067322780019,5.746453040668847,96728548.54787712
77,6930510.681492654,0.29783989084053186,1.9684652953848172,186344905.8936171,183401577.9648532,0.33548762031805135,0.39430316919806396,2.8186332282949493,0.8757920386970338,103238869.0561896
78,7047752.950975658,0.2867944081067157,2.5944779371688176,58779464.15035124,58616681.79015111,0.2896680782682046,0.3766126331566582,3.342275022564488,4.615706158355687,86080902.93954901
79,7320741.194161882,0.28298021563349457,2.1938461620827097,70257703.46090247,70085237.70397557,0.3595883846154643,0.44333298952015526,2.9839661398144006,4.033669412999482,84934487.16046543
80,7700672.950260564,0.2598482280859344,2.765594873666509,112402698.65437028,112331645.30314997,0.4130476725591908,0.2167303470191787,2.6867991293235316,5.111554204360717,88333028.58756635
81,7615228.157055872,0.28167538447106394,2.303860505625268,146825012.13544425,144919728.98072737,0.3879414663465718,0.20996458044015728,2.97041716552779,5.353058466369838,93665524.81595957
82,7099834.674629574,0.27749625797855093,2.743064770814764,168826944.2399079,167561803.03816417,0.36196039056104223,0.28095925959904683,3.197824898088445,0.7639789941042566,100739216.38883787
83,7293591.261800432,0.29882125455240394,2.6849059468727967,190251475.91357577,185309503.6954687,0.3507836300843947,0.3891630528906461,2.7392207205434853,0.7893282968970008,98695254.33527532
84,7092859.345641827,0.2582808495436821,2.991782231570251,64038112.96253877,63613807.100659095,0.3268618792475422,0.2563915817496431,3.3715582982942234,4.880712775484354,86289765.14905638
85,7184273.39967173,0.27662895796795617,3.113885799837629,84934556.28828809,84503940.08252257,0.39477508398596584,0.2579209736303056,2.7102171065252234,5.962319488510519,89513063.95033745
86,7327893.777916408,0.28245285831392974,3.03971439082128,122722715.44087528,122084775.76389177,0.3676211882000196,0.422011266712031,2.8005639138468474,0.2240300426232833,94419741.6133854
87,6985504.897317384,0.2656536859906278,3.0471031255727543,135806083.79041722,135011952.73312613,0.3779442251960083,0.41252201972870944,3.018513022560614,1.0785536919997445,100372384.35141516
88,7704123.712938288,0.2602879575655749,3.097107475523816,156021412.61474097,154262422.05391753,0.3431115583456304,0.21141307413636246,2.907886706744591,0.1368213075061443,94533402.80744219
89,7040105.333467397,0.2914182317331848,3.0353399892210065,186809495.02541348,185851321.35846257,0.3577822860994139,0.34630020484359264,3.032264026897587,1.7063546736852653,103825118.0496203
90,7972788.574295515,0.30738078802231683,1.7291023338414002,60692133.16286756,60447595.91490589,0.3078338920639581,0.4200326602881137,3.016455023730223,2.260869103326616,77416691.89821362
91,8154362.676312337,0.32125155978500763,2.080286361238001,72626248.25878991,72337799.73782246,0.3607905492250336,0.3613128707789289,3.2263711766048755,2.436663618226042,78762083.22931905
92,8125203.71782403,0.30880841269963344,1.974905811475468,108652853.86765452,107656222.43212135,0.38332169702596836,0.37111586198278995,3.159709613607998,3.196713357784929,85023974.48692277
93,6965581.5795676755,0.3182578695454133,1.927169230222314,134635628.2891633,134404966.57740855,0.34597638444304746,0.38336551196980384,2.980665505235092,6.089665421411447,99225867.95098233
94,7747101.249764167,0.319303131639115,1.7779170371054331,156277339.57303435,155895909.3250485,0.37274550689151864,0.3047943872376908,2.648659684432011,4.785681840007912,91885284.4946283
95,7441729.7513424335,0.31267663987005434,1.7284640612549556,196311966.41508266,194615575.34677863,0.3444504331664242,0.3113049095104189,2.9867349032064734,5.576639078354867,97739816.27928506
96,8143023.251206011,0.30441101751649485,2.3985944435553876,51578630.613290876,51559406.540944025,0.20283553190224504,0.377990717254385,3.312012442426873,1.952075388765739,71830009.06244671
97,7190801.393703344,0.3043351486838528,2.2647555150966188,72023606.62680425,71922486.81538929,0.3581575685836852,0.2620300084073401,2.872456294888921,4.742625771045628,87786580.66126595
98,7898468.256839291,0.322049691295888,2.2799981742500375,101382709.74109478,100452901.5235375,0.4235182873764944,0.3940889933565033,2.891144199051977,3.997788617464867,85885458.02154368
99,7762439.289827409,0.30737250622718865,2.3774464894716227,139531952.05260363,139436604.40969315,0.3890993059308378,0.28881980917745376,2.597734416779922,5.235703719933708,90840287.30968231
100,7872567.51193567,0.31611398042163497,2.2993695244931036,184140591.53946704,182433037.5493093,0.36334761433375184,0.3450723109758649,2.5806066513990995,5.818951765593212,93811104.71278639
101,7997008.465860471,0.3200149227166387,2.5564198521086405,187066059.03020754,184566956.8462228,0.3150263312075876,0.3557781952401711,2.837517977288612,5.571588552868989,93162594.6752964
102,7676658.254326297,0.30230251551168696,2.899457425408004,53046287.627157636,52937973.0865764,0.22675830256874335,0.26087489179135115,2.9170128556999444,3.7305160908370394,76699850.9373528
103,7000949.60717308,0.3143503999210817,3.0187301546352496,67459504.85015397,67260799.7950753,0.345642144270718,0.41344364648777,3.001153685470989,5.826628490829233,89448719.55293077
104,7338641.35511258,0.316110234285193,2.9493224016009987,114740776.4021172,114580405.66196854,0.382997055232757,0.4025512519754566,2.8140448883952107,0.07440209816810263,94127111.78454229
105,7694362.134584335,0.29997228510763835,3.017198603840136,126425212.8221285,124685178.2520752,0.3806670293643935,0.24489734438923502,2.6928527850381796,5.7319173679905004,90632157.50484395
106,7284148.7402438335,0.3070083254967795,2.8679706108570024,169374468.58625335,166937711.87877062,0.33853966547507364,0.38242284512035785,2.7477498010845887,0.739258418633477,97662895.18436252
107,8106743.043486532,0.31118614080388385,2.9882223172426836,190600269.09535766,188188321.80187654,0.34439484767457734,0.3443495096894729,2.9427588208443933,5.849051611818398,91842511.46723102
108,8368702.91984917,0.1051203664174465,1.7816569324632492,62213512.31334492,62086210.97294958,0.33323912125690597,0.16178851375511996,3.761408759439168,0.7821746909740506,74299002.40642783
109,9563578.421372527,0.09447852779645034,1.7855852995837838,80488359.79184969,80395807.75199358,0.3739935864098273,0.30515483462327675,3.797686375169347,5.560682157723475,68848264.31860648
110,10537329.457014311,0.09091639924640264,1.9806967861057982,115333855.16432783,114874094.87397957,0.32531751905688594,0.408613759033036,2.2971756438727287,0.5297422542719105,67359377.49720564
111,9989942.084975157,0.10469284632031028,1.9092840271663711,131610941.90704884,130783059.71544315,0.34253709894437995,0.11077103435914122,2.3868168814736035,1.172287948598686,71766688.24307883
112,10670248.364983901,0.10545101135633095,1.7979863445843074,164785974.33345032,164115941.7270422,0.2997524633845837,0.42123479116111334,2.3565781131456407,1.2372224321806113,71456011.23297822
113,8392045.676078215,0.1052976166293112,1.995700066702378,188101501.86388224,186474130.5871401,0.3381057539304856,0.16047412961466698,3.5395512143261563,3.868401420758711,89997363.30066799
114,9822634.278555172,0.10628673668482116,2.7407143059866197,51850003.33868119,51784078.32113629,0.26700544936956866,0.13135608080596853,3.7227031908359147,5.23765810080801,58901360.51971276
115,8308619.75546974,0.09551527480443356,2.6701610122677275,73372549.3822445,73109306.85021839,0.3733832824035424,0.2200221666514836,3.872924285658981,1.9287471845378037,77417951.41119772
116,10493425.301497687,0.08799676089773933,2.5521899343133585,97516200.83468851,96933568.67860304,0.3447781368070181,0.41076032451188627,2.321847675052449,0.6000864888336092,65062823.41147111
117,10719065.909664972,0.09933565782342117,2.5961764484548233,135566266.18607986,135246024.61707672,0.3164266363760278,0.4473417825098983,2.4524570671219745,1.346043206410978,68736976.29863541
118,9297608.55190928,0.10493752777058998,2.206124049077486,180984749.60043624,179183380.34076166,0.2730297716885858,0.43985684451285445,3.2282003110068564,2.7636666802000476,82410094.26113561
119,10529853.32802493,0.09474186205515593,2.380831751746917,190646042.65717882,190260686.42289242,0.35368234271731547,0.38009971699662654,2.113685381459259,2.669565273874356,73646700.27437344
120,8647648.840227086,0.09519743142506029,3.0563517124880684,50154901.844995655,50047426.13322246,0.24435324338920836,0.3363273435868618,2.292420425025648,2.546972601584047,66994941.02880098
121,9283801.825263748,0.09862284208042826,2.9579006589782195,87335541.6999303,87078616.24598221,0.41646106300800906,0.495955282996592,3.3995991423459673,1.5521193982881758,73286139.11520839
122,10434726.576429268,0.10952824715346877,2.917318519809239,97856699.3386384,96310805.21996965,0.3650155908700443,0.3629514429113993,2.3273524175273597,0.9680662709432603,65159464.061531596
123,9121635.733117102,0.09913225199373363,2.896910792071056,130848169.82025139,130283488.15537852,0.2913773365839086,0.559335445012592,2.9313803331708828,3.568674335795539,81435357.69421402
124,8932113.88725248,0.0947029551079018,2.958787636808781,157916792.7771753,156345784.75864255,0.3075506941065301,0.47720925714529727,2.577564325893063,4.655647716787026,85019123.23865484
125,10321521.70788374,0.10142652153599695,3.062110367254629,196041997.73534495,195283061.32638568,0.36853378616333454,0.3079389632873135,2.020001027909575,3.6141222283816146,74600346.74394429
126,10465914.28975404,0.11819247423020472,1.866994628859625,55899543.359135546,55684874.21539226,0.2926025895824656,0.38775291217719243,2.4125567963667107,4.818203888042405,55607155.80586873
127,8977362.383456383,0.12853042413839882,1.950420498521417,65367997.3252132,64859842.25504215,0.37574135658753405,0.5508486257493082,2.846447667491775,1.1395887564126845,71110606.07901314
128,9074768.418156398,0.11868415173054594,1.7344075412526725,110954909.22158277,110682233.38139881,0.35060236636131603,0.50832005670443,2.8718637212331743,1.8610755256629548,79492163.52971748
129,9800328.183770651,0.1396999897612467,1.9545713734716703,146241677.7447092,145873730.37049562,0.35650882565156433,0.15741141926779342,3.518883692335915,0.8255112479392878,75287173.73008487
130,9403728.186426356,0.1216868311247491,2.073665228922244,171622724.56743494,170594525.62034887,0.2948001888934405,0.39302892275192086,3.3289132131537205,2.3251860427127546,81183895.15231311
131,9497937.686390134,0.15220153825248298,2.070934315600929,192746812.0544314,192243381.31759262,0.3442217313580986,0.321906907228752,3.308780876702691,2.4232421895880827,81684384.85529718
132,9578791.492144285,0.12467925641485805,2.741223091977411,53374141.861395136,53272572.927935615,0.28540080405084023,0.3302931540860553,3.7953656207987883,5.8019194815904545,61978213.152430624
133,9712775.298247179,0.1274609468158159,2.6509255817528485,78420006.67402637,78251206.94354121,0.3929453829101265,0.23982986224256506,3.7545028691687703,0.025439684413615906,67924426.68773654
134,8926219.103099272,0.14655454057416054,2.41395795372911,117100001.73159677,115698201.644713,0.3424520575543935,0.5060430617175294,2.6582188040399397,3.0465421587013277,80352091.9586339
135,9507367.66168774,0.12686662743221844,2.192027475687357,139404047.85953873,139022995.87672892,0.3671012863869856,0.339829067984013,3.5893904470158975,1.3528561126312997,77620868.63749653
136,9597041.73620839,0.11122519789313041,2.130313560529428,174463040.58287448,172221145.48214087,0.33463897055102004,0.24429596911178098,3.65806871276474,1.6040254801338119,78961359.45167825
137,10514032.720544385,0.1379272769349925,2.096469853556014,193212962.09605405,192471636.504226,0.35235502375514655,0.32568032307699685,2.185423803680044,2.1602783682575746,74030477.58896685
138,10791702.269686876,0.12384812230951953,3.0099820255120147,55851129.16741462,55798482.94711132,0.28234205163039566,0.49406886382234144,2.6406979241423487,5.379445905408827,54129890.29539694
139,9495682.034254596,0.11729207398321004,2.927773448386225,80169321.82128328,80105053.21713787,0.3970911053473708,0.3763377003207362,3.7138192625883684,0.6936674115303554,69757178.67418161
140,10625032.828866435,0.1218161193232049,3.1150409670928396,111935586.85846195,110898654.32303798,0.35290810666481087,0.41717611276716143,2.452675458493331,1.265146687791041,66197257.34280083
141,10771534.590083137,0.130497117951132,2.986591779143203,132592306.31604505,131425758.79224244,0.3408081656873459,0.4420239064198019,2.542018654881882,1.3429963660529978,67811557.27825974
142,10318881.612942472,0.11290621668556057,2.822824728699799,177351593.77117082,175619234.11206526,0.32858861155035646,0.2825748358826473,2.0692825118853677,2.788199862091596,72973756.91322044
143,9428101.230348885,0.13682468004378506,2.9726051995896063,198935859.0588673,198375671.14104706,0.3076987785352679,0.401532506861578,3.3220123468396308,3.723534352656198,82811406.32635301
144,10322329.336259771,0.16008117797118926,2.0470135203978956,59433754.287416205,59139487.06110331,0.31121237275135927,0.28193912340169985,2.413513549815855,5.394832933610686,57634640.90432886
145,10479390.501947725,0.1647241035897031,1.8142650489940926,67278764.37926777,66976526.081163704,0.33332435064119037,0.35073166046428755,2.4644744195212493,5.178385853869042,59141958.51496758
146,10571048.884592073,0.19346624545022525,1.975384144318296,111094347.06450203,110570219.07554996,0.3386510241255823,0.37405896375235204,2.4613679425850616,0.20317537644304412,66668153.67383531
147,10398836.511317223,0.1714673330439597,1.8326801180399397,150253920.7609322,149710445.98700422,0.33193045930165677,0.30011706962546336,2.3252228747213763,1.1371339848826036,71235774.42069978
148,9977240.259451611,0.20023097258094458,1.9234179597799357,166761980.99452758,164512745.43086904,0.3864726954765574,0.14640241964228223,2.8227467087294458,1.5680655527456404,75587459.21385598
149,9340478.739662658,0.19515004004059844,1.9681115796605986,195506874.15965444,192266407.35764614,0.3157474697897371,0.3988074499168474,3.0914324408175133,2.8887752004460476,83296228.20395342
150,9467168.331241803,0.17403633415538514,2.555606962388532,58236489.71907698,58063550.471871845,0.32437241880813195,0.427169572294178,3.5160615359501475,0.20929635613026235,65352066.75996402
151,8794513.887710372,0.16420397487947186,2.1204261725018743,89482450.61397013,88649604.44271554,0.38117583744489264,0.4181640964091614,2.5048793536164893,2.477065668700518,77333730.03256346
152,10252773.204811437,0.17124674816684562,2.4869282618413897,100602910.7275126,99824997.26304771,0.3745855748502774,0.25630520309067056,2.386154518431857,0.8005564357873017,66509999.357936814
153,9275066.723693065,0.18888720964711184,2.515875283174849,136034082.91220668,134720201.2538569,0.33381028952237163,0.44119066214880126,3.0887752983306855,2.548026625193811,79830124.58387889
154,9940634.074205125,0.18744253016247486,2.185591565185246,159076315.77090842,158654722.7602103,0.3482744247828372,0.13841035979474012,2.861559155347408,1.5742978737180162,74686412.18980265
155,9763366.83989198,0.17638398233007405,2.339886292662041,190879963.80035833,190177575.75030208,0.30795667946199456,0.19846404440514126,3.253353970606287,2.473309703315209,79389046.56557831
156,8782359.942347132,0.1812640899361548,2.9157381055560134,53785361.69600381,53752760.49812196,0.2662812549803454,0.42483033323840486,2.6280307417741176,2.1271919633385643,67660938.9051824
157,9523868.857947359,0.1608791276966463,3.090383040534626,66991895.60164564,66933169.65142888,0.36789964828413546,0.368755245146187,3.635911954973086,0.6499997245210298,66820988.542396665
158,10042677.382345945,0.20504087816092484,2.9707954871730435,96914606.32788692,96196342.44833988,0.3959516302429897,0.1808422799103823,2.7022236367827035,1.1519267404055111,67373981.57358654
159,9190699.569174616,0.17847929612439556,3.1297735290680198,150926301.3840377,150558888.15148243,0.34328121589093535,0.48500196027380343,2.9973041929490982,4.075152814731965,83237547.19401914
160,10091566.046134513,0.16100979361952886,3.067946738389781,168197048.20774505,166162698.58989692,0.3297158550620512,0.1689443081405817,2.2694416692636463,2.9827828326633985,74117639.96550947
161,10779415.921784835,0.16241241248041377,2.8039419223084274,185827586.39756736,185026544.12003627,0.32318479773979997,0.3912965756749334,2.437326616070016,2.1667295008350704,71765111.03838313
162,8540702.385004587,0.21494350773492366,1.9074718380171525,51269064.49709059,51204588.83210901,0.2106985471515651,0.23016998426410837,2.662117310665155,1.2523841868520829,68023582.41949818
163,8224740.6500361115,0.225381627259487,1.8726487416626987,82761161.03622876,82115822.65710469,0.3817080167269101,0.38730326052224967,3.35356984754199,2.332253041611656,81201125.98048294
164,10616865.49740268,0.250753955101252,2.0348250996756176,106292126.69066489,105310964.21211681,0.3587373801464517,0.37202267327031674,2.5814368582019234,0.019702389837333908,65758805.44408636
165,9792414.841544103,0.2305863931540986,2.042655616106927,141917617.12477094,139167130.37374827,0.3898244675125304,0.19983805055643514,3.283642772492703,1.1735849770879716,75619741.30782849
166,9847577.17682119,0.24117702135511682,1.7394485277586602,184671142.65126532,183289117.77719453,0.37588191654902037,0.17981692061276916,3.0887770379923256,1.5768696179156718,77807841.97395885
167,8289851.256129103,0.2426219911034921,2.0726112544553636,191052112.4928723,187556166.73685047,0.3373071351278062,0.2604188604992194,3.261586252194058,4.235681756957934,90376308.58131227
168,10466437.539989728,0.21076392966784308,2.3956444269148194,62550169.12813051,62241725.78480438,0.3246723398331643,0.34052726117122645,2.563815122194874,5.551875884540459,57700347.83711314
169,8748770.37020499,0.24010405546132835,2.212612107166071,71195058.69857395,70926715.07301003,0.366363040835682,0.3526184042703504,2.627524469640595,2.12844664358282,73601043.87103498
170,8931210.028452978,0.20844351225068314,2.704622606688844,123717787.41167139,123045378.48149674,0.3825456869053499,0.4657578657394435,2.6938684146185095,3.5019958604025248,80834558.20954078
171,8228285.585168059,0.22050804534027355,2.2807521791456553,147797683.24290633,144924705.52968562,0.3680471044397469,0.3190005369768614,3.380920784628592,3.768832569058254,87873052.50728497
172,8350007.783726973,0.24803561128137908,2.676147700299696,171083044.74338433,170357960.27409622,0.35017412715511037,0.18469074601452493,2.8877043053481826,4.52591197977752,87189023.78080377
173,8972506.360564027,0.20805669095934257,2.268354384038416,191783011.2069437,190668096.96623468,0.33094390440381,0.4585971398399695,2.7504822539578786,4.036981494512752,85580390.5401563
174,9040255.726971984,0.2282684030105044,3.0849984070540932,61435454.072082266,61344157.6626161,0.3261812061378257,0.47402234004165267,2.9388713819732666,2.1088267175066147,69542682.70770255
175,10578813.754824039,0.20710965962050543,3.0845860178966014,77146734.88131723,76886071.41054887,0.37055307634948287,0.38676580051665077,2.5641728885577266,0.32815073774244297,60776191.68704121
176,10351528.692557879,0.2255866249762079,2.9491114228793136,107971540.57396962,107416149.00097418,0.38249715033552434,0.28266315865902386,2.5244612021697934,1.216885860356068,67128031.75728473
177,10006801.148578618,0.21021942685863987,2.815631929158439,147976106.66067863,146792294.90346506,0.35116101150896456,0.15673645948502316,2.6982537855179736,2.209823505538221,73845383.77630207
178,8729080.442662932,0.22947126904410164,2.86959422474886,157586187.8113266,157360589.33863717,0.3619026036398895,0.3332330048666263,2.494309572793585,4.554723033833452,84383875.98253661
179,10790735.552127814,0.23940530779795605,3.01310995439423,191599885.2922608,191276220.52062124,0.30675184953464557,0.3556458995853175,2.5195534800183252,2.2782309074435534,72258861.16310647
180,8378173.09692528,0.27229780280945104,2.0543649601578524,57752117.247066244,57377853.65597483,0.2620614136583771,0.24002053837759785,3.248740534502116,1.389916103081052,72164224.89746343
181,8506682.819439812,0.2687124009517967,1.8077792823900394,73010450.31087431,72238074.73344052,0.35797779075581304,0.21878867456952883,2.9726565329641006,1.8422676070640447,75958445.5314171
182,10023759.324814675,0.2930572517795197,1.845352443790193,95361472.98602226,94239757.92173296,0.41226121020720374,0.24119672524495508,2.836345571183494,0.11148898639912555,67906237.60555047
183,9320084.448956184,0.2579736615388461,1.9247019644166206,142813115.34517828,141287627.16407946,0.374943349865263,0.36149283547737904,3.1194859051413415,1.9206504249671061,79737906.92898053
184,9924441.171816602,0.2606076311772993,2.003809900704483,168976071.6634974,168650818.5422606,0.3722572631153772,0.1815983203897823,2.9097022716600085,1.722340741667217,76410563.47691685
185,8389897.502299855,0.2599178734602085,2.041607624502545,195540845.14776522,191908760.8094995,0.35745950947627214,0.2038227609091224,3.028282070372018,4.394380450450249,89616135.36019957
186,8396330.825891547,0.26893875123946875,2.122704745629702,58156347.10112275,57815670.26623152,0.26476493750900837,0.2352555645068705,3.2358474626879503,1.4895486356109051,72299943.59330481
187,9189681.081444481,0.27751191568527706,2.1619246610923035,69022787.50507894,68529396.8235646,0.3622158312242445,0.4461229581138624,3.0962833485183867,1.2352739021037125,71476421.3450048
188,9977620.501762055,0.26857749624111604,2.3282695063784624,111082100.34867129,110198923.1475922,0.40027357294536203,0.20767311559981574,2.962563941848087,0.9438002592533388,71002747.26729283
189,8205386.1821273,0.25430318960735343,2.3857876524279065,136226123.45290825,136012402.8588692,0.3742837501177875,0.3236595478808398,3.3114385538890607,3.835080262821368,86875326.51147276
190,9604626.420025887,0.2820397515824666,2.371507606251832,178144263.01247248,174354308.9812006,0.340079464982308,0.2796819394938899,3.1137937430178706,2.657597494882852,80532522.09635831
191,8194136.83891988,0.25944167710758553,2.471214784470653,195719296.18177786,195427870.02074826,0.36666765295688497,0.2850638658280231,3.2251351361320277,4.770979310840066,90581930.27173598
192,8957963.263969433,0.2723550125565082,2.9850669247350474,55544808.694830194,55192343.4212422,0.26524635166597754,0.44055349702460567,2.917720594379107,1.9457780995465837,67914883.49264355
193,10813479.34686023,0.28335381007125043,2.84987717020308,82522208.45265882,82449813.74162696,0.3572552562756658,0.40239738241802175,2.7617278701542936,6.190191719110897,61092599.33825681
194,10558145.123289764,0.2530274771306279,3.0694284550720754,110082101.12458296,108755400.02405283,0.3741359307649221,0.3335016948740432,2.6128446103035596,1.1707041524888275,66796590.7616213
195,8482990.948110653,0.2711785066415497,2.9773258920354535,134535124.31076068,133667127.70405969,0.4162266387507728,0.23448949239958725,2.699975091987691,4.309622154614213,83517602.27671655
196,10701236.93479044,0.26641817252001576,3.010702381507428,169603551.5389121,168046258.04251862,0.3299478288872619,0.34313178781573744,2.521235607438849,2.2193940304051356,71357477.79821572
197,9348384.279862301,0.261571505401588,2.907279522293086,193392865.36960974,190329182.26921517,0.3294579153385289,0.40124916006129513,3.0628841241222573,4.086157361388448,84415070.47605854
198,9389256.719236707,0.3118704101359564,1.7351089620046598,61612733.07504704,61260240.20522902,0.3121596942727253,0.36755822012245304,3.2767306743063793,6.192384263180098,66515565.37683567
199,8713236.010473207,0.3214674559836348,2.0435990845616896,79762540.8710614,79505318.59697571,0.39447449423807385,0.3432195887194104,2.784293392681864,2.037180125442736,75554008.10251181
200,9707683.890110502,0.31134037529368075,1.8621705298813063,109846474.3429205,108442601.35043879,0.4230654415559328,0.25923760806787155,3.16364165057942,0.5951400144434607,72650812.00439167
201,10683903.900119351,0.30602976873523435,1.9784906093907757,145609862.8457478,145362939.75360668,0.33694574915783954,0.36714639001630595,2.694103259204852,0.5721442358443392,69692324.22184764
202,10668898.910091296,0.31847048881644047,2.0202166283951413,163752357.76214552,162498356.4606553,0.3416391493458643,0.35109412680241386,2.6855411550928574,1.0257275551832177,71001064.62557194
203,10636865.0711996,0.31572459683129334,1.9791508816235508,194125874.0279414,191990494.12269425,0.3585373366764406,0.33537578826828185,2.682711094625025,1.319433374910118,72722186.44800475
204,9592714.242515797,0.3063457827335778,2.180939468023925,58049617.73453168,57715577.39162116,0.2949089871092723,0.3060834748873836,3.333418079474644,6.130773022734188,63920650.43157998
205,8413366.014559023,0.3069857711010182,2.447776483649631,65139103.79060556,64812865.50791928,0.32646046245811805,0.2465634745487918,3.0134095302261317,2.124577110538105,73316036.30823916
206,9651637.40825047,0.3030310905779764,2.147734727779456,114628995.2117926,114301615.07335538,0.40346504688748963,0.2720883741856546,3.2582564359586415,1.137896336264212,74753104.00787833
207,9289432.884712443,0.3054387227571046,2.177276359013352,149047645.20509553,148820482.53025267,0.3684845026554063,0.3446324959171412,3.018448448449824,2.4098840614140142,80133076.6376616
208,10633873.55393153,0.3114710435953104,2.4014771722817296,167356317.95354533,167074852.16376397,0.3382633019554891,0.3301241076698504,2.651688782959516,1.4569316392281255,71655370.33046554
209,8965322.513803003,0.3161055544090798,2.1939477529154976,190214012.34548545,186237995.20993963,0.35379833547823825,0.3992337742823502,2.799376849141315,3.8560375315914666,85642565.85227582
210,9504162.22782816,0.32007652495690836,3.02682564855843,53887387.74606979,53798428.36390315,0.25186464288943805,0.34516672117644953,3.3107312959504567,0.8228307135837715,63554560.09086783
211,10124760.195177685,0.3095210305595158,2.9090669853658415,94486861.79892664,94293529.29379128,0.4035218876581187,0.25721788257532535,2.8287032544986594,1.033806295433903,67355047.60830149
212,9906794.190297714,0.3225068639121607,2.9783702253351363,99839107.95060927,98781234.58859013,0.41305955874057676,0.23807701680709958,3.0204815001883825,1.4330870211541675,70424617.12567838
213,10447605.276328363,0.3096759300630678,2.92163782308422,128265301.25799185,126484975.58946599,0.37596313860153807,0.30389435070951026,2.684087248428421,1.4105571781566149,69315775.4344336
214,9251576.584644532,0.320421894392071,3.106493155424916,183692210.15417415,183605675.56342593,0.4075141571344931,0.36239501837645766,3.014436822220069,4.317407079926735,83923463.2385185
215,8822718.553188784,0.2994299046992677,2.857880372647468,191056225.2269915,189864589.52197075,0.35071661549411665,0.32916685211355867,2.6125888576491834,4.8753984426751265,86155294.66733262
216,12775342.456702642,0.10425502570017389,1.7838914453647625,64165893.20405573,63768173.52313843,0.27813666719915914,0.4958137880810047,3.58147456299772,1.8955212321345078,47931494.14736635
217,11350752.066662887,0.10357447361594228,1.9272052336535557,74123614.12154591,73773628.59228307,0.34545661825309226,0.5864506222807822,2.9659588345199923,4.215163118829531,57154510.64266519
218,11646020.879572883,0.09778041516528198,1.7338279162068257,104049373.51467481,103363472.47807619,0.3334190437599676,0.5578590281030034,3.0902705567784547,4.4878803176987905,61153783.633241415
219,13197248.130393174,0.08784830522296419,2.019055123051513,146279205.26573494,145793271.94328398,0.3403808958523077,0.43225557924741287,3.572045337893897,4.00323137036826,58671415.33725904
220,11343794.253514765,0.10767523764968977,1.874716875926718,155399670.30447355,153525190.80303484,0.28455583748467866,0.5410045432760066,2.7772877085583603,0.18729975563201842,67892816.98805125
221,11393761.444530105,0.1039526623625739,2.0153475084974524,198406837.32961446,195963119.9326252,0.36085665310103243,0.5340942140353921,2.804889457732877,1.0217552870841433,70649294.36603859
222,11101267.503918782,0.09198123346076287,2.783877501058873,56222657.01773912,56093170.918165654,0.3007603021413283,0.5870113074634657,2.8471751834238104,4.670259356521527,53022641.71597113
223,11021741.996903412,0.09590071053293085,2.4430980967811973,66699444.44322601,66246736.722238876,0.3274263543510804,0.5484307770495777,2.7543223472257505,4.910888984672489,56858076.813625224
224,12205062.111920461,0.10159636515203585,2.342352180800636,119660040.13794303,118087916.10141043,0.35986141413746764,0.507633792396739,3.3073591085521414,4.743524940786213,60312500.720302336
225,11319096.751188315,0.10900720481314999,2.5487112696348206,127836826.26230071,127486072.13678767,0.2881656771309109,0.5544126455796344,2.8135736206070923,0.2292789901153844,65266218.619003564
226,11920499.17814261,0.10158617948318074,2.7364203789412276,156034682.90800527,152328685.72989246,0.2752200621422025,0.5335034763314496,3.087862883548308,0.08437370229598486,65080697.714032285
227,12063897.244308695,0.10133389377781962,2.674080729724312,191434472.1736195,188648027.56563425,0.3015953360363953,0.5257909546718494,3.115857100460942,0.4631314397642892,66613056.90545034
228,11079031.692661863,0.10704344683638428,3.1038875309482994,51584752.87417398,51414643.42322024,0.25933063179461213,0.5778096346888357,2.8456378766959176,4.784812824149498,51131081.12367655
229,13187989.607900303,0.10035682472484511,3.1393963288187074,93696636.01106042,93383380.76605639,0.3394487297293603,0.4476469994122366,3.638415546725995,3.8175634633317688,52218580.127944276
230,13212354.19988217,0.09433448345086375,2.84382629801839,97331245.1279949,96755581.08457465,0.347853164457133,0.44958351751729986,3.636396179734082,3.654820362579003,52834137.975846976
231,12509544.098331789,0.10996259367051583,2.8636640680919294,147941128.3019588,146993653.20906365,0.31023341155604506,0.4613699445917264,3.31274635377461,5.513509074991593,61657641.791140705
232,11667133.700340465,0.0928701130189428,2.865249358696783,182271913.1814353,180112622.61559147,0.335398400652709,0.5464283079691714,3.0022986065448944,1.0865108401397796,68056652.39015344
233,12260609.499278823,0.0886421713440196,2.805375356023207,198109601.29766735,197538453.40537065,0.28766018943753424,0.5059643081815349,3.202625648168264,0.4766439933626511,65711882.81321347
234,13001004.105197879,0.11173024958282794,2.0744346823859408,63882340.42321391,63774976.25248875,0.2715929208742865,0.4648932445222323,3.6377670918896694,1.8827897611170052,46741594.85453442
235,12117302.556786692,0.14108569595834433,1.9394558055026763,75359771.71380077,75218196.06515531,0.30774839702338497,0.5360568665394623,3.2860702923624467,3.3033865411638885,53531594.481383935
236,11020532.044033425,0.11274286534428975,1.8133749569372881,99255798.9705907,98951078.32392918,0.30677548580496933,0.5059214755133382,2.648721741942854,5.438859518072515,63545720.05588758
237,11130742.84292825,0.13090306938663532,1.7984662702839795,148320947.39670277,147422143.819944,0.28661419173540953,0.5091898201577888,2.6586837276489863,0.31672835928430626,68135251.45401847
238,10931375.843297498,0.11582033081883153,1.7358676301460798,157612427.35208157,157078383.78486192,0.29774518308926357,0.48874685496298764,2.537681325158789,0.6851926053211572,69843862.7169793
239,11058752.021106333,0.12810968643443726,1.927210463328967,192951149.13287905,188916208.0762407,0.32623160323441974,0.4891718939814023,2.6216655738357293,1.123929589559737,71388357.84457967
240,11279545.369621007,0.14314620568844014,2.23806278039476,56796094.00335673,56548953.448951654,0.2757597592668426,0.5671406261966145,2.9421765036558964,3.930432357700549,52162453.74046072
241,13381443.658959862,0.1528452754301204,2.6423481541445684,72794889.61677307,72640058.23370191,0.3003930646574634,0.39666732206688604,3.6087455135892195,2.5727417604341625,47457562.44400685
242,12705204.09315209,0.14559722860516353,2.104775863768794,116399890.16126919,116236492.94860739,0.36364739134669355,0.46298078050595426,3.440837385260589,3.909278978723686,57391744.81609763
243,13136553.7932562,0.1510179203317342,2.745499836228642,126496557.46043923,125718214.49051517,0.3556181796306572,0.40050198880594823,3.520399014874681,4.313835908961606,56772541.449024364
244,13175636.091236796,0.12272445461089353,2.6143729536616056,175757773.8774208,172525303.37843105,0.39279909723861756,0.38086144827195223,3.454819328807093,5.007390967270071,60576989.54462156
245,12774814.784530293,0.11364754202125023,2.7362224474654107,192184466.5003218,191078443.00410327,0.3448565517774385,0.43139095973124125,3.3065882606464783,5.874992781167836,63208711.16269446
246,11367506.093694815,0.14869735971892373,2.8311233546731027,50250667.571233265,50222613.38704476,0.2176380484359719,0.5703408152617391,3.002725032909968,4.073876997029289,49293471.46759988
247,13084884.794422112,0.12274367195850139,2.861912209946271,71372850.96438915,70938046.13114889,0.28866574906684034,0.4468935955826336,3.5965947317669267,2.9898209701181657,48262732.48732903
248,11022293.265112357,0.1571102227568163,2.85459914733097,110970932.17559803,110507112.27663378,0.3181429951843476,0.499561165478984,2.704151371679574,0.4493696730052476,64583553.79057969
249,12701272.130544111,0.1171544663989037,3.0428262985233663,133800317.04663707,133689221.59868714,0.33807294003610844,0.44198778491387997,3.4037839612044287,5.1890623611278,59551594.31419084
250,12949925.507884523,0.11694910575285561,2.809197714245389,163338125.05455053,163263658.52998987,0.3643012900739159,0.40752568850503856,3.4077811420916637,5.287283830472464,60674510.88636417
251,12066549.336470496,0.14548985376811996,3.0614696205694525,190766207.62552947,188497579.60802484,0.2919001105646172,0.4876786444923037,3.0899381721053065,0.833888858526239,66428368.06624077
252,10919755.189136785,0.16641884399367218,1.9612184038446971,55316372.553246714,55005001.514217235,0.2711229743416014,0.49861052161688457,2.7297514088361927,4.213369888056665,53474658.14641453
253,12146133.120533057,0.1678485265451927,2.0065659559883837,92262081.44915211,91811948.8994895,0.33704511535476395,0.5070318509348024,3.2820917206214517,3.8213630838417734,56476710.649236895
254,12389625.89404499,0.1800810455216798,1.8285265024064088,124158292.32002594,121467177.04856904,0.3558058885509993,0.46091215553371784,3.323972360088863,4.098810249908471,59545555.21440415
255,11604463.0124617,0.17359407799498577,1.9741410186894792,132758542.37474135,130473212.77506499,0.30739930726441644,0.4792088433136154,2.946452124257426,5.419930876883998,64297641.05662681
256,12953539.179922752,0.16775083976646823,1.9984958290916681,179656463.55523843,175958067.19801947,0.3636002550029592,0.38261314319792095,3.376394902377946,4.670580756355625,61694054.059741825
257,11513347.40365954,0.19613234530650295,1.885695697052934,190179274.05663624,186302368.12893692,0.28537649488638145,0.4710354487719629,2.8244675894371807,0.3093355581137398,68704630.89090645
258,12829755.878613332,0.17735910747299355,2.4330091224592336,63377444.062046945,63264068.54894843,0.26994549050603345,0.4383317893334934,3.5047150781195944,2.470540793648962,47025621.09103292
259,12503921.13067381,0.17120932606433437,2.6417471810106194,90701425.35103814,89837775.80829327,0.3415053591862271,0.47293893002308024,3.4007222825346477,3.9591301044886738,54420496.38844626
260,12699948.740954868,0.19818513492204728,2.3954780594935103,103777713.6632797,103747837.07375625,0.36255444382192065,0.4324048595890685,3.3961960126183985,3.9825223976416053,55574047.97138025
261,10844441.80619423,0.17376165345294287,2.394778176207794,130043648.08998147,129085472.37895757,0.33130361094155075,0.4467185561042039,2.5907991349609922,0.6877914648853611,67460693.53861877
262,10989549.44390683,0.1698790303885499,2.526381788956143,158292392.85279116,158100267.5706353,0.3127492355331432,0.44954603704943513,2.6426740090304537,1.2459773222363437,69566610.29984954
263,11369172.893840594,0.18093449620385915,2.492158131204587,188505135.2695027,185751400.05585063,0.3145658306678856,0.4781008994518684,2.8167477281000814,1.091427979600045,69541643.68723786
264,12233881.668147871,0.1586628810926042,2.9340594345505666,64691973.22678106,64502241.465411894,0.2938345711864553,0.5234828367500054,3.350202335602735,3.7218266375010574,50140824.74388673
265,12427104.62909078,0.16365946856439084,3.0659385794875664,78161080.64115568,77804526.723373,0.3364158339546947,0.49267325718174976,3.407642049536951,4.108433887135691,52577055.131629005
266,11239042.94050483,0.16495583139779865,2.835604550200333,123777611.6450894,123164256.23314068,0.31383569911411796,0.5116496060004874,2.807902710850544,0.4464664097983858,65098639.861889675
267,12784982.255875103,0.19034886434495224,2.8775007163209345,133596053.96852331,133300899.56505813,0.3488709757259186,0.39302655405896547,3.3481772288354024,5.018374003302688,58798351.99318008
268,12385923.48160289,0.18126049562968943,2.812100231670628,182459853.5494859,179478078.01194653,0.29558121232850165,0.4331620464508196,3.1531067428893924,0.0144524954780025,64379623.734980196
269,11535011.858841473,0.17723317895908652,3.0741048333483576,187854806.95221135,183922378.78004774,0.38091177639103296,0.4675438472255527,2.874763100348141,1.509149870453782,68705512.65044563
270,12260964.65681711,0.2493560564035455,1.9771491841523576,63343269.21272638,63167053.77392293,0.2799722173063249,0.43949488188728314,3.3025668849772383,2.6860235834692254,49375327.45532203
271,12894609.47670772,0.21556158658478666,1.762947767433318,73962216.6442624,73643653.8561282,0.31447502219127543,0.40476012800702016,3.4480528197267337,2.256685539141089,49648175.613456376
272,12286899.918618513,0.2293331199069165,1.7828758432526008,119765523.5463772,118076954.77043042,0.3583193655718704,0.43403068371235404,3.267052357016244,4.083326746962433,59358871.43280685
273,12229672.497838078,0.22055148135584698,1.7757117937081959,140473424.76096937,139394539.96824217,0.35794927666731446,0.42066365541921036,3.222528889529601,4.561565958110922,61821177.66354189
274,12848402.153261757,0.21308388179151322,1.7803295414481972,161152023.9954779,159536713.29812288,0.35690511379693046,0.3805558455410108,3.317530902097118,4.390621852126475,60905842.56390441
275,11445982.48236115,0.219174433952681,1.8870855202519787,185951832.4626918,184393103.30296504,0.29937466338066304,0.4509892440007023,2.810145568558915,0.485217469764351,68518816.70996182
276,11192081.010220576,0.20746833361601372,2.3448055757214568,54642010.64304345,54566282.26045308,0.2529750258442001,0.5069521438779098,2.9190497762017342,4.1049710089624565,51874985.853490174
277,12547917.763082802,0.21683307351769182,2.328052220024192,80064573.81093572,79499539.22588089,0.3254003070043249,0.44193035711853407,3.3592807020616933,3.336199370091846,52064749.19075756
278,12552315.75566531,0.23035697169111544,2.293134730821107,121664878.18451817,121394093.1424068,0.3674608596477001,0.40323520291152104,3.3094549790632692,4.429255107032597,58360853.10080086
279,13076798.820385521,0.22297985135741694,2.0912949805052765,138344342.49198264,137214365.48845777,0.37954381102550344,0.37244398019784336,3.3837543121095277,4.104542004977356,57872383.928399086
280,12498415.029887147,0.24945553764142092,2.508180570457721,181691015.68753228,180115716.29251042,0.3600218837834081,0.3834152477698007,3.0957406854728187,5.868420461526645,63311465.14484788
281,13003138.935621958,0.22406823483913899,2.429470789582531,193178131.46410128,192310582.21083045,0.3567104836874752,0.3458234760807581,3.2202495659030097,5.352368006760494,62242605.95409143
282,13047041.06344396,0.20923793770706686,3.033089443427608,59560908.53661287,59338827.72138706,0.24103733423292273,0.4055157497413865,3.503621377835847,2.7238340504790943,45002911.34506639
283,11535321.428786414,0.23910758205682747,2.88110556569211,83350146.47146273,82924999.56349108,0.3599131600462444,0.45886770712956515,3.037986795227857,5.1762719318962205,57760377.87825951
284,13136150.802592251,0.2438422069888941,3.1250489892939495,97031545.3761138,95408757.6297605,0.36002941713748027,0.37280859681899114,3.4294552382062915,4.127316703330563,52889327.08617821
285,13106213.023999047,0.2235851955256076,2.856082304226944,147194176.16607505,144616656.86104324,0.3605912335418804,0.3484841576228598,3.3392844153033385,4.95108476845736,58678364.359859526
286,12118667.584837412,0.22053512903454317,3.0673429328598725,173042665.184429,171666836.62743005,0.30820725893888173,0.4374256473659906,3.091804794502659,0.4168040117092666,64534138.355010405
287,11039812.52168117,0.21644708364203158,3.119221127271605,192773883.10862944,188840639.84850395,0.35462591566241597,0.42151877230376034,2.544808044861029,2.3470564757073427,71290520.43376282
288,13107071.055310896,0.28746656296111717,1.934997912783776,62141006.95136379,62030428.89988626,0.24624118486460286,0.3571299109320037,3.401810063359989,1.868924092106616,45409039.32670521
289,12854164.172991497,0.2708132183576299,2.0198729738586922,86125723.15610257,85870671.73162033,0.33667151064352757,0.37756960856914606,3.3234421336715374,3.0467120709302438,52152420.03352451
290,11749006.168034706,0.27683416627402385,1.86122946798949,121434855.41818614,119634942.21701267,0.364869412556604,0.40653186779362915,3.073117332306028,4.7918772681086494,62051604.864262
291,12047710.126346383,0.2914557954429494,2.0128629036846863,152624366.1986254,152429432.80974194,0.3441697261952855,0.372643430255494,3.0544834064120483,5.337619041597129,63276497.7775975
292,10885499.954746086,0.29505158737163184,2.0609405756547807,157911981.4846054,156310742.54178968,0.32648252399793043,0.3893059151111424,2.7237251347951377,0.6344409763109192,69611295.2506603
293,12417946.575239608,0.2672379532481278,1.9376939314733934,186709177.20504537,184516399.36315367,0.340850647056862,0.3563191757239062,3.1037978929723136,5.321636822223153,64169650.753111795
294,13158653.734112993,0.2639398791216616,2.305318911502397,59390985.779221855,59196712.87596112,0.23024996491077582,0.3670761344957894,3.4512510056421544,1.975613928698681,44419575.001034945
295,13411846.311599702,0.2870603338795328,2.503467579239916,94367267.92928097,93753390.82121213,0.3335530889377055,0.3335561107589449,3.328989547943319,3.381183697247338,51389478.0218731
296,11643185.35318307,0.27733962634438925,2.2452158065655077,117137699.17901118,115765190.19874021,0.34766728458397167,0.40906130136585084,3.012427296584837,5.237207282906007,62117390.74010532
297,12796375.172390431,0.28484086881707515,2.4926629242848586,153604478.44929147,152001372.00033352,0.3829943719855872,0.3335862030422933,3.185296378173032,5.101222910892922,60452367.810402736
298,11807473.953417236,0.2628635766463664,2.4889067076191878,184345524.45443597,182968174.25782713,0.3039603275979699,0.4131032299616444,2.9558136159523363,0.41161081489366363,66756671.216847695
299,10990410.734936891,0.2851431695668389,2.6739971602043067,187520225.02345937,185505327.97848913,0.35082251981493684,0.36555139000836656,2.727516065997905,1.5927160002282599,70671716.46078251
300,11636176.91439043,0.29856002202558485,3.0574713482565645,64522373.22469193,63990367.857467264,0.307116766985409,0.4392015558636465,3.1538057667157124,4.541563500702316,52600806.09053035
301,11055936.76536236,0.2676923243571691,2.9680144112877875,86306339.59412153,85815998.29315716,0.3613900984826787,0.43500227153605664,2.8262895682077778,6.035554086767125,60440060.78192072
302,12064429.157863658,0.252750444109402,2.9011815941254486,105476640.095002,104463311.5568007,0.35124102489952513,0.4177621079894436,3.1666765754815716,5.170010589496473,58658350.49627045
303,12668925.779288359,0.28703924191435887,2.9375094651898563,148341701.14773768,146510628.74931955,0.36588226881935404,0.3462031480153717,3.1618186957236394,5.5550408085557486,60465791.12531946
304,13275935.478639696,0.25744297365303176,2.8298578642099517,176711575.2523637,174101454.3112667,0.3772227072512465,0.3145963865179229,3.222307266207847,5.336674300961322,60307115.129283756
305,13145395.439161787,0.2858108596821355,2.9221004833245257,198750002.61185676,196651537.74157187,0.33799707899718623,0.3207936683010131,3.1199658195366333,5.974921795409488,61928502.36553054
306,12872808.588536832,0.3207499102571604,1.8053368836731,53657390.07176709,53578593.22738587,0.17907827355317485,0.3599030994073918,3.3438531579371857,1.5160439545026592,43436386.109562345
307,13092404.981179345,0.31283517926543464,1.7599763918956484,81878869.09170502,81558411.8216374,0.3209470823267056,0.3325824109135582,3.2939421791494015,2.5467428509725414,50321233.98874072
308,12160871.344860889,0.3130022829425547,1.8675494751295558,98581135.32018293,97264339.2574989,0.3620440835997058,0.3948445505686203,3.2116784120843103,3.8319375961368785,56932833.17539784
309,12492177.09346756,0.3200179172002839,1.8206470328673734,133689399.70649946,132807586.25537664,0.3795852219776811,0.35030567131400975,3.2178718126966466,4.225171958009769,59569930.66919092
310,12014603.110036407,0.31793758738823613,1.915675045202251,161846368.89002383,159269428.76032403,0.33448853912607396,0.3523280986005703,3.030252016397669,5.341414738503977,64212774.14479464
311,12664354.164748799,0.3198896671611643,1.75516270724581,193489782.39805743,191993635.7098398,0.37329949053508377,0.30797501758188295,3.080757202504704,5.03387460560367,63471874.74169942
312,11395641.972768899,0.3067379574436444,2.2216784450815825,50789961.31050042,50744597.845651105,0.1920353909409275,0.440704520874993,3.0886332323738,3.4035802653338876,48940419.43181439
313,11946212.390212482,0.3185181639033183,2.715445861038447,84433420.50632863,83767527.30295056,0.3567585218383831,0.3949764832540266,3.194407657385105,4.552564149123299,55736746.34920338
314,11473886.101671912,0.30338716047808567,2.1896771230821113,119725745.30685323,119404873.31642002,0.3525315395394429,0.39875113698876824,2.9441242589376633,5.527354521032264,63029907.41749117
315,12787055.772651268,0.29982283234979257,2.7456886786175185,125842825.90783001,125264061.07543722,0.38478281621803667,0.3347959159724653,3.2532618324596423,4.767978621744098,57753173.578992575
316,12559141.471460694,0.31668444251263733,2.085723737867646,158825632.59965834,158741000.11303234,0.3531927455120651,0.32435929850334255,3.1368250612917024,4.9592384424098,61630403.62604648
317,10849333.51208679,0.2999968882052863,2.222337323753542,199123273.80060717,197604179.77491087,0.365210663386839,0.35310235209090185,2.6783009705338348,1.4613918456652326,72374763.98582464
318,12127180.582925012,0.3041994119946916,2.7883285023107875,64715265.25206115,64675779.61803753,0.29481799167801914,0.4160648945123355,3.2473757387339517,3.7851388148304355,50303574.92219545
319,11939154.658038743,0.3004209293659562,3.0794247129639594,84924340.64375177,84425227.7683632,0.3490659218011593,0.40453716381095933,3.1783995051438882,4.9628015981311115,56063779.37199127
320,11219985.113160487,0.3187204767967888,3.0383606866266293,122422772.2251712,120328919.59400046,0.34308416301908534,0.4098187149656089,2.9214568798184746,0.4224997464464806,64647099.9286194
321,11382760.394325513,0.30366930699652184,3.0455280033206895,129213369.56875156,128570340.20250754,0.33539446922722943,0.41894118328580143,2.9432302174735763,0.43947387085258316,64753459.19095607
322,10929862.073201798,0.31759624265414405,2.9446386942329785,164883279.6637039,163754138.55884716,0.35333823947695964,0.3568055196771078,2.77605340825743,1.5262719228050243,69887062.49729145
323,11633658.242513105,0.3160346377350923,3.0143128596542876,190484061.27878386,187327962.84265804,0.3662751843088576,0.3870728839583001,2.991271175777774,1.0888809499027268,68068098.25490484
324,13956148.479733163,0.10395786504987015,1.878295085202477,54102187.22970349,54016360.573547296,0.17355051289359136,0.3825252507483055,3.8095121933291667,0.3557917161414197,40161873.857000485
325,14243535.862217354,0.10968419592952243,1.8508637540339024,84718557.9888233,83423351.30532494,0.3196123625733723,0.33948105108695215,3.8173445259991956,1.416877328953769,47097221.01204399
326,15863291.519772325,0.10595068196677544,2.062024451227246,97083223.18497731,96709919.80879954,0.32453157039079716,0.2319982562065596,3.8805171607566114,1.0982012486592958,44539018.88359175
327,15566026.661708845,0.10671663682532297,1.8556831535129314,138810032.3349784,138702268.7430277,0.37902463493136096,0.22946348377782672,3.7405174389940488,2.07494816535192,50133376.37252679
328,15530852.701453073,0.10831177774525517,2.0328221244997273,176298918.6513565,174122709.70353124,0.37063367836824324,0.23021847166404097,3.6366644339891097,2.8265931969941684,53111348.96872789
329,15613029.568424236,0.1025542908920955,1.7856932830669943,195420135.3381029,192871792.0855331,0.38445609354718807,0.22053491965999697,3.646963763739252,2.684480396970508,53903892.64774829
330,14448010.065494584,0.1032601529459186,2.7083170597504402,57664519.14849394,57398001.528303824,0.185662068719906,0.3381674656834248,3.8693566129046153,0.9034690400593353,39469725.431630075
331,14557649.51069052,0.09053752416945444,2.744720267889379,81015842.40760994,79989044.20494755,0.3027394518952563,0.3143440870211538,3.879094876578686,1.9487865467990741,45197575.6691754
332,13734553.84554829,0.09029215634438717,2.76907363104399,110466123.27793908,108375090.96998408,0.35269069418397064,0.3933763070739869,3.707404564214988,3.4190429802837845,52627444.98433697
333,14295062.09556358,0.1096168634809154,2.294036609562076,139163582.89745235,138661803.13454866,0.3487651790591969,0.32474801611572973,3.670002313675564,3.2275375428249022,53776474.19712813
334,14964889.141548233,0.09848906030699942,2.36336489983559,165247508.7252426,163542025.87088105,0.37040053072353174,0.27827923045165404,3.6954773561080767,3.260352891866793,53890702.416469164
335,13577607.7558394,0.09179264764592293,2.203339665610995,198780243.86277622,195912878.2070733,0.40314861163839194,0.36778710521236396,3.604698445885602,4.495124684302653,60313274.58710265
336,14243112.495248107,0.10053406956370044,2.798739735897076,57838485.4665543,57620807.446796425,0.19975587585003202,0.3558996173962474,3.860472477306734,1.2062889154852572,40150613.92242246
337,14174147.264632925,0.09528168492955344,3.1414983697678425,70273058.34207442,70208033.2738527,0.2643371630377612,0.34764566104605726,3.8470189092926432,2.218176597795282,44081800.406801395
338,14136113.260038946,0.09829279526345025,2.951012251018802,97025946.357219,96541350.75903004,0.3241180437784444,0.34661277636128984,3.756835121784123,2.9840655251611095,49483979.70834382
339,14519780.993967809,0.09720481774309957,2.9249915889343896,133435227.65330137,132043058.77553502,0.3743430077172715,0.3174829143039536,3.755424049727247,3.513081705091822,52602889.490511164
340,15633584.094777003,0.1049506369371931,2.9042922106962368,159386445.2057006,157227349.8983484,0.3770060714446018,0.23747454131940976,3.7218511186179497,3.3322231720638613,51485576.03439583
341,14386927.571953392,0.10728020511499209,2.905752166035289,185324221.11395243,185265880.06857517,0.38442775637603094,0.29241579065031786,3.6619261700738033,4.446922790770977,56872448.606545
342,13857302.84934099,0.11672922991922063,2.0755380818864007,63686448.698061705,63608605.73792158,0.23355416755626493,0.3838850485761243,3.7753070964690636,1.1800989534059518,43478842.27438096
343,16014961.328061335,0.1492268892914269,2.033372193835392,94550954.49307698,94481325.29556683,0.306334068944491,0.22307819886056426,3.7216157721769676,1.1096186044488145,43823264.60596897
344,13960709.812086526,0.14491575061362438,1.971741842639378,111258718.30779079,111091343.21356578,0.35355777407381006,0.3361458419812164,3.6091154702483825,2.614900609150483,52120972.0173711
345,15642006.3011547,0.12084760952507467,1.8342091785915242,154079065.99716574,153403013.37734208,0.36945526728830014,0.21981534469081673,3.672690308828515,2.2591390869722905,51467342.169296145
346,15808795.261603918,0.14614505703371242,2.0293433415413817,179884360.4852626,177264784.27290037,0.4147017561853124,0.21884403581279052,3.5121239464992944,2.8515198385790357,52521463.12975848
347,13595107.310902562,0.1254417361040586,2.0307730794188488,188258161.70499557,182761771.14555588,0.3774769909230066,0.36725262454413604,3.559197868966598,4.160288189131977,59717139.71155332
348,15798650.916356139,0.148687725514098,2.5137063440897016,61341916.56022619,61098758.15402026,0.18522044796914428,0.23970291057707527,3.7536739080327823,0.2491466828245302,37010969.74011074
349,15715526.341059737,0.14356974909717138,2.590622427646797,93730890.84639168,92740730.6421615,0.30755654103422436,0.23128783163149996,3.753714346976998,1.6825119201289955,44240918.050818324
350,13452326.977902249,0.127023126726256,2.200600245738906,98803310.16217637,97380326.85321794,0.3348932272777265,0.3965196479019445,3.6022769147924913,2.836506634747083,52090435.94323842
351,13647051.752027215,0.13214564747975882,2.624371993617331,152160916.966847,152009281.5531786,0.37381505594006625,0.36030326396018586,3.6001951362004534,4.191214285616583,56958015.35017592
352,15831042.729577774,0.12964938832580178,2.6959570644618767,177266447.91821387,171725419.79159442,0.3867555889733736,0.22450469490639488,3.6140710703700507,3.3109632468761836,52113606.45001092
353,15730184.897237817,0.13452720926711303,2.2265582067118914,195011561.72673452,194167611.17177165,0.3782289828931993,0.23159663605250014,3.534617724549857,3.4376477057321306,53647231.37137646
354,15062284.81314752,0.14817342682170692,3.034158968877695,59573749.29145185,59528490.541014165,0.18498183856267011,0.28259147272463153,3.786128168642663,1.1665236778614712,38469007.71707295
355,15682882.911723137,0.13040429954056687,3.0973982626349295,88541537.8327204,88474514.00879078,0.29401202037692126,0.23293292452790088,3.794915365509425,2.10386773838636,43744495.29332638
356,14074082.54296751,0.13156161106504807,2.8113089177568606,113786979.11579622,112979090.78309464,0.34517519641616895,0.34133872878775834,3.6607407514820522,3.357362022890325,51806688.967146024
357,14822988.573374191,0.12830522484628315,3.115851875936544,132136617.11440791,131781322.20655887,0.3602967755750161,0.2845385090384011,3.701767072604947,3.595665349483148,51525174.79627527
358,13739485.28555054,0.1427422457456419,3.006181366925185,168724849.48974586,165545675.8478812,0.4019006924254515,0.3283911086328343,3.5460119710401123,4.774930143636612,57972202.01943801
359,15678274.397344343,0.1573313907014392,3.0587011655656364,188822865.0145976,185021274.79473433,0.3793559269086392,0.2161057057160456,3.4712779928509785,4.2086227324304915,53392350.25582793
360,15815140.72651194,0.16650038226759514,1.924625242030333,63459051.60178056,63249443.32730167,0.1910471704524201,0.23534666699892814,3.691428117709106,6.21559344995328,37728573.933793455
361,15042660.849552726,0.20445148573101332,1.8041711742415805,73084779.72335453,72855318.69593354,0.2637437281679964,0.27237978153356657,3.591690092000922,0.8300834554129324,42363906.84090107
362,13864976.921217807,0.1910516112080744,2.053383059157248,101633163.95271218,100669861.50623909,0.3308694322327449,0.3293484811464384,3.526295871251799,2.6227003185449695,51058689.99447942
363,14393949.541465444,0.19915185815660316,2.028699001519916,144514549.65671587,144115146.24403062,0.35442165640047424,0.2926591245074725,3.454956591880344,3.2001211759379493,54055420.328147605
364,14968031.964110814,0.191558651521729,2.0205848234542203,161521317.87711024,160479461.1592084,0.36999221943268396,0.26341267893472636,3.428844785684811,3.1622209831474937,53722470.36221431
365,13785553.199272271,0.18029126789306202,1.938785296331566,192022913.13753316,191818827.63928515,0.3667515225213395,0.3265775663511668,3.4526913295355035,4.1647197734575006,59129277.59028794
366,13614796.844455369,0.17280879113321293,2.18137410610972,51434479.295355804,51286078.4464914,0.1580436213193647,0.38714001104929785,3.643649397130917,0.8341542858255756,40038282.04930793
367,15103820.963411214,0.1939138695694016,2.5555607807653637,92813916.58207744,92262722.19965692,0.31146267488464413,0.254857727403049,3.582761774096154,2.1662346059915105,45837721.40227457
368,13447232.074099617,0.18477481280893457,2.542727039918623,113070653.29603213,112426692.78916593,0.3462674948568054,0.3736814456968531,3.5066631514992337,3.6571255212024334,53963154.38888155
369,14023182.834999675,0.15904081067616627,2.6561659339336803,129202062.86480738,128034605.25072543,0.3569650535350284,0.3346455858731975,3.5811034441577205,3.6598204453135033,53631305.378488146
370,15085345.646086125,0.16826947204631074,2.784626516653984,168154787.43356842,167369514.3457085,0.3936664317480826,0.2599664655933583,3.538319662529712,3.8308432994428774,53521879.71134556
371,13991635.79334308,0.16776198107696086,2.4797902125053737,190801139.38654572,190004460.61776355,0.36765480877440443,0.3078950505784491,3.4480802475728476,4.547210036103324,58352305.434732825
372,15650702.186955787,0.18011737990019952,2.967025795910933,58233458.75240585,58129097.41896406,0.16441914347858447,0.2496179351730633,3.666684882393169,0.6783033107806081,36486096.72679132
373,14660792.541772686,0.16110325884410606,2.8379512969434684,89267379.82375814,88383159.6980498,0.306022343294494,0.2846160079796191,3.675570542094338,2.4469834589363106,46479066.52354737
374,14297522.32951633,0.1661390009815329,2.992456978871751,95670100.12198313,95404327.4956337,0.3226129395702278,0.31249692278826885,3.6229991902337884,3.0780786546617076,48727823.426465034
375,14970778.81153895,0.18516044427682132,3.071134208634171,129353753.41337007,128682804.76095226,0.36363585142490273,0.267712633637079,3.5465022887800473,3.6161855902061157,51012925.55292484
376,15166328.665901415,0.16506921224500748,3.0791644148585813,160568406.3282371,158688003.34673527,0.41199181003506835,0.2579976704807484,3.5973134753573968,3.9334073241267395,52946886.01144953
377,14959418.317867208,0.17174846318615125,2.909726659276106,189518448.00907734,189206157.1241622,0.4223744046925944,0.25332702862631934,3.5427425476909558,4.268675583230678,55318731.31543724
378,14265201.525486555,0.23406820595482108,1.9910320034420979,51424932.24508508,51176983.364633285,0.13329912984339143,0.31209924189339866,3.539255180753889,0.1695754853848084,37847778.871168494
379,13958900.959149849,0.21324167194854002,1.9148910353968893,77696635.77492204,77143704.51340193,0.2927855267838464,0.3254055501574424,3.5760568213756576,1.6871703439434105,46546287.25452109
380,13573459.348060137,0.2074280344239461,1.9646268538087497,124706563.64384228,124092774.07414222,0.3671914645455973,0.3551149789479906,3.437612098072491,3.3306921262451397,54899300.05500937
381,14591504.466007927,0.2360286505902179,1.9174767899590912,143691659.8955925,142466045.36085248,0.3575968000417669,0.27392815566079043,3.3411357071653405,3.08546309299673,53412123.29733017
382,14285653.249639636,0.21511539642774177,1.9028572631479959,181723102.36524794,177640402.55645594,0.3668060562375843,0.29040610644859405,3.391878635242525,3.6709135879519983,56841664.98891534
383,14648167.88428118,0.22006554378676377,1.8723993873301363,189500058.2505391,187266964.8646489,0.38713491929604504,0.2795133142079408,3.3490243539746194,3.6105536934550235,56491473.77505636
384,14770347.290855428,0.20964759832899743,2.4276209467212824,64671269.15777842,64569841.62755954,0.21369219650039287,0.2878287034898734,3.595853027053391,1.2157598020306861,40849631.66398643
385,15142499.447618632,0.22557407824251616,2.597322001822559,83210703.24913302,82862284.09779747,0.28705102626233764,0.2555485239777504,3.5137388061763044,1.9425298595405245,43938125.09863077
386,13859635.844769169,0.2297828035243958,2.7045794985756544,121044893.79248405,120895819.97371608,0.36575569167150573,0.32258823287493765,3.440466324427293,3.815895389163291,53331225.21330398
387,13570492.089285145,0.24158248104631883,2.1282864786898767,131219102.51964849,130774353.76310273,0.36498639422886664,0.3358043930722375,3.375225759823805,3.695660853668164,55501218.97744269
388,15443122.811000368,0.22693315603338066,2.7088384725887487,168185505.43807745,166648688.9365614,0.39932620303941524,0.2447910886041701,3.3558511149262085,3.714199642015244,52493206.11048347
389,14985496.567374296,0.2160125560642523,2.64264083774934,199410320.32532412,198854639.9108343,0.39788795407694494,0.24372223382684544,3.387628612382994,4.242039351554401,55244243.06788029
390,14396008.14954127,0.2506295851130955,2.8345018025433215,53193249.81066701,53100066.740107045,0.151532111535889,0.30724280467216974,3.504143678903551,1.2019591974148378,38233120.16332367
391,15902764.21785301,0.2394914450297176,2.8380874819612996,85658735.65524875,85071794.05712248,0.2958262396174504,0.23341155699510707,3.418184451464617,2.0203945446189593,42569854.20956755
392,15430135.581091639,0.24287871937195632,2.948609365682148,120666806.48923798,119499430.48510776,0.34560275251485767,0.2481719893375354,3.3487073873856343,3.282059620762077,48826644.58971749
393,15651644.74151228,0.206401136807963,3.078948239276831,153144113.44597614,151987701.67374647,0.37148639552737767,0.23462445941797758,3.424202847729767,3.780757575306694,51281905.7898769
394,13629973.869701847,0.2498401042477989,2.9225641204793513,161322165.67155376,158434326.0905862,0.3952851003450019,0.2995097715538149,3.338598273549084,4.856339248453947,57797379.63445962
395,15227125.271270879,0.21135648173248922,2.998860985106346,190493537.61025715,190329588.44900346,0.41702572795285026,0.2387450111532541,3.4149219170919185,4.353571818442879,54630074.02723673
396,13748433.638749277,0.26475252690483503,1.8794596913725883,59285530.65847494,58961110.372585535,0.21123332231191735,0.33435083008847943,3.4673507778068133,1.1353517192149034,42337247.01237763
397,14740224.356617566,0.2610667532461398,1.920885403188158,72203646.45072153,71813370.66679902,0.2544453959688671,0.2800911362048027,3.437514442185313,1.2252596892139165,42857596.5495561
398,13895141.937356176,0.28480513805663793,1.8948171363435675,117589409.79567388,116444181.11180176,0.3570495440711104,0.30197872449847857,3.28118699444869,3.079140251853676,52875762.892584175
399,15142819.110965246,0.2531947426552778,1.8866802430688905,136592885.27087665,136529666.3828937,0.36063948555989805,0.24654891634113119,3.280603190186963,2.7087637183341298,50995380.314844444
400,13828605.368077252,0.25606860513699503,1.834828692726263,162096318.146401,161951000.67575285,0.3829358655982526,0.3133548222276259,3.323119173347397,3.719892390492333,56874824.35551562
401,13985099.463122712,0.2572739250803318,1.7297051225653415,187457387.66776177,184386096.90300223,0.40797697554017753,0.3042824323403719,3.291344423962517,3.922216176109255,58399213.3854295
402,15525458.851101492,0.2945342653432195,2.4703831817522306,64136444.259547204,63884042.03745338,0.18534596168376816,0.26588527492380626,3.2857935681528785,1.0653213722263968,38524969.48515901
403,14182863.18750853,0.2955829827371145,2.436082794707014,75338603.49684425,74952273.66814147,0.2908096619208673,0.2910408114116286,3.3480684173931037,2.2542757726080844,45228453.48518154
404,15162297.81540111,0.261350207329317,2.0863877881949517,111716259.72442266,110733344.8892815,0.33866249055685915,0.24663475501543808,3.3171653032941135,2.3793661982731393,48384676.55603077
405,14862191.078365767,0.268979798511496,2.452298241591856,151205659.69098786,151149292.81990078,0.3972000595577527,0.2668812402597768,3.268772716995226,3.704273006980868,52895454.12999764
406,14328667.544123163,0.2619045659916564,2.6337394650790036,159825404.00160623,157846500.2842074,0.41340485958987283,0.2805876912947904,3.3390843034337205,4.1605186896125534,55273095.7589536
407,15468077.642761584,0.26372996612775274,2.357660715062727,189479909.83761188,188836074.61585933,0.3836733191069136,0.24280394599319383,3.1777781936231952,3.7713716990455843,53943319.93538207
408,14987329.926640265,0.2547154175298921,3.0234041426629013,56325210.94805645,56256087.993256204,0.17606230236141002,0.2801183819261918,3.475495077059967,1.3077187967848565,37815786.215452634
409,13612526.575533286,0.2772660910369001,2.935455688675123,71921456.01385494,71516098.04464512,0.2755830936883922,0.3271560663130486,3.3972046879791886,2.938915379214002,46497803.03391165
410,14245797.627278388,0.2635078911079906,2.843550191018484,102072357.78966013,100030692.83768587,0.34290383162800836,0.29728528344282384,3.376649795045888,3.3139726359895736,49780634.63250096
411,14687433.523008047,0.29047530937865534,2.8078541034344,143625369.56871372,142964737.6013302,0.39961025402381617,0.2707163939104308,3.2637111540909207,3.9975878815859094,52840000.93013321
412,14594083.336331815,0.2836123249067252,2.914630727170983,168158026.59888604,166456626.6062879,0.40562376605767336,0.259805448744899,3.265554074802848,4.474710324915028,55176140.25131396
413,15942886.446253845,0.2622725039861528,3.020130380226811,196937396.02950695,194595594.21018264,0.4629066983962881,0.2264348998007363,3.184490724582392,4.36900601297974,53228731.82019533
414,13936324.121436648,0.3047043019169857,1.85277398770357,57778023.65943183,57554146.90665615,0.1841214853075457,0.3124518361096773,3.363591963569971,0.954516485524074,41250363.31848359
415,15467478.097323839,0.3019681136786697,2.025073165185151,75930633.22736827,75847537.63008457,0.25408210030144146,0.2626872825455535,3.2638026093477706,1.2063531119646935,41654580.94240843
416,15996450.397127992,0.3130770335613927,1.7445229935732443,111422092.21169388,110348530.79317163,0.3323253988647826,0.24211830046701327,3.138687634028909,1.8090747453540197,46217493.71927569
417,15256504.185419625,0.3169014512907333,1.9767240236630996,152934990.3908152,150612831.03047395,0.3857518045743351,0.26044616793503356,3.059710321308142,3.1724056391232534,52180156.904320344
418,15496995.51824684,0.2995447786051281,2.07247088253256,181317317.2514021,178483699.3676465,0.38872455493124825,0.2519076537716464,3.0526561046777605,3.5138402777384585,53221671.9542214
419,13740873.000791397,0.30157653479000873,1.731346313484154,187201520.5388798,184083723.2499156,0.38414403826911303,0.29352420494098064,3.2005186374412524,4.068399564572805,58927888.623750955
420,14230109.270799613,0.3198221288380261,2.7249961618947234,62449705.775443435,62023749.30057794,0.21721990039938655,0.29411231376706454,3.316157025552851,1.9515994634168334,41786528.87038404
421,14849113.728074042,0.3107240471704352,2.580881068807621,71397155.19989574,71064875.07413802,0.2598107868592478,0.27420651248264527,3.2909100658469366,1.8954719673020795,42293169.671526596
422,13578920.40078709,0.30098159637164273,2.3487442868574924,115811068.78554891,115489671.42786203,0.35307410129258476,0.31493722889121434,3.2771339159300203,3.6708402469446746,53731235.433435395
423,14341337.144864848,0.30302216106209134,2.594731955780097,151857463.48586604,150851539.1297724,0.3855761529244454,0.2759428337323006,3.229493245101348,4.085029893119954,54728778.010376245
424,15761612.91103378,0.32071221667770555,2.1710759110369957,183969151.6993,182010979.1387678,0.40255681456365694,0.25460381339320964,3.0045685635281933,3.5760327301035875,52513464.8755243
425,15901988.127207436,0.2994789663797648,2.126681782021253,194205411.16861114,193776591.63940704,0.4694544805591908,0.26534276809388296,2.9991371388992354,3.7181266864473033,53530111.50439499
426,15145967.977287145,0.30661705040500536,3.06994444177346,54678881.601341054,54546262.48538404,0.15210294520704648,0.28106363985199145,3.3085349688267125,1.1722322223325867,36674362.48838425
427,14045037.258085977,0.30407299981082303,3.0060597861413245,82183254.56722225,81616180.627623,0.3112593245402554,0.3007893269831616,3.3091157414548453,3.164901254339252,47316785.6849342
428,14157754.838924214,0.32128559169824095,3.023564300359474,121605186.19049636,119861869.54539396,0.37990276560955033,0.2866572590250546,3.2451949459243896,4.121473184248201,52604243.57398878
429,15149784.090484744,0.3130069248815798,2.9302951240300956,147036760.8041308,146805057.22589093,0.3796427929471907,0.25953520108645206,3.15640176573293,4.025471890672316,52177977.136611015
430,14115185.394472029,0.3081730777027767,3.097612037206516,165741398.7628472,162938662.861267,0.3714888454604307,0.26578942910411396,3.168391103766382,4.986771976741104,56600187.948358916
431,14644877.948694974,0.3035196002188362,2.918174497646021,197479351.7711202,195129080.18628705,0.3754772148451691,0.24799269011813033,3.1137272967219767,4.907992815211074,56835986.3769649
432,17046210.48280817,0.10745332290499215,1.9968049073504297,57871501.36076176,57627599.12848412,0.1533836717626352,0.18719135851843377,3.9061155023985563,4.88845858824048,33138021.336561095
433,17527332.609160338,0.08990135064758716,1.8368689059315393,81955352.20207694,81841177.28884658,0.2413741506818177,0.1622424726411137,3.9022597422558456,5.97595212694702,38207474.52643129
434,16521422.335099574,0.08767411228361056,1.8361804379095894,97038253.46810979,96378520.52968296,0.3074554865802281,0.20247565571435247,3.9160220660537717,0.5750156777621701,43004542.007868074
435,16160798.581395878,0.09015012511879102,2.062646455497393,149464822.86915773,148895535.64362255,0.3895812915365212,0.1979505068084724,3.819340809049866,2.014321776844259,49534803.44461648
436,17533085.611255605,0.09841485934959202,1.9348827147316945,165884710.18082187,165271144.24336645,0.40968128513888347,0.1488919846685782,3.699786780745074,1.730403790988406,47783188.78810421
437,16303031.313379603,0.10421983449859387,1.795028546687412,189573929.71037617,184983977.26714677,0.4208258465051126,0.1921829278202046,3.6050475270743645,2.4106813956537496,52200917.26979002
438,18523970.01024521,0.09726685364874471,2.6954872096080993,51186273.181475215,50902077.7215353,0.17652024622344176,0.1480810423790854,3.8821133293461396,4.136318701181242,27719839.52497472
439,17620659.16370478,0.10465630145402928,2.1874237027996584,73804889.41195539,73645185.46087447,0.20900708158161937,0.16314436920155584,3.8410919994901556,5.963986885716783,36330802.498319134
440,17840366.13326716,0.09991327333164776,2.3682522460601643,118129072.02249461,118007246.56211407,0.33917989119249753,0.1519949479641351,3.7886494443893453,1.2247613940046853,42889553.36532283
441,16999168.940171458,0.0983977581991629,2.3072487984296344,145627888.74439093,143873604.4090131,0.3853432590774701,0.16732158437578445,3.798218998131541,1.840813540663893,47074172.3731955
442,16656829.972658467,0.10204505088360491,2.5698541679429048,182161906.735976,181786674.940363,0.3542778286384493,0.17945157699102124,3.6533810445550787,2.9473267410656896,50652492.70532845
443,16649044.258740144,0.08879910778283741,2.585182908786102,190168316.15317136,189341856.70330545,0.42441448126311726,0.19261882464917654,3.6479906082554656,3.0271410971592303,51098826.99624914
444,16244554.05073142,0.10997416114935833,2.981385618162092,55807218.77008392,55754756.26007191,0.15010805365141539,0.21958195394931943,3.9004624924625846,6.139490289525224,34241734.82422233
445,16909450.20153629,0.09741256761331621,2.9400118193625318,76671752.4600628,76512569.46050596,0.23282200658307312,0.18990995344036593,3.9109461494260995,0.863912260559132,38511075.2452092
446,17275724.33718713,0.10954335579135589,2.9882348447786446,102826690.26830405,101106496.4305676,0.31091504108140067,0.16977985616092445,3.825931298047739,1.5813981862837478,42074271.12942241
447,17510181.056257065,0.08813235286185019,3.0277548845098794,144077457.2053184,142017072.3563343,0.36199935285297413,0.1540918969575756,3.782203111475091,2.403073922151015,46128980.50298719
448,17279350.547173932,0.09015138458159992,2.8446316092942188,155290118.7980877,152977478.25408313,0.3989169799180633,0.16093506746217726,3.752609664985741,2.474748295055855,47496062.52440588
449,16350907.841616677,0.10378826217244792,3.1137654289914853,190968236.599666,187786345.32663655,0.38657091913467845,0.19848522526064608,3.6855399380944696,3.600811241024514,51754741.89767751
450,17712744.919508982,0.15669937379735002,1.8753194392236692,64775384.575613216,64227521.47340702,0.1741799099103777,0.1745838751406106,3.6221496465952945,5.2019704423673945,33761363.63634736
451,17634999.955033768,0.13510191084095075,1.811185971144132,77789091.56753789,77379333.19823033,0.23609380222942447,0.16792973627292637,3.6875519736137954,5.940435219287393,37102834.54829119
452,17306644.050767433,0.15035496081872435,1.8689821199846746,121334827.60816842,119935566.15771897,0.35125536857686424,0.17660182105938604,3.6088596979284224,1.08407313025276,44291642.47641939
453,17070912.60717329,0.14329493721886222,1.9457412169694817,135286510.8704783,133448273.14677702,0.3631758413785935,0.17438339028359456,3.6222638544389083,1.490623080703946,46224920.31309758
454,18500319.74816919,0.11366276109003792,1.9129313117434235,162807809.34676832,161668596.1389137,0.38058208618954065,0.13222499548053868,3.5176993528672993,1.5339357569937997,45711327.49663813
455,18619752.760183163,0.13416527503693088,1.9417885514728905,196708198.29230833,193542914.5066265,0.43838924166918963,0.13168791882236155,3.439957167455611,1.8356939142961988,47153495.44852729
456,16994318.158939883,0.1416359057466002,2.1122961069861312,51474936.71911862,51342252.661120415,0.15146789790902976,0.1974159636992681,3.7706479810961433,4.440391806632889,31007109.11793098
457,18400070.666497,0.13690652967496392,2.6661346580061136,78339257.62669317,78281889.26641768,0.2131714295071689,0.1548526370379823,3.60965327740211,0.33332130884828937,35613543.829109475
458,17757136.462195314,0.15205172328974084,2.649529296443363,114236904.2415626,113317426.22502647,0.3453652932626458,0.16486148004368067,3.5581475015781105,1.6669205197649963,42641810.763260216
459,18141423.139863007,0.15136472325825356,2.588222351097527,138871581.32952994,138089798.40832618,0.3661153546005629,0.1517905074136385,3.475845695901937,1.9473495809658736,44468438.269839585
460,18423362.35095602,0.14880556854219407,2.766193601160828,155064663.25319278,153155469.29132065,0.39464466263610287,0.1454087733449077,3.418911475545784,2.299439227508163,44904405.4035263
461,18512090.27373179,0.15332132566978707,2.5952779009639455,197455632.40311274,195544080.0574301,0.42058921407994776,0.14523805410134508,3.298039411649284,2.671541449569233,47302907.93700962
462,16100610.482431978,0.13517986957938594,2.971013379690813,56355329.55119857,55938181.70382543,0.157660098259633,0.22734574639314198,3.806668115174774,0.07780458817475487,34718831.206414275
463,17511424.696833562,0.1502919702852492,2.9363888690878737,89916036.91969363,88876820.31305368,0.2792454819443309,0.1765620486547084,3.646121185286246,1.3007398310200005,39719590.57781391
464,16811462.26473258,0.12513349538957058,2.996716571382683,109415940.94672036,109286146.9045233,0.3262674113326859,0.1817085958841295,3.7460511290638,2.071137651679655,44002194.24851221
465,17577060.149157386,0.15016768839198852,3.1241902558137595,128634570.32913667,128343367.6693397,0.3558216693524723,0.16461949934909145,3.5320394653030465,2.474027562663503,44691645.64493514
466,17156136.99604477,0.13482914140425858,2.930302092530897,172065797.39295512,170945883.74940595,0.39782416851221364,0.18186761882268013,3.512086897295973,3.162920244165647,48807672.16881311
467,16949171.474365763,0.127725073292133,3.002772712007225,197946844.64113882,197182208.14018416,0.4559850897250406,0.19640781447910655,3.524618181818621,3.5765057591085667,51295062.94123399
468,17718164.970570523,0.20263026828682637,1.858788717207868,64607616.944877185,64417607.27428344,0.17343472729045642,0.19107611907944658,3.4301832550595397,5.35520369297364,33721957.23152851
469,17173265.38618944,0.16939651597985977,2.0297786419413155,79849986.38521163,79496977.02173206,0.23426990973279532,0.18931438682684013,3.562329797897061,0.2714286132609699,38406774.15964986
470,16116959.106686825,0.19388731698237022,1.7817616406426633,115932747.48266007,115517104.16071704,0.3466445364553054,0.2126116695415939,3.5279703435011327,1.4989573509821714,46621130.95477634
471,18529604.17237302,0.1747044846507605,1.8735557356016699,136294338.26647598,135998527.05499455,0.3486719323878386,0.16012816635807361,3.35431069046601,1.210264501476893,43409779.64631055
472,16542115.439638112,0.1611795254326674,1.84767767057991,183150124.05405638,181756985.14814362,0.41553146338231484,0.19679416798546498,3.3519451295630307,2.6169650872915087,50951743.06376925
473,17053260.34508623,0.16360182887110608,1.9950639757185842,196193280.9608176,196013202.78346834,0.3607815133153315,0.17782252615735863,3.3371140368206844,2.6253362470094768,50227041.21818355
474,18306270.85239018,0.16970177234173506,2.481165406344501,58298393.871718585,58009073.83836462,0.15342107036936178,0.1717936603113486,3.523229671641458,5.057888990033399,30641620.55603137
475,18531042.81499473,0.16120005167687051,2.312155766883366,82333493.83068897,81960514.4364189,0.21983719608950367,0.16121635456371947,3.4766875386113267,0.15923259253080846,36152349.182400644
476,18608412.268944714,0.15990536731702387,2.4087365771340714,116297486.00008956,115827440.23407298,0.3190246302936843,0.1562792603880087,3.454276171430492,1.2389267979601275,41079864.692982376
477,18503852.95323019,0.19654649500922478,2.601999550936262,148319878.68412465,147329004.69886026,0.3763916386977524,0.16572746045991557,3.2376870509535474,2.186257896909852,44206718.84422447
478,17266539.7457757,0.16757094267889883,2.7287374434364517,155940490.872331,152711357.34037545,0.39045796531834037,0.17403703241418897,3.4212862499143077,2.667219316217962,47271286.92567653
479,18333753.189259693,0.18745990367729137,2.2012557777025474,187977285.31052762,186707354.61820155,0.4094560301675895,0.15811917043146173,3.205864351515644,2.336380735964151,46964796.34828616
480,16838950.910407137,0.17676264814008177,2.8332693055579403,63637164.41669436,63278041.105114065,0.1781411122872273,0.2047581215225677,3.5896505005874197,0.40033674486521553,35315815.80798247
481,16825885.957773555,0.1858122630750169,3.084945371893852,79664086.50170419,78708801.27252351,0.24295983281865682,0.203501579139218,3.5685289442021015,1.4522389406942224,39231969.8119538
482,18686254.62181434,0.18679875701414053,3.0388778246293775,120924653.8646402,120571934.70585123,0.32327717592364336,0.1627223791459492,3.3269745539807394,2.0705088499778914,41643209.7909649
483,17011410.34241811,0.19789975845782548,2.873735174540919,153556739.3254739,151662069.50345215,0.36946574210396044,0.19603944303875903,3.3163683966713764,3.125672579003774,48020347.25724435
484,16905762.872260485,0.20216670281931914,2.8940168601619987,169840879.56698695,166766748.77502126,0.3736520679752572,0.19873919244179128,3.30721052591072,3.3417742312718692,49326183.05668004
485,18352485.443559356,0.1579646701408988,2.815238577234727,190998274.1695456,190132863.25918934,0.43713838123810805,0.16394612291362043,3.2659640524817752,3.0229760494297797,47635592.39590433
486,16783696.108077385,0.22635852825092692,1.9544137102769317,55844303.23634469,55683387.159085415,0.14554290756254307,0.21869253613356104,3.4346920480762395,5.207067390134659,32966703.377348833
487,16318318.730972473,0.24390364523046373,2.0140239012379704,80506470.19837694,80240430.21166141,0.25374480385693265,0.23174566770243343,3.363011559480376,0.888781197676483,40466078.68789084
488,17420140.6898425,0.2316519163737618,1.7783168085072087,117630263.79374093,117348518.0381419,0.3313000398517742,0.2001237499017519,3.2814332001636135,1.2366826400360609,43742055.170280434
489,18398521.101601712,0.21047002047480237,2.031368429585804,152643373.2657636,152570349.267704,0.4050522027265727,0.17214681047097696,3.207514090693704,1.8010722206054657,44857339.67250936
490,17894069.103395272,0.250933257300046,2.015909059472715,158772902.72927135,157900461.95462754,0.38748338056046244,0.19603253421716652,3.0663347372738583,2.166841184831603,46268194.33930715
491,18493252.482193746,0.23092116036230023,2.0446291753803916,194825474.275518,190993200.30813384,0.4478280326507733,0.18315728700880662,2.9796969065623333,2.4494907826398538,47342855.73044356
492,16713736.41768234,0.23204569544046064,2.7422421397037042,64249408.313287765,64131190.91640263,0.17238842658276649,0.22455593056554585,3.389811019572615,0.5951294397759025,35674552.3857847
493,18339339.779776532,0.23530190513469715,2.236868091668572,91547118.98102795,90890351.61443782,0.24929673155851337,0.20241275488004026,3.2120954338377943,0.7603823668042995,38085973.31052317
494,17028473.36745866,0.2092113255876808,2.627617561840469,115854276.98350629,114129504.6877573,0.33318101656286664,0.19351582484488442,3.3817701534500633,2.0549581199385467,44159544.27376093
495,17953123.135394655,0.23642719743214458,2.1431462188130133,144679156.9307339,142211451.62143424,0.38772723430181216,0.19308244295975752,3.1183488283504275,2.056748998871534,45093055.30097887
496,17654404.198216222,0.24015697958293294,2.6606001523888834,172092696.2005828,171058457.5199848,0.40519383603724823,0.20066964374073382,3.092802048674594,3.0083791996119884,47471347.125205085
497,16356054.749106409,0.21889082024604756,2.3971389683711255,188064326.69876227,186817940.22166437,0.4037993681340866,0.2237916196751503,3.237446926752728,3.4136781421570443,51791696.89803891
498,16119613.4146737,0.23552109068026114,2.864748572090423,52827662.06462612,52568693.52414912,0.1294540679910744,0.24034008690568215,3.4425518973697353,6.215293597493731,33426573.093660675
499,18158859.881416902,0.22988841011626082,2.919696112315842,74305428.43575184,74189756.6768481,0.2061979283318494,0.20471609618871167,3.2848800438099284,0.7861050408437358,35198515.484475315
500,18553132.239613947,0.23938354712687074,2.7947638760772384,117519797.93836394,116999990.39336112,0.31260236927407914,0.19330157361606115,3.1678431190266183,1.9545783922376248,41302493.99248959
501,17195074.201413345,0.22157792192748813,3.0949046144105132,125992587.1132491,125317999.545049,0.3623031502235853,0.1975062214285428,3.2823531301653146,2.7927181750935617,44966682.36294936
502,16078103.792904818,0.21859959383687208,3.0731771988849657,178508255.00469172,178324899.1753657,0.3769585697909775,0.2167850863906972,3.332740118306843,4.002314524040674,52018526.85274352
503,18440434.570985254,0.21827673415277535,2.8608413316229084,198364296.0743149,198158541.16150746,0.48114923912495944,0.208393767945566,3.045121605491467,3.4212990504339014,47970650.10294356
504,16887789.42771302,0.29446756022610854,1.8613382649796704,61871824.17721191,61767390.22506423,0.1698427627885296,0.2442553876215081,3.185354609659019,5.88300880996195,34666992.512307
505,16236840.911269069,0.2595000456983662,1.9733566967715679,84305023.06335925,83373879.51225963,0.26483284812661084,0.23668001305953054,3.324262126208002,1.0041760737510914,41389861.741751716
506,18369773.309116524,0.2620561369552932,1.8839228397099188,108757030.26428425,107344526.97068481,0.29619440648340983,0.21463856473642207,3.1220489418516886,0.9569471876503085,40519299.89428674
507,17831173.079946116,0.25480684725876007,1.970938279962995,128478054.28421868,128342262.70095763,0.3471513894182527,0.20340644865310983,3.159899308628268,1.58604887464578,43993880.770752154
508,17177335.48186117,0.26455390855188443,1.7815060357071522,155244495.84566656,153548050.73795623,0.3660792817545839,0.21141149102760826,3.06669939780503,2.2001912803849004,47665329.71615204
509,17083984.106971875,0.2639170146923257,1.874756213062076,190229377.88948658,189103199.38538185,0.44655636044467983,0.21905589757355098,2.975147897385743,2.848913177404747,50164075.93257037
510,17495319.57750005,0.2567827798953052,2.383962595955058,61466850.90044256,61158605.675942235,0.14974167284450463,0.22227752452999344,3.247468851007232,5.896970647673004,33056284.627343237
511,18214429.735528093,0.2549249343732023,2.1122173531656943,79048927.7703878,78468631.52981059,0.20247837063818244,0.21390105262315295,3.1753555452901194,0.19539078830471374,36003045.81530246
512,18600702.48859006,0.2617912612862399,2.1386723084863273,116029916.11210929,115772807.51762559,0.3089923886628765,0.21078172753435948,3.1092735795947037,1.3058758920524884,41008347.286113605
513,16982738.994713992,0.2566539552642732,2.13009979833926,127208605.1519649,126993624.97810914,0.3491892378720423,0.2099526569243843,3.1825449986994863,2.0543428632039005,45631487.41954509
514,18070567.897017937,0.25752613587295997,2.3034467188804886,171531362.85071865,168052905.57556498,0.38839121320876485,0.19983295784358912,3.0108265169733563,2.536938630175383,46818173.838820875
515,16271284.795341242,0.27977400241994893,2.6899326889189483,189905113.5515546,185226933.0041929,0.42154771213382447,0.24024582298236907,3.102753348874682,3.8063818275516486,51839885.42195282
516,17440913.248474047,0.28725600911097027,3.00766246166229,57093396.51921243,56778226.78154489,0.15110513959629554,0.24449775151540834,3.1748455172488135,6.183449684559981,31872044.004585974
517,18519249.29471793,0.2647179447655877,2.9493000295530387,82696239.86914764,82575146.82069996,0.21368005085539393,0.22097731734437956,3.1575842117748736,1.1343080205896592,36167890.10790755
518,17028454.026360318,0.2771369249855285,3.0610126821924286,104713381.65723462,104675732.17204128,0.3232669685119385,0.2252258953795353,3.1581825115721647,2.5528714568048554,42788713.26499689
519,16307973.159038406,0.2601613893018035,2.8739182809149493,131733741.63007718,131603965.99633615,0.3839873234678984,0.23119496187161548,3.2019076663896215,3.123738075184239,47538150.27513783
520,18606852.11345774,0.2904933741953197,2.983614521623538,175641940.9740824,174059404.96422526,0.37157037279753974,0.22529613607106863,2.906802357890202,3.2869247088479607,45760756.1506203
521,18287228.06634936,0.2540025238394764,3.0533760963468546,187134926.88552597,183327257.5432439,0.4298539912980068,0.21814303434997284,3.0146299249825472,3.464542947438295,47601234.66836164
522,16767369.058353081,0.3041463742159705,1.8757561830723664,61106568.9688362,60802512.09573718,0.16695882536071338,0.2503128538232054,3.1675062780030303,5.887850337749011,34651531.93585951
523,16228140.77004765,0.29999700261094214,1.7556009149653777,67037768.34849581,66983462.55695369,0.194180292954832,0.25194074314458503,3.203430151695631,0.2514467091349481,37620347.90273282
524,17931245.442321207,0.31588944445253114,1.8678645509186327,110726376.53996748,110585693.27647404,0.3186535896212255,0.2463495969652276,3.034361791857994,1.2202782336602216,41579024.299903244
525,17507998.878299545,0.3209622081927959,2.069574833999189,139826584.86033532,139305518.56717125,0.3674918271356628,0.23821324209158973,2.9441401172717163,2.2468238925741,45563818.35152839
526,16904877.94458536,0.3223950261758184,1.7875293225763884,162259678.6047678,161247405.2681781,0.38313733165213765,0.23456097231215361,2.924430922325112,2.498925646381002,48632524.34423014
527,17904353.04511537,0.30162686381280757,2.0047091304994242,196889564.89774823,196841939.83358523,0.3441410236936381,0.228810864150802,2.8579155385517314,2.8541434431035526,48243291.54525328
528,16149199.04988382,0.30545498403225163,2.5298016533027314,56309344.93080667,55896690.68713939,0.14457784310254634,0.26213466202549196,3.2028726786252406,0.0638947839479766,34384845.48848471
529,17893515.204530623,0.30286177626501587,2.5835769113910967,78424201.35846417,78379706.66763282,0.2085009667321567,0.24847255760594086,3.092487617597587,0.8708025518156488,36477342.06439558
530,17784847.342338644,0.3102294461178538,2.3752966461144407,124009516.42105533,123954002.4006419,0.33696080568351633,0.23414462069937197,3.0068796124708186,2.1092469415544812,43388466.06543489
531,16791674.156481996,0.31858902304457815,2.266080546082164,130865692.78559454,130723707.87947729,0.35685366666508783,0.239509847154776,3.0024143780612427,2.489444674626691,46328600.51186046
532,18530169.432599112,0.3137169055751497,2.5545572059974146,165466994.92864656,164863576.9521954,0.38315813803987847,0.23918146636614548,2.8688265844910528,2.7514324118698563,45351114.67865678
533,17000811.462918397,0.3129860593676578,2.769956156789471,190062593.66380647,187447268.40397152,0.41088140509688137,0.2467544964538727,2.951642619220322,3.6863011831059325,49750188.52871596
534,16535403.55495532,0.31923973967339586,2.912514228168149,50175956.92762489,49978388.443135366,0.1393440393472641,0.26759957767683734,3.152106231174185,5.807863397627462,31280467.91087628
535,17311705.7106722,0.30370389374958046,2.9169366572942197,76519840.95927916,75884066.8291184,0.22455380659289018,0.2493370075770497,3.145006484100163,1.3452249595650945,37292743.945533894
536,17862843.222718064,0.31436883959592127,2.813440955451462,117781531.98708823,116994470.39076458,0.34585059276248403,0.24020237927885998,2.996423355162746,2.4083876533088837,42633953.04530589
537,16930016.385361437,0.32024739757426296,2.979629008876046,139682131.35793453,138625192.9040826,0.3671710086420969,0.25078932149398103,2.990782996751123,3.290084675382224,46717062.55334692
538,17397186.528494924,0.31409464080433414,3.0853567380453772,175028282.157535,172949690.06546506,0.4175340794471082,0.2500970630885016,2.951996183973869,3.798092207246018,48637430.45981465
539,16917556.378219593,0.3070834198312793,2.809439794269977,193482966.97971568,192668887.41753536,0.49203125787050656,0.2515210661225402,2.9624925050514843,3.966292187140162,50683336.48235111
540,19301905.04903975,0.1019641850874354,1.8410000707270227,59608557.80224427,59504955.58401472,0.17784221942395403,0.1322344110715867,3.764247645941706,3.8998008217877853,29357131.73411698
541,19591643.405274227,0.10076412630178992,1.8351468871376537,72678926.94620751,72250941.54196416,0.18851960377774582,0.12240485228504905,3.733916110608243,4.80303615690282,32315787.08829179
542,19362578.66613333,0.10712337615450761,1.9702128853781886,115558773.75233594,114624109.30148469,0.32652135461020027,0.12676936371310818,3.623223888390114,0.39852942136698566,39787056.3854447
543,19737906.14919061,0.08844067942812002,1.7989688363030336,128704608.35005865,127316728.39430265,0.32366907872867845,0.11174009048819454,3.6663505923851534,0.3077215208855662,40508332.12131708
544,19935172.925282784,0.10360787120028703,1.927596369068524,179836713.7290488,178731964.07755706,0.38548592970283424,0.10966023881200551,3.473646186048242,1.2537887365896372,44092719.990693815
545,19440489.716063164,0.09712525005444542,1.886575061096956,198475826.22859251,193976535.75783956,0.42207120333500747,0.11409202381215151,3.16085116277801,2.0341093228799036,46059596.04702985
546,18874158.07592767,0.09043211672179108,2.5917648836908738,61373347.820517085,61201926.39861036,0.1568720116123914,0.13373723810118648,3.8794475139518005,4.886274356438669,30586390.21375251
547,19318145.07594999,0.08766148045672371,2.2723761379891787,76140452.03545862,75718197.67026585,0.18966261347257404,0.12094414385434507,3.82840693957717,5.434456233680977,33577110.79996322
548,19089314.885203384,0.08885487766340582,2.307471088235899,124964245.47447766,123828401.401919,0.3278408934433375,0.12374856758370559,3.7557490581194806,0.8417475525926,41308716.66229002
549,19870820.021968126,0.1082612277979749,2.5246627864512075,153028060.0751543,152035598.13161883,0.3820533501404947,0.11448161011537042,3.5568846547209203,1.4123007443510578,42111295.096486375
550,19559136.957653176,0.11012250291879852,2.2632491171927778,174867680.3050205,169744797.85939997,0.40614786510005463,0.11554545086078956,3.518842489998854,1.5421677903197877,44419811.10977644
551,18693540.167753026,0.09505594335096369,2.7054701374645003,199468051.5049217,197556329.58229482,0.4278496240681902,0.130349631422072,3.477299447630629,2.635833595084656,47071626.01167577
552,19021116.379068796,0.10222230326203029,3.0134862817087154,63229808.47466907,63005168.6549892,0.15891655312375888,0.13249436083063107,3.7864754118777766,5.47526998469123,30882231.28687691
553,18784416.781520348,0.10076115722047697,2.9821750446443205,65875976.27952609,65827436.74255872,0.17538811438020796,0.13630792901742067,3.801093767250277,5.746644264575524,32055602.885119922
554,19294880.461069264,0.10517023780845072,3.0358723764201643,117783098.79205967,117034924.47579607,0.33804088582450087,0.1235379845873405,3.6759095303936586,1.4604025553355116,40126592.40440556
555,18835472.148228243,0.0925392407200567,3.105973208280251,154394294.23260564,153460997.90546247,0.3746864897310449,0.12239102481165386,3.656255299255393,2.2954458146692303,44465808.04280885
556,19985277.10975135,0.10537785125681375,2.8102531091353953,171481454.63236097,169725117.45206594,0.37686274291372585,0.10999708823685879,3.4700052648385165,2.017893979703345,43269361.10857111
557,19710362.809675906,0.10268550124875489,2.88117213940094,193487367.2244532,190044575.94527143,0.4402473670010878,0.11550551369327822,3.3869364980762895,2.5035827273501985,45176055.4573536
558,19221183.280876502,0.15460418532906842,1.9883589205810654,64515590.61490244,64401985.80506923,0.16624618212881345,0.15303041230946327,3.500962385309226,4.680707555531063,30837108.455655716
559,18956903.05791569,0.11462291191139103,2.0673029601026434,94302363.58358544,93365244.29450808,0.2693408773152282,0.13501916137764294,3.647544248808919,0.05888150161426714,37473693.67759464
560,19339512.26965506,0.15317788684973493,1.7631199822212629,114285804.35485332,113416090.19168133,0.3183609846464536,0.14700973673997295,3.3900728791966954,0.38629229589492997,39639490.42417755
561,19521224.22819528,0.1172013701978709,1.8704861039080547,134610819.44592792,133960442.22292328,0.3460259794098115,0.1263153389382064,3.5318363393171115,0.6481693536681257,41500274.0242324
562,19998752.73330099,0.14022686184827132,1.8412990464365047,171144609.28197622,170597390.37450698,0.3993389403866059,0.12669720504639462,3.3210429311568666,1.2479279363445654,43646157.97628331
563,18914957.84260064,0.11355917856620615,1.7801276735657945,185879741.41044244,182955739.49381486,0.41895687762170963,0.12096069529480719,3.4251904912978457,1.608100213960074,46472023.645884395
564,19793227.84269404,0.1563003537312766,2.7546396699297513,60035747.67409791,59923099.36858829,0.1730906068520383,0.14917705812335008,3.458001671502267,4.827057997402675,28517007.330130808
565,19691813.975623928,0.1356279442391893,2.5375217936374046,82402054.44270334,82200080.4998885,0.21160045397117813,0.13484258418542938,3.494786859205093,6.1658923522351685,34062510.575401455
566,19108334.30425129,0.12569663161284209,2.518566795305798,98883502.53012028,98237327.82963528,0.2785774748524458,0.13838272997072468,3.5753900284288886,0.6677939500600063,37900850.50141129
567,19433986.69708423,0.14199224597061147,2.678263515433673,150556351.241616,148795997.4144864,0.3896576279926848,0.1347272588004432,3.327554406675964,2.00497070931258,42836409.64087469
568,19027861.734310325,0.12560174987502,2.573200836044984,156958294.3333058,154200021.73746523,0.3716369829539423,0.12882366651883181,3.493625264416229,1.8448536669461508,44137311.62240128
569,19313856.935286224,0.13429060181687666,2.281591415092962,189221014.0146274,187821728.06567493,0.39703859726110524,0.126183480065645,3.364171507099071,1.9310814475609357,45658686.42614907
570,18922623.778248854,0.13071153998353016,3.1116818049906456,57612463.146932274,57347888.87926234,0.17220473809064932,0.14558064005663093,3.651982686797669,5.196826103234036,29334041.981592827
571,19755672.587767076,0.13599097461641313,2.9237329472443356,75951895.81377819,75513252.10724331,0.19158519624480122,0.1361062915013921,3.5028378963044746,6.260621727111949,32733704.72489997
572,19290590.801217757,0.15416968901011208,2.8035456782653965,95625307.65207574,94690518.43183282,0.26858905624671836,0.15076586600036132,3.4520708004258736,0.8421328815725992,37117965.797931135
573,19090844.47910737,0.1177898787121367,2.920651730705587,133430850.03449564,132021806.76412824,0.3516207535922699,0.1277787046393513,3.5934198600110454,1.7337348138237845,42035184.83889055
574,19255929.088437416,0.13276217634772122,2.7917452573501436,181926281.0177026,178316403.2095774,0.40745787045573156,0.12908435432252552,3.3406745770288584,2.451812962222656,44928337.006672375
575,19834344.13289277,0.14344787111019086,3.0246978442273784,186940513.5405899,183348535.61013564,0.39422656946653883,0.128916866032317,3.2615488326953463,2.611913761635827,44738707.04591468
576,19559026.78344661,0.17734421056705463,1.7675061230469868,61295102.66492598,61273909.12631518,0.1867386407263564,0.16609940424921046,3.38146852295218,4.186277796893002,29213339.347479664
577,19477256.616259176,0.1631434276772299,2.034330383325456,70647878.63469218,70512146.68902585,0.18790568923305231,0.1522331860556061,3.4219873822388753,5.16790410453079,31959620.203037664
578,19088732.095446274,0.1597062481289864,1.88476065689653,112027606.99787788,110227988.24956198,0.3181089724394135,0.15348510482739108,3.3959823730972634,0.4940249195691707,39651463.93356149
579,19696447.654477328,0.1794255161276671,1.981170668901705,152521638.23603255,152320711.09690022,0.3969265242918004,0.15087791058435968,3.1936545096678395,1.407272490530208,42527124.99439788
580,19740043.5043018,0.16808493691276072,1.8860349384046906,174610696.05824316,173992373.14017326,0.37939922109468366,0.1423437976533256,3.1978389018795124,1.4802273165522872,43999893.51847669
581,19270369.894932758,0.18980292707427046,1.9088757895918276,197975616.61536193,197733181.77538896,0.3875288408114714,0.16854494896682215,2.913000724533643,2.299682869747133,46068359.09028683
582,19465897.16117459,0.1929956856218908,2.4322655187747872,57980541.217716746,57591896.22242056,0.1786755719978243,0.17597784786853568,3.342732138134678,4.5242980978528955,28258294.657320276
583,18882422.626314312,0.1818136590335415,2.657893978996171,72584883.3247014,72333604.79156472,0.17754412825943489,0.16886821851703918,3.3794178916220514,6.2346627532477825,33384714.744557247
584,19508827.45959188,0.19721796011813233,2.629845251824471,120360982.58473225,117769109.02167435,0.3239988395949466,0.1681265131127124,3.249794729259514,1.3736011090557771,39750287.96513926
585,19633289.486158546,0.18006961723487017,2.4538129165409774,136487587.01954874,135967071.920796,0.34032852235266775,0.15376379636739168,3.2538440646370197,1.484126540366048,41239850.80727705
586,19206642.66653335,0.19451203069725928,2.433216143636951,173343206.77566108,168148350.36482933,0.40196736122435195,0.15912729046580282,3.1298750625122387,2.1743997912961035,44589876.001701444
587,19181120.05927116,0.174755232152659,2.324814383745216,197665537.09672543,197329015.5587149,0.34865049077936877,0.16053901889036223,3.0718121818435,2.5574201306941338,46059346.86221069
588,19514969.80285037,0.17231094874748562,3.0894758624267418,61812227.92326418,61505954.02843038,0.1770377847761039,0.1593620713402305,3.397175823218724,5.551674963208166,29590605.48710089
589,18828963.515119053,0.16412758288846724,3.102595423291328,92855356.41968864,91253559.34636906,0.2690121538183768,0.15957230648626816,3.468355961549212,1.211826745868136,37506310.23636341
590,18946725.57781309,0.15862839070009654,3.002660335093943,110169547.77998933,108331850.21042424,0.31048546580524633,0.1512109190796361,3.464264468497558,1.5252062490125455,39735866.34331173
591,19807676.208511855,0.1977754509078927,2.8239509896019537,150083453.47968,148586060.3645051,0.3725526837612958,0.15921253871362265,3.1462680831776764,2.1143734766937827,42252850.49368726
592,19738341.40815184,0.1944422759384847,3.0632886464598292,180293210.52149594,179634133.43430135,0.37586724742227506,0.15957084603346577,3.0896939764205884,2.8186415275462755,44119216.61906335
593,19541544.57554527,0.1934367148232905,2.83133190731094,185235880.131258,181553972.66327187,0.4246869049646451,0.1598812113515207,3.0702795887440857,2.6787487483186685,44823728.88673207
594,19196202.888773523,0.22091701660541707,1.9548907745500816,54789656.209955454,54673303.46426879,0.18521959089691675,0.1997727878453493,3.2714030472768054,4.035065254196162,27716904.823197037
595,19604852.963632733,0.2096074188155525,1.850662415907718,83380226.59289575,82803891.41283818,0.21885746715478221,0.17602357044379383,3.210794860460909,5.7995994797263455,34361778.203614995
596,18901447.441863444,0.2082917118160873,2.075980238019709,117618219.91057122,116151588.601333,0.3095081462990984,0.1792007790503299,3.229395077604893,1.0448406901081384,40616111.84449375
597,18771810.165437017,0.2143948624751495,1.9807760171110158,136472124.15162855,134545453.55283195,0.3510080137690162,0.1785808487771118,3.1900738351658227,1.392329207609559,42847319.34538763
598,19274391.58603281,0.23233848619654374,2.0233818892077085,179170656.77691704,176365198.44663188,0.4451105268510592,0.17754790780140522,3.0221076623503813,1.9685588135743128,45012249.32211235
599,19435940.950966146,0.21075132078425615,1.8695129544519533,199448326.08307454,197877920.10328355,0.43935858992725974,0.16134587330669647,3.0502104485161348,1.9209198316499188,45856442.2124144
600,19511394.78803738,0.21297784577571216,2.6675369790597805,63056546.21885507,62876904.33466288,0.18188867551326113,0.18420655159543617,3.251701774087079,5.292612002821788,29663645.151088543
601,19910679.712547503,0.22395485757322803,2.6928151282834354,85514501.04691735,84419675.83972514,0.20246125696958964,0.18928949710521598,3.152633997229915,0.3241916730774506,34048316.10968321
602,19130745.76258682,0.21464228731998117,2.3161284947628813,98906390.4281106,97698632.27010307,0.2699929795566897,0.1853052330777808,3.211096142489658,0.7682015008354176,37662630.14743908
603,19730202.62392092,0.25181286667839603,2.1300684628021522,152605466.82196274,150310126.21753663,0.37708025048753663,0.19560875618164014,3.04465424145378,1.5412976514841314,42064774.135162994
604,19077841.362546816,0.2218706134749288,2.3948526177944327,163910944.8952557,163534308.21365055,0.38582645967693535,0.17672540387485644,3.0675687989947833,2.1904815193361817,44517293.56371993
605,19057363.859381117,0.2454443460459878,2.090272367273857,187607561.54360756,186843134.9029869,0.4266370040891704,0.18418976673085832,2.951195108286144,2.2639828065814642,45833982.587144524
606,19570470.112982076,0.22196342725147716,2.966371578199723,54128556.865305096,53907772.005793124,0.20767265266269827,0.19386801170529971,3.2589060327251205,4.798424892328355,26818193.12325859
607,19828495.416395433,0.23073655872611507,3.1030945355283386,78103035.98957574,77553818.8127588,0.19220547917423306,0.1958837693866767,3.1611212518589378,0.5182162618485658,32884047.621508755
608,19800733.605591636,0.23509855274340014,3.114658876441263,105774696.04003063,103822204.76574332,0.2836571967433036,0.1916208192973779,3.1467614462133913,1.550148684465861,37503239.43403849
609,19087308.021777283,0.2180064486612127,2.8922802959906826,140608054.93208915,138582179.92378673,0.37901557972052413,0.17538555923297783,3.1435382287215865,2.2840098378281812,42579254.6299317
610,19629525.17821405,0.2170873212238344,2.8675672780929236,184954868.83770555,181489667.87420487,0.39494525587182805,0.17155965587574573,3.027018791076804,2.6987053198246787,44641991.28490973
611,18953675.43865454,0.23529364470209468,2.9392695530631707,185698341.04140994,185586137.6071116,0.38971519952389777,0.1881606025784887,2.9917562882042783,3.084546841494388,45894554.183662295
612,19320985.53889688,0.2855699288396715,1.7771809322966834,53870685.79463942,53608940.34928789,0.20086943221522569,0.24739959619792906,3.109238402721767,3.886957724829861,27126032.404448908
613,19369456.02737897,0.26972672835795114,1.813232504793314,85378984.60803431,85228980.97690122,0.21331369444480394,0.21685638649192443,3.067487612272338,6.144621868403456,35155045.13578154
614,19348477.413233384,0.25500867559044194,1.7615185586981084,97833707.33567962,96620776.81400897,0.26408688384952067,0.20801685632269487,3.083841106015797,0.237647492724955,37223339.621892564
615,19327850.861613978,0.29590384575613315,1.7291505145213129,143836674.53113216,143098408.41639856,0.37655346915531895,0.22684421786130618,2.9816344136051622,1.2975226144484198,42310608.30106151
616,19290137.707222767,0.29698714735790965,1.9285829503960397,181346137.73488024,179989498.03884706,0.4288510179086448,0.24242551802642504,2.7000241218227363,2.412843138403095,45230320.27808704
617,19773494.829609312,0.2526455789437745,1.8519495534466266,190600464.51399013,189479889.7817969,0.42810659296555487,0.18621080827101583,2.976700330407646,1.782157696465279,44528269.67338357
618,18690218.240402278,0.28969175685370113,2.3504830761133757,59931761.75518291,59731989.5361661,0.16628264985266294,0.23881304830847705,3.1111616810198632,5.209580888093419,30188492.28983841
619,18952113.156752564,0.29337027018563266,2.2441611913981205,89737341.98217705,89072668.00772937,0.23267749655632458,0.23842907171772632,3.0392421772184544,0.5682233129744181,36505379.577788115
620,19717377.913977455,0.2769043539361648,2.139031892532379,119690823.02849758,118934801.1576197,0.313799426264558,0.22248712841410653,3.0236826656100075,1.0534434735831364,39346953.096347384
621,19219481.942629557,0.28345246442273175,2.398664340456275,146945627.29217926,144235417.58967245,0.3638005301004206,0.21990602537321785,2.9426298521286016,2.083246507991297,42766158.35460459
622,19702662.868866947,0.28161754698161173,2.509110262936045,158798126.28147033,156743918.0950609,0.37417319561476303,0.2219454952578163,2.8807177657983396,2.294305193499644,42826827.173211806
623,19914703.976265267,0.28606097229319355,2.5890514994701928,186441045.03105152,185781015.69072637,0.37285755144165006,0.22175533209970655,2.838526509505166,2.624670483011978,44382111.06413414
624,18816891.26917327,0.2930165294066033,3.018560135714833,57343207.79855066,57278053.79058929,0.17511732001012034,0.24285090503462964,3.0938685252959424,5.560980572457611,29241923.971083768
625,19344657.06063558,0.2565216782582007,2.8834576881592513,78169784.36097151,78122912.66600157,0.18646004460199486,0.21497005889509804,3.1204351220432187,0.4799517021050303,33707747.105150044
626,19423555.56890793,0.27180069965044845,3.0243702783314594,124655241.1822566,122701566.6737562,0.3310245933513929,0.21207240698675517,3.021749855871848,2.1729949828414425,40339492.35790737
627,18938045.412271768,0.26877809445365697,2.8044922974135775,126797478.9544393,125623551.92735738,0.32336666303720035,0.2083081514618288,3.053563037184388,2.0971487845359924,41535143.38257593
628,19730514.76834126,0.26901938120654123,3.135149899348955,184442866.35353842,183961100.22318992,0.3739808582122949,0.2103055015963051,2.90393375282153,3.1286315720840863,44607057.524115786
629,18750805.155280206,0.2614343699925001,3.022008237158783,194527588.43592358,192053266.67642626,0.4378062594751283,0.22082260913575782,2.94134444162739,3.3730263677481838,46879150.785824955
630,18881192.45198557,0.3136408559582761,2.036222023201769,62121544.4797285,62082288.85425317,0.16436661180998638,0.2544155958231568,3.059637851227548,5.026349415769047,30597616.033132397
631,19129743.43699741,0.30813966703320855,1.953380038473681,86048205.73149452,85955120.61753738,0.2098161483117484,0.24594254784150602,2.998731199896594,0.18878746575035552,35675375.458692685
632,19866161.437317375,0.309470251211214,1.9995876015438987,98380443.79202518,97946366.83118133,0.24227423121469205,0.2480294511887221,2.963232759287127,0.38598229975853454,36422595.57189007
633,18841740.84342373,0.30648562365564486,1.876942874921749,138138665.29600155,137621640.11265457,0.35591541683069294,0.23348363549270293,2.961085173269189,1.5594815589389674,42721245.66857824
634,19209480.828278925,0.3165684597832092,1.8155528758839325,168168313.949446,165241660.56420195,0.40116323526538483,0.23313389203454413,2.8992153755929144,1.7601038580606945,44566935.23201677
635,19212231.662502486,0.32041123856570425,1.8508666069216013,198813621.63403854,197472767.06408298,0.3698193804374579,0.2334907093867733,2.8101361375270786,2.191677652650751,46173321.43078054
636,19511113.381353665,0.3035677014465414,2.754137781545965,58556282.67767015,58427920.19331625,0.1799933666968838,0.2500038656626594,3.060302736473174,5.11594942281997,28330664.724276207
637,19808827.547019612,0.3096446795294525,2.7197449246551004,94229932.30041474,93932237.95991187,0.22712689586295673,0.25123786936633785,2.992194922510915,0.9960823263450291,35800337.05579561
638,19220272.807405125,0.3074054144396634,2.522107914075566,106381924.65154055,106161553.49458493,0.27372924084071965,0.24364951384807762,3.007522457106896,1.3514373819647774,38609500.7832837
639,19601743.439751666,0.3126244958634721,2.6442345605740085,126642891.79656693,126440900.37978874,0.3337135245782118,0.23895789117361488,2.952829554091378,1.8517503629559282,40132253.28951576
640,18771005.092915956,0.3170354288153428,2.4338354178466624,179127588.00258803,178617526.54205793,0.38176668437960487,0.23570297632652687,2.8298061744516514,2.746122613708369,45737747.9749257
641,19766979.63703954,0.3156372089905253,2.587682312050831,191290797.3643962,189585124.40836543,0.4357206812333593,0.24178245041885157,2.7782649042363845,2.7335736790124505,44880563.97023607
642,19204408.806670357,0.3057427643886133,2.9520862042475073,54498995.44531514,54453818.45068114,0.1966128814189724,0.25300630530226875,3.0711938107886074,5.135363809597745,27489826.947179377
643,19120652.70139997,0.30434568181567156,3.004526214294773,72950842.34279938,72701128.37878852,0.1764762317979973,0.25020826030567933,3.038655512269418,0.517071067822068,32920695.90724702
644,19983090.407541737,0.31137566671242056,2.8918235471813234,107332855.22748509,106474483.33744153,0.2834093126096949,0.24670421853818708,2.992686239748804,1.4715279804924912,37367747.76860438
645,18953646.120173153,0.3176815925858133,2.9650931455034417,146814440.47125715,145976984.65978858,0.3657828225598849,0.24356869703921974,2.8834857250685726,2.797622074746777,43321861.88420511
646,19840436.13972758,0.3165654266967798,3.0979698233709323,162121134.52619067,161053869.37164694,0.379606825488385,0.24035775561031186,2.8520150191191243,2.8354192569052583,42556378.54593443
647,19018782.171426922,0.3089926019119541,3.0188702117267376,198176830.29384142,197599484.61251336,0.4531224197838728,0.25922175687514537,2.8311935367576417,3.47781076523391,46937957.36550277
0,7385038.496434538,0.092165929412354,3.341576908943187,53696501.99172069,53422302.380181916,0.2987486959279179,0.5771217935190367,3.322483158651765,4.398127399230904,81150468.6630706
1,7649444.0661866935,0.10543029322248446,3.4730107832904302,65377899.6847704,65265549.50861372,0.35985403058352733,0.10531215047457115,3.292699649664085,4.258633748282521,81478178.99898627
2,6975320.237339639,0.10051516231725338,3.5804610422122547,108628843.63249628,108295716.11836001,0.37905823283753387,0.5281072675676679,3.1727546812962486,1.0660387888315723,98714902.86304146
3,8156318.307444934,0.10833239476943615,3.4608198608664313,145251044.4398745,143700352.87259975,0.35987494601374426,0.3729360762914859,3.505121923958309,4.845012955458641,88464328.97631653
4,7622812.728275041,0.10176763719576563,3.5972024226729538,158052216.28672156,157734787.34625775,0.3345423267071333,0.11155696538794935,3.2819638593715177,0.27539506117271473,94218613.69441675
5,7979408.456107253,0.10803086851876902,3.6363948822729286,193437175.17413893,191040770.87134516,0.2625561135314522,0.5014727757402093,3.0459153223284146,0.5086098559869424,93493094.377775
6,7746424.582807728,0.09184492661933359,3.754109480242162,61711558.016026184,61651003.12392129,0.339505529373829,0.29335939138654193,2.2432747248182707,5.209469077686613,79103248.61648086
7,7068143.218507003,0.10038265474824316,3.711180586331839,93819638.44315647,93460302.09501022,0.3831263426065283,0.26039237854214464,3.7495526909661483,6.0215865039743255,93408111.20596682
8,7968978.466210772,0.1003709927139296,4.189555265147861,104541418.46176267,104473249.34443672,0.3443752872629883,0.5337590188700775,3.0637822098492205,5.565987626657306,86258059.04940143
9,7406117.780521801,0.10879801502527957,3.854340259862372,136161671.3011174,133463541.9554993,0.340462427240828,0.5212617241697817,3.155101011031926,0.9174648078084462,96354898.21984209
10,7822375.483064484,0.10906927440098635,4.203811685125297,160245672.107963,158718039.80569506,0.3207076908431163,0.47276595581149433,2.5537044435624185,1.3101132248950558,92377781.76353717
11,7112213.8097877335,0.0978792633642097,3.9648572842106375,185921661.7301657,185648019.72262356,0.3093035072409142,0.08633822546172186,2.6677623461865902,2.5461446055931733,100446566.86628029
12,7317001.769993885,0.09324796893688947,4.531401776944981,54983478.904452726,54880848.56608573,0.30140563227322464,0.5647040841485444,2.797431228407965,0.06434372692660746,83069777.86025947
13,7099155.051434385,0.08813109553434983,4.538492533849025,77369473.75090115,76832902.68579014,0.37990342144271555,0.09423597224274181,2.804771456341942,0.7317340204405958,88795809.62016246
14,7920061.683167433,0.10616936813205381,4.659343554563077,124064919.50714545,123703686.223459,0.3407129227996,0.5453902929395537,2.826827122169267,0.7553082697035801,89382282.73559034
15,7254689.565833909,0.09044473231408183,4.492229790582965,145458002.1709768,145231596.51548287,0.26657610097504897,0.45717673394704017,2.4131352097826513,2.6612213888429883,98000754.49110514
16,6902924.711119391,0.10554259757099693,4.517599826925842,181490513.11036098,180479240.30366114,0.3127804380121841,0.5215596182212615,2.7104254818200815,4.017189638269068,104857908.93493941
17,7471165.3337907,0.08755574740153929,4.433631469398907,197343820.7189654,195596679.5448225,0.3027124574717687,0.35114269601415815,3.5010265476813545,1.74393759536368,98480610.1623331
18,8016962.193265252,0.1577985340121899,3.5071751056358935,58172657.48560561,57968525.026098326,0.3092855779239559,0.5361866395057102,3.2015684155879995,3.4879502920516856,75777318.55106495
19,6974882.643848196,0.14249334592953822,3.3884805077437163,66155734.37675612,66046215.93537003,0.34968326854397125,0.5183717164602617,3.240887026394426,5.944377506274409,90009731.65647684
20,7755298.864532528,0.1364706972550532,3.3402801587736395,120382735.21997902,120254922.7273198,0.362216787612147,0.3120993497949839,2.233083081686008,0.03079441715378305,89201162.18743032
21,6940184.432807927,0.12193842606261138,3.597265621299356,126746446.7554084,124790285.82293242,0.3313212315559409,0.4799883023658614,2.733197863887092,1.8830230000539823,101106397.62612203
22,6992688.92389777,0.12196671524641814,3.534884094324479,168702221.3874539,167088183.1805808,0.3071026451553409,0.45164170233085194,3.1064473520764304,2.131743698151719,103917278.08198777
23,7609949.278580102,0.11097066179873585,3.574790897887447,189906258.17857313,188388416.34404534,0.3460274395331148,0.16277477613146496,3.509050341485379,0.5592257556472544,96653717.64148763
24,7151027.764809232,0.14016580632270462,3.915334939348086,51537114.83810849,51255183.58928909,0.24862090388876765,0.13343009757623978,3.258953709812838,5.363850703222863,82083600.57192393
25,7593578.305607766,0.1339849552614675,3.9824848240099273,92907597.08895911,92030783.08306906,0.3866179817141218,0.20178716355855414,3.637236092071822,5.329906123594866,87885290.76729499
26,7058453.383560856,0.14011943554144582,4.232198077279691,95196341.70661789,94728287.61961293,0.40439585822517227,0.3014569846275584,3.6731647771216855,0.46152416818801273,93981962.55705245
27,7128573.795378967,0.14510616639286136,4.107471439937713,125088154.73000157,123786374.16881657,0.36774006118771035,0.12099203015421435,2.857835681997419,1.3724183716561267,95755325.16935691
28,7771037.323344991,0.11944997271128413,4.067133346088089,161086053.2722739,159746188.43864375,0.34759170715592624,0.36873120098470746,2.3157151415936528,1.3450066215885583,92193309.1645962
29,7180325.325317689,0.14268612903262415,3.8393663018999025,185248164.96117583,183614702.67664194,0.39925612861490195,0.18029989978357255,2.1281635682677438,2.8275511870462022,99785706.68835339
30,7293257.052230548,0.15485839322130313,4.547428883577813,54163864.27547795,53889522.57602781,0.2858263412175476,0.5132496161377333,2.8026682530199514,6.173353071864169,81579579.18924293
31,7908435.455241013,0.14269401801913983,4.361129908324381,69161823.16182022,68952436.99517703,0.3629330647799714,0.5237808177014909,2.8793638631054006,5.199491389866184,80311507.75450152
32,7569901.221480424,0.14833126407982855,4.53222191302349,113429333.97390933,113381081.66228622,0.4055413619162821,0.13877927328278158,3.1747746872701756,0.3401354408670347,89540266.19314127
33,6910797.054762341,0.15791420148328117,4.63399404634722,143177150.54623544,140865884.63953963,0.2875087876779365,0.4930539111901435,2.74286395133343,3.1258188495279846,101532394.24317041
34,7675439.84440242,0.14980732416068188,4.365451564789323,169594849.07880065,169143862.7834206,0.34620274096085446,0.18943231585041045,2.224491865699248,1.8250934720693601,93303645.02357566
35,7054580.434669982,0.15759184726468864,4.453978885805015,187100656.1857052,182819769.74065733,0.3424164249839073,0.2367007855497639,3.404644944498997,2.478707971719655,101885720.81147632
36,7373502.940798951,0.19638914877919242,3.3653965705362046,55641307.77865507,55468673.05768101,0.2854589884174445,0.5127085178208126,3.136528604888944,4.607173410275571,81009650.5144926
37,7377915.260924968,0.17174224001062877,3.4070244269415735,78093819.4136484,77881873.55201887,0.3744491633497665,0.49792264468467323,3.120457526535629,5.378769465699883,87828085.76935893
38,7109846.460402118,0.17400562755853025,3.3236770549682473,97608648.42925088,96511105.56523435,0.3927815253710196,0.20480639895079356,3.4521188061130426,5.912354009428465,93224466.82225053
39,7887302.519521559,0.19540291344034025,3.520139690004645,152935512.9631007,150405231.83217356,0.31146563080829087,0.4594570136108844,2.644525338378678,0.1606771859064239,91433229.516801
40,7546311.100067838,0.17601534891258158,3.536394112537088,164721066.5808124,164562517.1590501,0.33919387937261036,0.2840739317120037,3.4295704938120593,0.40066037947716215,96282897.31370972
41,7745358.578222183,0.1605971781610062,3.475177451413919,186566991.60420468,185147981.05380976,0.3786154870569343,0.25743139308598073,2.267502718665919,1.2666488998483025,94417667.95381747
42,7639301.797297908,0.17705726057885035,4.317171790315624,63946903.65986141,63431212.49358536,0.3335529161899325,0.1702043965698757,2.6923901745508454,5.543778025564441,79581201.28164107
43,7734085.460086027,0.1588614347010533,4.3073775408382975,77813630.70064388,77600706.17726274,0.37743476152091143,0.3454663247622983,2.398613879671908,6.008895002803466,82306870.06402071
44,7680662.783055044,0.16066816552770571,3.8680999938201572,112709024.24947286,112541629.02346806,0.38919102779519105,0.14463779725838152,2.7716597301150125,0.1251713863096813,89631807.48405294
45,8140269.141954837,0.1700148468739497,3.6754223908517187,152268700.00227213,149880720.07951245,0.33885203691197935,0.3731124299117584,3.287732278189249,5.500997802833379,89345592.70851882
46,7388227.383941232,0.19270895938640356,3.8896684356788587,155279942.511446,152979549.1197818,0.3425251180154657,0.4402925482740608,2.872526142870417,1.5575221135203723,98090483.34556428
47,7818812.576634455,0.18624094067807057,4.044953269350727,188909422.66021967,187135318.6261683,0.3676102858906487,0.3492471330084551,2.420488031586685,1.6753907032649065,94598434.98404631
48,7977625.043204058,0.202575323750935,4.437229234557798,52916898.16600225,52843206.44161787,0.2624587061805994,0.5138254084026534,3.1376801524269733,4.389801482883794,74032263.58680685
49,7602649.77781679,0.17448527678154013,4.66128649082326,83635940.93462685,83170847.61888427,0.4036231353855509,0.15244066204081852,3.049399985323968,6.1732033627559835,84738323.33350474
50,7535975.022402972,0.18809541501930865,4.630362659641637,103245928.5750396,102102201.49484989,0.4117714959491804,0.2666699159976659,3.5069924412616205,0.11466813889126166,89440909.91485564
51,7259732.802524462,0.16446889270239556,4.694829058381905,147490545.69971135,145146288.0088615,0.321266956335136,0.3440154745914742,2.2890402747238427,2.9515616520141124,97557838.28603292
52,7687584.106501555,0.1844813505228376,4.598307581784263,172704775.24010575,171343098.37623087,0.3287456734367428,0.2418456170380902,2.2678278371891367,1.979783956586201,93206954.87595464
53,6905440.490508385,0.1768781099566748,4.361150855616245,191093412.68677017,186672130.99135867,0.32806206195052046,0.4274673444569085,2.5210035897298595,3.9634077947228645,104661141.16169299
54,7373454.938433762,0.23501030862823596,3.4628375215407443,50565608.582468025,50443848.24087839,0.2223011503230929,0.48792176100576873,3.037996552124696,4.765662301238464,79406478.8369545
55,7009579.508162257,0.2300580971015263,3.466596983831585,72905117.48250936,72350449.42206086,0.3620750900591376,0.4136202644464926,3.3153326874298044,5.950592176004483,90115080.79440917
56,7388333.3806636,0.22793362888114693,3.418957098670192,124418269.06399387,124332565.57546312,0.3486247680686587,0.465184284744373,2.9718010860687585,0.45459001864045645,94650161.5411275
57,7207269.884984923,0.25056500375420665,3.5455603219339094,125792413.66285194,124631893.35881844,0.4026374369970311,0.29145614764042965,2.5646803451459013,0.9279702149702308,94457383.80407499
58,7437551.256113903,0.22843662777330515,3.6412133628600816,174969602.04127604,174437520.84015045,0.35716255213571246,0.41289238250231713,3.0686196937838583,1.366570765574177,98722554.26427105
59,7906503.80307821,0.23590666861215057,3.446472774840581,197406711.31037214,196319886.126055,0.31695089443839236,0.43698307698423977,2.7077206497594455,0.5911238120556366,93382682.74187979
60,7438755.51909266,0.22597791651419866,4.343442165938022,50688888.602779105,50510040.860071056,0.2074699141502623,0.4441292311511644,3.3638221019420684,5.137720751307274,78409684.67420465
61,7149111.971653341,0.20607614682008843,3.857801129221092,73874019.66790485,73304030.60424548,0.3691484996301945,0.1766224368769606,3.0152317362600174,6.19918951406622,88061632.16017327
62,6915128.023049136,0.23230708063166705,3.741146566250132,110350315.10747068,110203862.24486457,0.38986166222075996,0.42374565321683916,2.8163303048721637,1.4608219107359046,97684961.79988283
63,7606136.574903623,0.24470748682751048,4.258906653440793,135879027.22206566,135021001.07397985,0.38279409797672714,0.22987419167985965,3.2381374194590817,0.6310207501416095,92692393.23268786
64,7227186.913791766,0.2143407056777178,3.9300802972803046,176372415.31522962,173201500.76988357,0.3425017923659873,0.24895740904957786,2.3110882022883623,2.3441970202417792,98591352.2442844
65,7822840.228184153,0.22555254881848655,4.33693837152548,194678622.8635831,194444107.77630723,0.3128153652394218,0.30158582413213925,2.3935114102248627,2.1214424378297005,95938173.21773326
66,7515523.783155458,0.240218803393852,4.530917402286857,63862566.90076652,63791234.06187695,0.33246239519892334,0.3019758390939114,3.4726006137584298,5.414601164930716,81737105.94392374
67,7427213.349055556,0.24053867322565872,4.673415098590516,84454569.71060471,83952459.94074169,0.39046415255953865,0.44292615889997694,3.2159409067359057,0.34375208374688504,87845101.9526941
68,6962885.734296967,0.20554309203426285,4.643699551360588,120918558.43111421,120833337.22785093,0.36346856879265976,0.433853764677131,3.0572349834764694,2.1395411129961284,98185061.24780223
69,7668779.915159242,0.2478687618157584,4.654233393153493,127898652.77591947,126983710.3016473,0.4074861306726002,0.22789229056374818,2.628258685348282,1.0380725966668136,89743055.46410619
70,7191095.56328332,0.2079142633967504,4.628912187422415,182383820.99621007,179968113.04584503,0.35322836371363103,0.2762102816498465,2.306252703101181,3.2741353211003954,99342912.00860517
71,7658938.28680986,0.22828942408036323,4.453974160232432,191094424.25665238,188802418.7917161,0.40089793006703267,0.19404392357800807,2.442934065840099,2.056303074017399,94767669.72597918
72,7919289.9056222,0.29719986304616647,3.3876471928578655,50296201.97511405,50010913.340438396,0.19449772724223108,0.43609095601630443,2.9941450834484455,3.4542051157299665,72930670.34528083
73,7343013.545719028,0.257897420680203,3.55551302197957,72009676.96630858,71720393.44421731,0.371114357588534,0.4338525522286139,2.8411644956816673,5.818691387416515,86715375.8884517
74,7724561.033177619,0.25945574171314423,3.3964003263045215,100974370.58630922,100119415.02056056,0.4059997929862942,0.27091225409477,2.5661559078847445,5.599868999441749,86639341.74716355
75,8083460.226054711,0.2540289586930784,3.481797161763328,136749236.14097574,135769045.54847914,0.35629354608697617,0.3999557362288802,3.0223067891824646,5.510590479378705,89138924.79547001
76,6999227.273687712,0.2776719995879047,3.471487060314634,167544473.20815378,167412859.52469715,0.3795895258533013,0.3397891679693722,3.1208766450077547,1.6341403362314815,101382854.56594007
77,8188559.846446874,0.26643816059709285,3.6011251072865584,193714684.31734574,193337672.9322102,0.33862061794346665,0.31295824851112014,3.1083496947499496,6.111050125031188,91446295.77212042
78,8055766.252321349,0.29481241200705094,4.174368926382226,58422596.398357145,58196273.72365776,0.28558427368322475,0.418468059617798,3.241093127913367,4.10678871487211,75181492.57714695
79,7708305.72280908,0.2770988179936085,4.071078105403396,88835397.53840041,87778914.52823229,0.3883434802862248,0.24567372820307093,2.7286509190364714,5.998496900310661,85389963.50825751
80,7816271.81555812,0.266440080585423,3.918969093299632,111862910.65258056,110591702.312432,0.3705190020451163,0.3903692792540205,2.642627538553839,6.109022953346823,87439676.28362256
81,7239870.459273612,0.2868191753812566,4.129204849889806,146860754.81804094,146786396.08812782,0.3743917935731364,0.27480139778688734,2.5422397710726994,2.033621701894994,97151320.56385492
82,7438106.653261797,0.28130867504565804,3.773138354457803,159590830.53408822,159138392.03572902,0.3534013407322377,0.3877123621511281,2.995594229400981,1.357151741620797,97434213.44759694
83,7690933.208073502,0.253940886858221,3.8353993847086616,189688573.0969687,188822495.07020718,0.3977372350463398,0.20831942824848557,2.567236100945906,1.442240222583985,95347442.67206627
84,7250209.4111431865,0.27196821684148553,4.566106266619136,60689217.659790754,60482939.503792666,0.3026389892601384,0.3976635213589172,2.772111381736752,0.24125855152008496,83354619.7906889
85,7335300.684663357,0.29060288185245003,4.667810466950581,87925366.28859861,87322737.80990954,0.41313113862710765,0.4196299934171014,2.8970334218776728,0.8835580401833537,89350485.98272678
86,7273525.606568708,0.25738414993440495,4.432714429077786,112868077.06355168,112208507.8493657,0.39676664901251024,0.4058236772048839,2.7964362401751863,1.2559031463087413,92948882.22571313
87,7020187.850243055,0.26901591593794627,4.451215050385145,132120752.81642409,131478097.1224434,0.374271047361673,0.3542078047884063,3.1357232363855783,2.004347812383703,98926471.24849257
88,7780131.133006629,0.2854159003424522,4.6080365357162885,177765209.49137878,177472121.9770324,0.3552070667654291,0.30698921057822154,2.5361088792436837,1.852026288334753,93779329.94430727
89,6911276.825123216,0.2630548019942105,4.645646315941685,192088778.16535836,189521325.5929301,0.3457814318314493,0.41903276972033016,2.6952458286279124,3.8525799718700116,103430898.87594113
90,7935213.696369441,0.322145816175966,3.52358841900343,58649139.05219424,58495484.61060633,0.2931860872554393,0.42130778819460135,3.0122520724948956,3.949721454861443,76270634.45083125
91,7646184.360763473,0.31835862493174205,3.405107478667205,77144845.73185754,76619996.11211757,0.3680928525781773,0.25850514964802823,3.154983237292134,5.078706639524944,85618271.38421652
92,7075304.590633707,0.31201585691843375,3.5029611643700522,97723686.84227051,96812176.23182222,0.40648893394663316,0.3089239688624218,3.2192802770787585,0.1626421223291165,93381292.62998624
93,6936899.562478685,0.322181266124093,3.545217926821666,126728015.89258416,126575368.44564238,0.39753353006275605,0.3715529815872106,3.069995118565823,1.1646957127813395,98366259.53933777
94,7727855.151542889,0.31789975697480516,3.355649765595315,166114312.84525695,165088284.62847438,0.3493520344349745,0.3124925554826909,2.5999273160717276,0.3455511260729343,92851674.91676508
95,8078129.346876445,0.3037666986173747,3.4076162810509674,192743754.5809412,190515909.51991233,0.30951156819312087,0.36907914723762375,2.920409640848949,6.272185646375359,92441855.99186145
96,6900880.842315196,0.3091792161662477,4.275897472722651,53080296.83169924,53035210.21125725,0.22938112659374046,0.37050644163159946,2.8241391034010244,0.5845590978165848,85075301.76190238
97,7886979.7075277995,0.30780483708977324,3.6875279668249803,69844969.38222592,69810357.80912803,0.3600563257042777,0.40667792535372477,2.9108047017962093,4.594334946714527,79783591.39793202
98,7203323.091182605,0.30923935906988037,3.6585005905509664,118225319.31556773,117016818.41409886,0.4094043412162113,0.31791757914382157,2.7156796438812076,0.7312146727292693,93730047.7253851
99,7714870.17251314,0.3182141686422816,4.278773646843672,132750653.5860491,132460947.56372857,0.3945959541277637,0.27887314959633974,2.7301721350635697,0.7470839793978566,90761465.86713317
100,7400829.516019072,0.29999520955611636,3.690597342554227,155485900.74334508,152827412.4497265,0.3632427433554495,0.3877695902164288,2.918693296240661,1.2663240378133278,97317056.49355967
101,7107953.051022708,0.30184000866964356,4.30432562632327,195278083.16030276,192669629.0734179,0.38474096832239485,0.25723679927216214,2.9131399527886055,3.0221872940527246,102471007.73744589
102,6927915.985785782,0.3158987054923611,4.611208559741634,52168739.981492706,51920328.332137845,0.21445968099194718,0.4245103123713239,3.061447086046148,0.3982879947244714,83777218.66186509
103,7402030.31636845,0.3157010409946994,4.656496930159001,88798980.17234808,88290407.0581523,0.39416975560971407,0.4007775091626464,3.1338530340859654,0.4604551969037606,88303966.8010918
104,7905788.496990807,0.30939868947298194,4.616843086020366,121445112.20917381,120541487.54556121,0.3809123482810361,0.40220425447849756,2.8365836814339698,0.5075101319663294,88454879.17102635
105,8016391.431491055,0.3192342901577771,4.519605304602457,134171369.48139957,133412578.43924513,0.36875087465921563,0.4009195234644024,3.0065502935245565,0.3257751051666847,88953263.43129921
106,7489628.87699891,0.3180317167557294,4.541194882394301,156814613.275987,156479556.13022697,0.4057070764149933,0.2717357753165093,3.1623474627552928,1.308710710183788,94474499.13315225
107,7642403.055805203,0.3008153816025512,4.544134494414528,191387050.1219517,190113694.7608292,0.3705888377059783,0.2168166290072035,2.6304803781757955,1.9595609427271887,94586009.56072225
108,8358070.77126298,0.0907262098758019,3.3417679498367927,55796755.91406861,55746224.64563392,0.3003103712249508,0.12310863058505456,3.742681580947037,2.0775295112138874,71853507.31649905
109,9848178.532404158,0.0916209253080571,3.431379508865782,80123686.0589466,79780999.74459629,0.3827124383311653,0.08668928169948456,3.372643304663383,0.7527270052670191,66055002.67584909
110,9873582.07175034,0.09859987413204836,3.4882540920125913,105509779.5250116,104812436.45484452,0.3445226172242212,0.07929833835114379,3.0241743446960996,1.7485194388979837,69920887.98145825
111,8731315.441847095,0.09956649017934317,3.622347545955381,134489024.95711023,133713634.97458898,0.34565565205099374,0.3345111590863297,2.175305953330138,5.269944451507925,83250408.41391058
112,9188007.670619806,0.09849006711533373,3.528757199285409,166999948.99883568,165977071.33408585,0.312165043216067,0.5100774725791962,3.0466355672644654,4.735339539327247,84294211.31723937
113,8762912.304953447,0.08768799961678074,3.5616000234475127,191108290.52105784,190508261.41613507,0.2835514405795562,0.39730149397926506,2.166187311007714,0.1613042013623971,87057719.91539288
114,8921572.562648008,0.10954502492442977,3.908922986858533,57334480.65568683,57070110.31176883,0.3223075222412705,0.5106921322780499,2.606582875573484,3.2852635191802197,70002622.59848922
115,10658797.71608088,0.1046477636851201,3.8474679529598284,90579256.12629117,90154997.08405231,0.3645339420252981,0.4439914655820106,2.4792482877126902,1.3914634671220099,63318075.60153619
116,9457475.560550218,0.09577199632864308,4.157650741008993,118562973.72189952,117345647.67824611,0.3347943706971294,0.4116321028865897,3.5616391086892993,3.1673491521377874,76457630.47492307
117,9267492.157313246,0.09244557667432449,3.8187501023048496,128099057.11786646,127073506.21497367,0.315897723869942,0.5304752325034215,3.266987605808787,3.7968317355216143,79642877.39575392
118,8352865.435611443,0.09934404208890112,4.117760958792092,180274677.5432549,179744916.43504578,0.33714417338780134,0.17136281022846003,3.529864660034419,6.041894443417105,89738408.3482288
119,10138603.405901065,0.09410315535548437,3.673697502421296,196306243.8939738,195258968.07452476,0.3195199552805336,0.21306181721232925,2.0078118058219006,4.150532613826185,75175332.58767167
120,8545038.086767146,0.09872510966895201,4.685010557363416,60288468.99637542,59787954.931936406,0.32370781774704616,0.168136661688619,2.2772651815065355,4.739976101037012,71706196.6492866
121,10221598.787743209,0.10106868029786557,4.4333062787721005,78502250.08536524,78364004.26474756,0.3536885426087495,0.24624022124524625,2.164379224806466,2.3779516089469177,62985833.35485844
122,10014592.553680897,0.10010255942820209,4.711756693678225,95146015.08122337,95034155.88717993,0.3642941327717134,0.13199138019159595,2.274223582979076,3.303551422263409,67247214.46076708
123,10631656.551793456,0.08939984289536977,4.601333508435539,145281213.97203687,144967666.97445634,0.2911800889519622,0.4380737250000617,2.3227271532266895,3.779855581819677,70016947.60019061
124,9013382.930154905,0.1049856318275853,4.36017229526691,179084441.92238864,176367502.2401067,0.2516427393101458,0.49468480880703575,2.5505089310495612,0.23921050025001242,86488733.26952343
125,10435177.478937477,0.08776668504715307,4.487576640138331,197134813.95377085,195306936.77086782,0.35769452459267226,0.33560188145904757,2.1577835165707757,4.7045543827590235,73934054.70038511
126,10250467.81469383,0.15040383574841906,3.4610274592928727,53017108.862050325,52804106.25550382,0.2612469337914108,0.2739123063857192,2.3782163298675245,0.28146294869802396,55362053.04657826
127,10038132.26881742,0.11416822178721411,3.5266322622655757,73330837.9372825,73021498.73531598,0.3597068971664196,0.14903167706563333,2.372382252775912,1.3013520550054174,62729477.91079803
128,10319102.633744726,0.121858637084651,3.506230932981385,109105700.3931216,108788091.28340551,0.34032674416692954,0.28227278226786384,2.200654940842031,2.0809639651961844,67387659.29196543
129,8489295.422152052,0.15083208468072112,3.382353017507282,139771153.27509037,138905137.93414694,0.38008189315130836,0.1571327538955069,2.34045176469083,5.1983504555592726,84129021.30219214
130,8209760.47285548,0.1174538232172591,3.5694759272198984,156916817.63600716,156463413.55839157,0.35767097751681975,0.27442294517874327,3.6081804326136164,4.9966821204516485,88858421.17474578
131,10249709.440913739,0.1450423553492146,3.65117806086592,190184491.79561806,189842333.72293958,0.3656772351189588,0.24801003356190543,2.1303464456288395,4.154683436592107,74259893.86116374
132,8930630.226438988,0.13909521507112674,4.0706059273980015,51260737.11571887,51076001.1843769,0.2695797529541297,0.5122973211814061,2.7266650258354943,3.0617845713550067,67133431.23301663
133,9298652.4202674,0.14781580151053278,4.139962576496465,87124720.38374186,86819203.41623172,0.3839832278222844,0.5393600588539703,3.1308244199071784,3.511766751078017,75302807.27184504
134,10495089.59998668,0.15077878648540113,4.296405020385081,119614722.61598726,118694966.02597988,0.3255297431454931,0.35437173507338005,2.3042894604266397,2.870135727645572,67832167.40668291
135,9693184.669210427,0.11832279576200291,3.777753741244173,139000003.9217952,137482759.8035728,0.33678582299183146,0.20178913144383487,3.62423620067072,2.520138061346347,75583757.78258881
136,8412881.363020942,0.13024093973733872,4.335482989971057,181212980.54326686,179748452.10607624,0.34317466137918873,0.12672392266361734,3.158996809164115,0.06948457458562989,89044818.10890785
137,8299645.640064073,0.13421621921221324,3.693221442761341,192101051.9041277,191321074.39145204,0.31730660779159847,0.2160722243666724,3.484230277301577,5.797996502591353,91281897.63384269
138,9816220.829876306,0.15046529536851597,4.390836107679315,62729317.63487081,62710216.499622636,0.3326017805627628,0.16512570915015645,3.5815045977862683,1.2110834741120946,62660953.71976653
139,8385370.710655249,0.14926079861071362,4.393135386690448,67640102.90190403,67322227.35740788,0.3521905950946636,0.15928666520924784,3.4578191004695658,3.806246382703365,75252738.27692892
140,9415067.884465743,0.12156880378581639,4.530391251326513,113928611.23643343,112589797.4793876,0.36321296588616486,0.4355788558920896,3.508297582727644,3.5016723676321333,76045160.97498569
141,10201013.696358489,0.1527303441376828,4.63786518777368,152817633.32492873,150839835.61445725,0.33410417944174764,0.22079059093087808,2.2538742621393006,4.235885932299039,72311773.39869659
142,8213830.517926787,0.15308675419197287,4.7056567157461675,161914390.11420137,158489128.39926407,0.30916056284591475,0.4205988009983385,3.330739824518831,0.6507052139085782,91095304.69756253
143,9934468.930553647,0.15687485101869889,4.525284043877958,197536641.1508882,194369627.13086513,0.31877948888215757,0.12562346932963842,2.919598406614065,4.568257212298129,77433299.81783512
144,10536475.141844664,0.17106415481651102,3.6507606605726126,55232843.062061936,55134000.93411893,0.27200666984857885,0.38683893501132927,2.5106775694787915,0.15615564881742577,54976369.784147106
145,8684735.868490929,0.2040737430763671,3.4079143313971283,94904605.21169384,94794303.08787152,0.40891513382390904,0.3346422305421878,2.5048775362393814,3.9355347021018643,77848296.97642137
146,9977403.883838942,0.1713108620659672,3.3501855987700275,95789517.28518991,95055571.686615,0.38593046402542713,0.14029191147834513,2.7784810497984247,1.4995644584593704,67707736.93511865
147,8442018.263944983,0.16561683362565463,3.3013344625412233,138897701.25334167,137109952.9118063,0.3923918145501351,0.14443015258485764,2.536130738225877,4.877840438853868,83983127.32550238
148,9559047.95181863,0.1894311340102065,3.4175039019982534,168270311.90845743,166430587.77818358,0.3126140988200585,0.3356120220253712,3.358980892481921,3.4637211490195003,80264637.9371028
149,9219610.18844726,0.1843375384300115,3.540645369463109,197924527.59693846,195635301.08679405,0.3079425608366321,0.4298218382489907,2.941684461221073,5.044389979294154,85704771.02700827
150,9632281.489132358,0.1795060694438306,3.891446863681188,59384836.27696348,59102024.08511491,0.32514140158925287,0.3071390149683807,3.6584687015325916,1.03438213312885,63814581.94045311
151,8278181.925946547,0.19902163754510058,3.954755191123742,68544303.57017314,68447556.14349926,0.36744024315787815,0.2969050232568166,3.5673625255976784,3.544653429119747,76613968.5633248
152,8263760.434013523,0.1966704186777392,3.6990410462465864,107664606.30554281,107306719.37671319,0.40761802913354794,0.2670951819559112,3.5427001283890602,4.1693235749718145,83416551.30515572
153,8895542.074635401,0.17049061625385642,3.8157565493052985,125875480.76355636,124866157.31494096,0.36618287709439146,0.41348350040543486,2.544804066564716,4.8530663906806595,81998154.28384084
154,8206393.536772293,0.15838144140652372,3.970986516066711,157943855.26128504,156985660.29466355,0.3359477389595672,0.33373557986484137,3.3823473591057134,5.796010741788754,89400661.7417735
155,10286113.169014577,0.16377215156516542,4.017905254293254,195617549.7360486,194387670.0770001,0.2983199782537119,0.2590157661584665,2.1448114531505977,4.4275276459063235,74348683.41695273
156,10379383.424837645,0.16965618857634096,4.504937056870415,57445356.91775198,57404642.64873056,0.29203546804350156,0.3198176787123689,2.4555493710681295,1.3997327962985011,56634066.30958708
157,8739696.916675128,0.18778447605886775,4.571129441983016,86811090.78596207,86300315.92166506,0.40470644045913096,0.3294777013135711,2.454902340710768,5.050761131614125,77044167.86624828
158,8488313.563019693,0.18616784322788044,4.565318509367872,96302781.73215517,96147493.59691952,0.3987574272497598,0.16784097028328326,2.6270775212743476,5.351662793751656,79606113.3650563
159,8816603.261773465,0.18442727685597737,4.582930560572943,127769438.72241917,126966267.2709584,0.3453664374590573,0.36879154758564964,2.3714262113517,6.007160383347717,82657740.09747331
160,9950626.853257049,0.1717400708174617,4.383751648662322,163403608.15718123,163183153.49687597,0.3235090744908704,0.13676082856231264,2.864210343442849,3.973104343401043,75378921.0414796
161,8219593.39804533,0.18961944462344404,4.573094828882749,191773983.07370007,190911140.4848144,0.3512643500150554,0.36702609436414974,3.320550615266791,0.9631484020546395,92335336.23611264
162,10631037.9600023,0.22984010642471644,3.3517610190399973,55458825.15108661,55430097.618931025,0.26741180887320987,0.38961685994239176,2.667661515930069,5.978293324356535,54760426.051510975
163,10710263.392790124,0.24284707640548167,3.548249555895273,91712661.35105881,91582642.50054803,0.38834386133080656,0.3967132817992841,2.6935105063688702,0.9453314515035687,63097821.48204273
164,10709509.250642108,0.20630397867449587,3.3838202457633724,112363722.9743982,112316612.70736136,0.37876181140848353,0.38847022650343943,2.6063933394446814,1.3297711405217285,65860417.245364726
165,10061924.242662,0.20709189232313804,3.4244465959472215,146575706.11347947,146095233.0918943,0.35133743215918567,0.18082904412670547,2.486886242900118,2.7792439153989306,72623240.5548864
166,8284627.430035202,0.21083193144826234,3.6052266418649164,170181399.32131323,168911007.52178943,0.3344405865849281,0.2383268463754541,3.2766186650991753,5.6123056662484245,89481342.4131811
167,10789976.76607043,0.22060442126074795,3.375106593876839,194262608.28193635,193052723.867173,0.28408292258472323,0.37795845410009066,2.4596852111525314,2.936008864429904,72370928.52079946
168,9444096.037893984,0.24055233671203163,3.7393510229554523,54074449.58723601,53791623.96364892,0.25360220892034185,0.42233067426985466,3.3874784836050233,1.6513587839261392,64693329.22911174
169,9654274.955601403,0.22456598760214974,4.0040206368250875,87998510.73192275,87146258.07513423,0.39993242964491255,0.29264548737479934,3.4587329258179738,2.1867990319017796,70749008.11653295
170,9219570.804570615,0.23049333692625115,3.931872997401803,123133623.22286737,122332617.72026873,0.38533965637500944,0.44427590116408777,3.019782555976209,4.205402691625958,80249518.63543646
171,9822911.134138612,0.21114028264379797,4.039904447897727,150603887.0395808,149736384.2620802,0.35287092783158525,0.2122617664731809,3.2683111107993694,3.3725487299441292,76173258.65021488
172,9648567.659501322,0.21945820572677377,4.2581896515691895,182651767.83442676,182607120.5491149,0.3336163711124785,0.26335272592863807,3.322598503134723,4.377388568319436,79687856.83417973
173,10010578.65916808,0.21491577482068755,4.315903396685663,187932640.96605018,185584772.0344482,0.38034485974574606,0.1688828057308307,2.7318632875432387,4.2920725670683835,76532789.71913923
174,10445971.939210225,0.2135161351871846,4.710867566904661,59581628.445216596,59562437.48375463,0.3004519064183584,0.34635805887625104,2.5808435644738097,1.5137479995513106,56878908.93813416
175,9500600.80397033,0.21783133561253581,4.4994412831785136,66703954.34589374,66517036.132910796,0.3574328768035445,0.35877703467436967,3.494427685301054,2.292419660404737,66747502.990642734
176,9842159.29197653,0.2415568024973352,4.5016335043612,120560912.72793847,119615300.3833554,0.3817246424972995,0.21265659246149815,3.1868193790266357,3.303334711369045,73425841.91189927
177,10507133.662553545,0.21332447335071197,4.6786403845962985,145663799.23264635,143744699.97097972,0.3270495248452262,0.33899986992021036,2.437509222743043,3.7013472215531253,70512285.64272678
178,10782090.447330683,0.205959761199363,4.479421351974686,156690619.0134158,156009566.53698152,0.2912812220739145,0.40472511159839314,2.498874583626564,3.4652158238298085,69972308.54951158
179,8674081.957949454,0.2226565345966194,4.420197486389589,185487347.9884244,182270041.55287066,0.37847010429114264,0.3004250717353741,2.367925930961417,0.6353455224395641,87093410.84571168
180,10013816.238201132,0.26052654595524694,3.6298763004601655,51520405.66049591,51339256.625318505,0.21670004259736242,0.21745621693182407,2.9528583974785017,0.4968770105065156,57266945.48529124
181,10121330.605987534,0.2686545090545132,3.405721071075674,80049794.94376318,79832906.40768103,0.3834539872629087,0.23465853290794664,2.7944400984066147,1.1485220629228172,64494942.208714046
182,9412904.882265324,0.27266415897594015,3.5798575096130234,105660407.51632686,103865314.0546887,0.4020570348765617,0.3984734837513812,3.1868810569148933,2.9521268667040386,75956116.57129648
183,10138420.498438897,0.2822639389331444,3.627615057565216,145047777.85767376,144604257.221222,0.35640194376247325,0.23491597094927064,2.5999931531954,2.912622694277313,72801973.53544018
184,9324743.20783275,0.2861874421395323,3.526506140571496,175985329.03260773,174930374.6118493,0.35847989281909504,0.3726304370549178,3.088950029740645,4.3362686667057595,83073592.93215463
185,9353342.417352049,0.27417778864099057,3.609509209538556,196522006.36009088,195011892.12106952,0.3987240396915349,0.3568076924324622,3.0403353887506332,4.77531222024471,84122649.02002306
186,8384442.621887756,0.2592199446299076,3.770163345289517,57284263.87761392,57101775.35120603,0.2769905559302872,0.23469640248515972,3.2900985070064594,3.1954572050283354,72924167.93505567
187,9191203.489330942,0.29741068013759786,3.8132581511697667,78338835.12848999,78181177.07368046,0.3890094945498599,0.42908201507561117,3.059305686535728,3.075853437434083,73155490.90430087
188,10166158.216607563,0.2944527226520417,4.063065467757405,113085680.73960799,112896395.52115448,0.37109523872451994,0.2531084054811742,2.6524301408353264,2.725383560126138,69626305.75480497
189,8827200.873072429,0.26155573210610034,3.8841703709851907,150314913.0799922,148656926.84272066,0.37699397126692863,0.35721629539245453,2.563242234949801,5.299174253042087,83877595.35287784
190,8698972.422419498,0.2779087545324831,4.3430197613766826,166340472.2531872,166142217.66866377,0.3396251110989229,0.3198883038321276,2.4792125604896125,0.005717808571928322,85568747.27569717
191,8638433.605412466,0.2896060671708078,3.8096399755595662,199307126.98895615,198599710.54885182,0.33644544369715734,0.303278197219637,2.436589838133308,0.0635843583485971,87684683.76056255
192,9643611.54163701,0.27523005674983725,4.537006577237549,59713908.52827993,59431402.8668124,0.2948406908919602,0.28535416616095655,3.408038142153458,1.9416357942013671,63209019.59237072
193,8461925.273013758,0.2894437465212109,4.51991142047317,93508418.05721226,92529302.78614777,0.39787622678979034,0.2252372399478548,2.9102881130489227,5.061704309952409,79655525.17840913
194,8421550.00774158,0.2905736996544315,4.574298498024605,114249747.011772,112558896.12504932,0.3946532532064817,0.24496727481979141,3.094483394841335,5.73739702616523,84425157.7951773
195,8309868.515406736,0.2814520715399247,4.476006515294627,136151804.21486214,135336156.70745683,0.3474365419208441,0.28720822054260975,3.1706118826627185,6.1136035939856015,87416350.31613295
196,8337662.52099633,0.2612717986363519,4.532676610752019,180541142.55494025,177094639.3606186,0.3153740639207115,0.2648805890004184,3.1550969957811548,0.5051961693221575,90134173.16315833
197,9843783.445883948,0.29226972235291215,4.5430781301434715,186463037.87781596,185150925.6912888,0.36143785134888445,0.21313234226791167,2.976397768554606,4.474659540822706,77991180.01846662
198,8516099.427146094,0.3094150553700863,3.61759393567241,53885295.70323555,53708245.06068647,0.23428862138684015,0.2721986496264532,2.8704517191421104,3.0117455120459247,69446694.4933222
199,9352157.126639638,0.3125550873959264,3.372814908668588,86905849.66226326,86358534.93083309,0.410769944587996,0.37318772009326034,3.172944140814799,2.439034166490889,73403743.79858102
200,8674235.240605252,0.31981428417012636,3.4354823503688734,123713452.98816629,123573042.79279211,0.411828233036106,0.31616994879840266,2.713318424144658,4.430140799061468,81765391.95886508
201,10135969.386876732,0.303563505229687,3.4999794198970573,135594809.43729556,135028360.67568034,0.36298436425386954,0.24260169939862203,2.640653124279456,2.5886720969076458,72018461.42631686
202,10054117.168577502,0.2999016491366359,3.39282904950157,170378334.49381438,168381447.68562096,0.3346917249628223,0.23154198499929135,2.655643190881969,3.0870539539912207,75314580.32805729
203,8385758.760378053,0.31239133856178686,3.4276096667640825,186278620.41425306,183283487.30488148,0.3577071469238852,0.21769537477681666,2.7982798953172106,5.649240541831411,88471060.79602899
204,8584433.813011263,0.3018347168105783,3.7241383441620393,51643117.01497654,51489239.106153555,0.20084612380968403,0.30391133765359724,2.794033279331618,2.9275855636396533,67805640.36900997
205,8883574.778891308,0.30249672383725884,4.296276387036827,78466018.932746,77783931.61474344,0.40219845384619773,0.4105080778819673,2.863646638400453,3.969008694005077,74043086.71752203
206,10516839.254150087,0.30306000520132054,3.778219508747655,116104484.8219,115129288.27619033,0.36899162657875684,0.3211241909545454,2.658018002229979,1.9161515920807939,67540749.43534064
207,8298214.179967849,0.304563897807436,4.224495664361861,143398440.32479388,142210178.2853135,0.37792640331602745,0.248645341073881,3.0190778232403273,5.853829595412584,86718401.076404
208,8644170.458363157,0.3027756736565723,3.7411703424584806,161276591.77688098,158384418.5816304,0.3490347638953191,0.2775630011216259,2.527837410136301,5.5721310612660435,85650377.24810436
209,8301135.981880399,0.3166556737065239,3.8136436807693825,186554913.0961804,186374340.86519474,0.34944009665282966,0.24738894079536627,2.9151100844868765,6.2051322288267645,89372841.26817086
210,10749725.751730481,0.31908749885573123,4.682266800081356,62182927.80705654,61981488.894356616,0.3153446654911263,0.39940866900207755,2.8790920071676602,1.045060789929071,56369778.80744046
211,9375469.420283763,0.3126316826785152,4.5694539245251375,67600583.86318485,67557056.21451852,0.3526330346675546,0.3686326488011215,3.2525665014709073,2.9315780028352947,68240014.7324262
212,10617817.815253126,0.3188095900533691,4.57566957851373,95201199.71854894,95019249.14774854,0.3693638579407264,0.3470646472353591,2.7326431583321646,2.214894545017109,64540568.93858616
213,10660036.81630223,0.32237618592196393,4.707614607927987,139703276.39317456,139327864.87688708,0.3379642380159279,0.3654902194692296,2.6717798401569866,3.302591622602581,69411829.99118292
214,9852924.631477537,0.31512651333689917,4.675920102802062,157398828.78668383,154830408.2135227,0.3775202552827678,0.2303508449228775,2.9675611869872074,4.193296596225196,76115323.45952088
215,8626663.423018895,0.30416624245963403,4.665551165281691,190642883.87821892,190371682.98550025,0.34262233146070853,0.28096004048051865,2.5752478201629168,0.6862442935490695,87728928.63525194
216,12976099.542160988,0.09595163533585671,3.6124168627463042,59111819.274163626,58644519.62280777,0.24232899057561968,0.4843161900078392,3.642004729633539,3.1974493270249384,45274623.051558524
217,11872957.28598484,0.10709909501400348,3.531278096436651,76077092.70334406,75836247.3863899,0.3327994747532891,0.5565203557118049,3.2338709715235345,5.055943093043631,54896123.02435976
218,11540129.125309415,0.10150467002875246,3.404798638692476,114602327.53377421,113583630.68191938,0.3013916697612472,0.5772051103611948,2.984818733755982,0.4053791246541402,62827746.55184612
219,12744510.388294457,0.10523344445706767,3.5455661420717024,151872044.00781256,149016142.3799193,0.3283010772728973,0.4604090307732096,3.3751340523977116,6.045381363436291,60830825.790748954
220,12290422.270104844,0.08824825577911062,3.377781644028787,170938423.18151066,169872108.46488416,0.30903130971651566,0.5211199251732831,3.25628565377235,0.5628491406693251,64244549.374143615
221,11003695.741374124,0.10421594713443694,3.355214876319165,192305771.34688306,192081836.48107797,0.2754563809179353,0.497052526843822,2.5114947554513884,2.892705414247275,71566229.05007479
222,12001810.51382541,0.10096244743361926,3.9550417129790505,51306237.02031696,51258091.747741535,0.21578580376882991,0.5939002907480048,3.340542823509837,4.326101338231696,46715168.79294161
223,11244580.438962918,0.09730402727509298,3.927207105046578,85549047.518484,84759651.1955679,0.3141030815290894,0.5878825145832145,2.8773347662136866,0.468827408171804,59801954.405590236
224,11768459.750436708,0.09933593478031683,4.358346552484722,99181973.59760194,98899230.00918484,0.31480790471654474,0.5810748219504402,3.1432125337185552,0.6560112947293338,59936108.87949803
225,10897652.94999261,0.09842786859501068,4.215576558517888,136493948.42095336,133867838.37212792,0.2789113644957223,0.4844202289067291,2.512820864696846,2.589707292044351,68104044.88415101
226,12597896.576778613,0.09220561930837029,4.253722742255018,157864509.70725566,156929733.34064758,0.3247819190665872,0.4906230953017523,3.3975426266259374,0.8516445015819121,62370096.376115024
227,12800200.939655963,0.10826165583895679,3.8818313648017595,191102515.27688056,185744233.156281,0.3418086797561019,0.4604327205081641,3.3954736149117055,0.6533713651958759,63260117.53575565
228,11400699.032966943,0.09589214297019832,4.5205896162244175,63324504.78249948,63286268.9269228,0.2934303531715284,0.6051461805592163,2.981500151329921,0.10485465382827132,54141838.40205712
229,13232395.961949486,0.0943336623758361,4.544562808999491,94966736.69111228,93995888.28422044,0.3320947146963211,0.42616871648256865,3.6399702590652825,5.230698967881667,52768381.680737615
230,12429319.735993424,0.09266988954049861,4.422818009985495,116068338.50324658,115929852.65808733,0.31334456395493926,0.5245609497113335,3.3761289665345187,0.3744058213990677,58984417.529333346
231,12045423.393776067,0.10250941911724053,4.652217778969584,130538372.38049497,130232342.18289831,0.33192587985999716,0.524851437067741,3.241470486473717,1.2868439219400962,62421933.965998925
232,11847563.421741972,0.10358692258907008,4.443368191110016,163228867.10019118,161004515.46567512,0.3412931468175266,0.5054153183355412,3.079964578734478,1.9639755635403593,66172672.005909055
233,11843927.09094769,0.09258228935134238,4.551354439935926,187906119.2871321,185393218.31373996,0.2962550908096111,0.5079588169349019,3.020389441982295,2.476564941051265,67825739.36185098
234,12535285.951872444,0.12911934702576822,3.4422841474605996,56739671.65192517,56700563.369297765,0.22920936491842311,0.5146077098045803,3.483936238497294,3.494746553188251,46328109.665406376
235,12108979.49239701,0.13382403139968696,3.426660048770965,76114884.81122695,76038908.5612539,0.3389502609579695,0.5287904194185565,3.3275069187386452,4.711771224523024,53575803.80576089
236,13050565.274327522,0.12734751060130123,3.5635492161069076,103843781.48877938,103001757.75918674,0.34996979780889426,0.42385547657043715,3.5753046575427168,4.615325611179696,54270144.77119313
237,10981129.195366338,0.15680019273757692,3.314539179123064,149472392.78698578,147449447.06277683,0.3376476247497595,0.44790219221199484,2.6122337948865786,1.8169301059205956,68684284.57016125
238,11473787.084085686,0.13120673517331174,3.3484344697526396,157062269.61244854,156620684.0090037,0.32481722076118197,0.5168344621674098,2.924700926473875,1.3012322288856408,66997017.44627023
239,12398929.344633171,0.1542713146749224,3.327544791089693,191265081.24723083,189873636.98741326,0.3096752579831804,0.45292156724913674,3.199957233119505,0.6363188559688189,64676505.09626731
240,13326062.531905945,0.11208910655898482,3.9701191059082133,63652313.20229495,63528480.39490347,0.26217353019289147,0.4419730016357945,3.685251061604094,3.542332737282646,45581719.22787519
241,13289814.831635853,0.1512134636763214,3.7253798504229847,92078453.2221626,91707875.37492472,0.33605015246355524,0.4066351791780184,3.6048521853369677,4.347591186553982,51793516.519128606
242,12454970.504956726,0.14011072337819416,4.144221293173598,115989548.77681696,115055289.6677059,0.324451302220228,0.4931767328949251,3.322161145335529,0.06725788978038022,58736170.60627904
243,12437564.287943108,0.1470186551969413,4.048728568428524,143171123.31607616,142848490.64029175,0.32001936287287297,0.47929566052293465,3.2921809355147764,0.6029365520242869,61676592.704517365
244,11775374.34488508,0.1441853591144707,3.8629669351754496,155877976.06047362,153784869.70275092,0.35022556326319426,0.5026110081912861,3.0762909202395172,1.351598998644452,65820974.64750527
245,12846959.861596096,0.13363236302462578,3.695773258215853,189462716.96591562,184966675.45228124,0.32023759974434507,0.4312457583920082,3.351442541606637,0.4545838609406614,62898806.44059585
246,12328605.178992612,0.1546988526370053,4.416041731940902,61756464.06830249,61496203.32708359,0.2808880974089464,0.5117717554705677,3.410356020249519,4.9568877001377185,48973153.62483935
247,13117505.73862738,0.13267985183805242,4.557165944976869,84539003.25359276,84395644.77657959,0.33024804657755025,0.4267670702849365,3.5831982918103726,5.139374947605211,51330442.47236277
248,11691717.683176447,0.11557862936735841,4.624336514996074,124528022.89870849,122930328.10527533,0.3444878949446408,0.5271781638615467,3.0798350505657903,1.5196563040410558,63335945.470717765
249,11200564.242968455,0.13278736032469327,4.382634220607895,148008284.42030746,146027350.7646386,0.2808760341329047,0.4917583338992809,2.6978063274145656,2.547243239060578,67833342.06040844
250,12610867.970869541,0.14126648202483677,4.3724090672232006,175718499.1395959,172802012.88191935,0.3538644374304481,0.4519116315121477,3.352608629237962,1.1174879307292915,63061433.5251285
251,12883675.195447717,0.12604150993047447,4.653036860759889,194013573.03266087,192913719.37615615,0.3856308411355399,0.41866914501060365,3.4221087473515173,1.3507117137333267,63056148.698172905
252,13377093.709210427,0.18600548720483587,3.3193939610724374,57090938.1848362,56859307.54152075,0.221180930827457,0.3915117329032916,3.5987638045487897,2.5676203497649515,43027705.9417267
253,12893125.96408781,0.16036606269915818,3.3064229880142015,80759418.38401501,80439766.36380666,0.3276097958523658,0.44852687280628106,3.517097752753198,3.9873940912244255,51030771.71076664
254,11676016.846963966,0.19648520950683274,3.614611273572568,98133668.79633501,97242860.97811037,0.3174269078631245,0.5037144428811127,3.0417930870010084,6.237398048219523,59778317.76002881
255,12239422.997532768,0.17322408444890164,3.350792057152049,145100907.90601796,144951623.68310788,0.30813728363475157,0.4697853518970511,3.1805856109492003,0.05916052776789347,62317474.071506895
256,12490769.051891908,0.19616129004175983,3.3764772368006373,165047635.97506118,164038735.38238245,0.32502758304371004,0.4337083532346955,3.211296872426009,0.18866259858568848,62684833.62936042
257,11607954.71964901,0.19264374119688443,3.4275495563023006,194968881.14524043,193420220.7908998,0.3609279241125138,0.4423186827733801,2.932692709827865,1.730994509599314,68497369.9137636
258,12213779.448393898,0.18512414114113715,3.849481243425355,60649634.127239004,60447796.140947156,0.2676960503489178,0.5060204547144243,3.35211749806999,4.529646300487469,49169698.41297625
259,11346315.015677957,0.1740543353705133,3.823623830463476,78697268.4337999,78518323.4913429,0.33150629157959227,0.5321931266252378,2.917959977283512,0.059370995991169906,58013608.94499335
260,13139277.540323982,0.16583700121194586,4.133166350385795,105902954.20484388,105106041.83013159,0.3343613418041184,0.3949398139026871,3.4910355068759116,5.330718427711909,54675888.31680758
261,11641416.206732273,0.16494166657326367,4.270966324316046,145773928.1280135,145130357.87415993,0.34001797516784293,0.479225593128972,3.00003498295781,1.691739718164266,65445314.017106265
262,11789114.984181808,0.19000948150296032,4.316780932186202,164451008.25955373,163696989.80536968,0.34994125052530395,0.44545152909946084,3.0222772340054047,1.8644449725427699,65823224.12011303
263,11439897.033402128,0.2030133416005378,3.920913240568422,196621930.11235958,194558036.867613,0.30215299784727384,0.4332076355773056,2.7958827801175294,2.446771359716689,69536690.38794318
264,13158570.185008373,0.1639213313080341,4.480335245699628,60845712.47945993,60667808.64489504,0.24240677511408049,0.43359382309463346,3.5963280890564184,4.135669884608573,45311841.97369791
265,11375974.535828931,0.16560088294830427,4.64520890082622,73078886.08596453,72990819.77060725,0.3367628472926556,0.5450133343506705,2.9628349540354346,0.6795325761290203,56536060.21861383
266,12100141.321188895,0.1648087717013102,4.491553756484719,122537705.14822501,122160398.65911418,0.36121590075241833,0.4971296571296928,3.231831990931688,0.935043512118904,61115883.5248155
267,12790063.285861095,0.1800239189235781,4.573795948799242,134497894.56200573,133732144.35600245,0.34467563393986905,0.42946061277263226,3.3658648370434037,0.5560014988721226,59052830.6088634
268,11863288.679729793,0.18053894326431152,4.477430786187998,179410056.0422178,177299940.0854235,0.29431490183321585,0.44807820351232436,2.998185729748281,2.1973455619267925,66881207.62178765
269,12155886.136688063,0.17630109243223774,4.60150174745099,196654165.14467955,193876636.95320904,0.35926076098813736,0.4273292396739277,3.1000589500571434,2.1977333897614644,66262116.68127545
270,12631985.235346451,0.21920372935041987,3.456960289129017,57079736.71782591,57058503.32945087,0.22714538161632533,0.44649592959084894,3.4160081474172945,3.552741615830583,46073028.61014079
271,11396859.162233606,0.23134163714969105,3.4350375632934016,94265215.54453456,94033085.73729442,0.3440749000517543,0.4815773348029828,2.938156282500307,0.016175746340021217,60252612.27944298
272,11664275.754213475,0.23633448331797785,3.576703877076245,108414596.08892411,107901864.68389748,0.34158059280078407,0.47591111166370526,3.030582829289195,0.24306710656748662,61045901.50666045
273,12273689.967036583,0.24646650562411604,3.3370065125003476,139901348.35971743,138187791.97092327,0.31121337254945136,0.41950105622627654,3.1397002724233456,6.239404889525496,61709557.64711119
274,12187006.044688439,0.21649919947012955,3.4029461503497718,183735463.63114142,181713575.97236824,0.33046535787637693,0.4384961131723981,3.1347418542075434,0.8336735083638385,65376311.03975931
275,12856663.85207304,0.23062654322935494,3.611590278361529,193583686.2133744,189164912.9466171,0.32938771816248585,0.37938285976176145,3.2288215558789815,0.4636338079714241,63006587.49439691
276,11618047.968870431,0.2501424665570976,3.96437465469027,62607982.685300365,62494212.57539214,0.29066607074354095,0.47058803081733697,3.1166028802659334,5.43969003275852,52357630.78031281
277,12718382.563827323,0.21950529899080543,3.95338470317994,90712494.49450007,90026904.11275661,0.3388399058270371,0.408342386538107,3.382404173664085,5.189176007556156,53887338.00717691
278,11447923.931001319,0.23234235850433954,3.9366696110935946,120467101.71333513,120228689.34451859,0.3683864420411664,0.4600381479736105,2.976619347021979,1.0992053991841635,63538542.12887575
279,11850908.238590255,0.24688335350277824,4.106445252936016,142727800.27209383,140689452.3332534,0.35262907422829404,0.43351992101232123,3.0733091422773424,1.2443686495464394,63955005.64432989
280,10834887.917158792,0.20628029906061662,4.166759974307405,176643436.35674092,176169871.25218958,0.3175347795589876,0.41256349035232487,2.491513689340106,3.366526411662896,71224661.13324293
281,11716016.462267844,0.2390277546157913,4.120281724848582,195124399.2930403,193708936.7018926,0.3253646812700711,0.41018418781200994,2.9234531156130803,2.207920314559433,68364235.08197397
282,13151588.628056448,0.21363949738242163,4.476289038295522,57943848.05061369,57859446.09707446,0.21302782864212008,0.40570046476676225,3.5220280688918613,4.0936678759147815,44308132.96518108
283,13328149.069072125,0.24967403823679893,4.610084505414975,89705403.03559792,88530720.94595489,0.33863803740766807,0.34525181473884337,3.4201169833365084,5.316117863293416,51070005.70949663
284,12322811.089355674,0.23048258234349078,4.540443377656639,118090143.24133474,117013692.55898517,0.3520835955440815,0.4409389328708971,3.2469966242312998,0.6481123793041105,59178343.56453629
285,11385736.33767132,0.2393732620377404,4.493064123004618,128345929.62797494,127801348.49773742,0.3374449002529456,0.4301927227100608,2.882838796799963,1.8839404301106566,64930502.627025574
286,11702778.680357214,0.23885917419405903,4.516703241559728,165275971.20848477,163689052.20845073,0.35109374153258754,0.41501302647494837,2.953445159245774,2.176631060338661,66246222.42935625
287,12770982.109768078,0.2521929792902601,4.5265781271533685,192789778.58965445,191272539.46786568,0.39668628843671916,0.3511999135934503,3.2215502378867806,1.417400870975535,63031099.636273034
288,11528084.234328182,0.2753417987432332,3.6388639928923925,64625830.438925214,64172340.68553994,0.3120936443719387,0.4515508599794505,3.0982915675532428,5.284602276235906,53196614.05097769
289,11072384.93431863,0.28420548251907896,3.579528276392335,86395108.84649754,86029841.56359161,0.36652461617295845,0.4372144831887709,2.875509599346029,0.3236156711838704,60429491.77945331
290,12530419.083401464,0.2525163688560096,3.629496311580769,113583970.9565369,112051596.76385625,0.3474638027000423,0.3957236150703927,3.2409515499496404,5.646757367896647,57874976.44478026
291,10990692.23245959,0.2741679397914983,3.4675121004387672,125070665.85716157,124580642.85601413,0.37447573357162695,0.3984743180745563,2.800539621888274,1.2977864284796197,66142979.62567228
292,11680702.139206946,0.2778317282665486,3.5043714188664237,174005779.17557585,173561042.19554824,0.33637673033817295,0.40502668873475767,2.9892573264513165,1.3733235568918698,66749127.167158544
293,12878027.82339345,0.26661436008544914,3.610425007550946,194831316.29123092,194549540.687014,0.36550387757138936,0.36927123880728996,3.1880822894260423,0.5175601800307253,62671203.55690818
294,11334138.50739204,0.2546703051638794,3.70756108553708,58959646.9180699,58538484.757464506,0.2798365769753328,0.46882858115525083,3.0231000590718726,5.376121363707122,52448236.217867345
295,13335565.708181487,0.2691850170390863,4.053181389848371,78897740.33748111,78770881.87376226,0.30846616068157384,0.3496605860814043,3.429131088903279,4.487329997691621,49074606.59074365
296,11813354.477759594,0.2524206668132281,3.859036325621786,102649453.73569207,102509714.95946401,0.3295253620647263,0.4591059765741042,3.0891444366676066,0.16735943822666957,59656335.419269726
297,12999323.814292066,0.272602449489133,3.9459744803495216,131695758.50102955,130173121.44017659,0.34789326689602246,0.35105289813029317,3.255094624469397,5.9700670480858635,57778706.62244733
298,13087149.659410484,0.28406122569950154,4.050388921825412,184387752.3278844,183984496.47560534,0.38438702128868235,0.3460738628437,3.219755682535115,0.712206038295425,61388072.76624979
299,12164261.465048088,0.2756149903758442,3.9542283924825696,192354383.70896497,192182251.40910873,0.37412611868299867,0.38082407552270164,3.1230467216791302,1.4466868372706119,65773632.18979484
300,11561608.227975408,0.2689006126104015,4.539850183821412,53695829.72954655,53572207.39481868,0.22951220879040932,0.4652295935566996,3.1155575292886573,5.707397192952915,49605199.287683904
301,11846541.339904534,0.2911368527903776,4.457354213429635,91045650.88736875,90828493.78004685,0.3426996289551073,0.4329847971885482,3.134442920343491,0.37060623527772907,57454744.16491908
302,12824193.907767303,0.26866933016209754,4.388050609846367,105291728.09218816,103881616.6390725,0.3441291448010737,0.37422650842146254,3.2890211588916065,5.980725699074725,55542268.37272936
303,11106535.256895296,0.2585046947897911,4.412795364838958,148453408.97095233,148198267.09588334,0.3058895268847933,0.4088413929973028,2.702856570718952,2.610962052069259,67979715.63748267
304,12106129.05185743,0.29093148788377765,4.644503536318745,172566759.33126163,172068729.79699847,0.35255734626047935,0.3668424018605476,3.024890261571783,1.9843878935503583,64749082.89332091
305,13072396.385743486,0.28618539455428954,4.532669938328535,197125103.7330684,195062119.960297,0.42741734638290324,0.3134338734903768,3.14644269665222,1.3806555419757385,62355150.52710411
306,10828438.12342307,0.32023359917013017,3.493510395805791,61696600.59657147,61206987.67976473,0.30675222864248564,0.3986672869673308,2.887559025506825,5.9906307526741625,55746164.14006975
307,12101741.996338539,0.31092032004127224,3.5072708764682177,83223915.71648394,82329891.28086148,0.3397824185851708,0.3893009945532633,3.217618903116465,5.102982748049383,54776413.144559026
308,10954369.16831255,0.30844306432457014,3.5843740849078514,98852746.95240732,97719734.89846948,0.3782595744262432,0.4104164469243253,2.8803641559783477,0.7004635316353107,62793741.54631372
309,11531335.247941123,0.31433331989249697,3.478098805350104,145344942.4294818,144590138.74155432,0.35647783037927155,0.40062733240439896,3.0078974437124164,0.9344237938151834,65198323.37911095
310,12544521.934752472,0.3051133682671717,3.5404531806394406,170678248.10358056,168364562.0075341,0.34020817498802264,0.3631304407480128,3.128805751208827,0.40799704080578636,62699795.6320952
311,13214524.65318061,0.3091964267920205,3.495882297232249,195242198.51972547,193329535.74056756,0.3114387080465634,0.31108198561684475,3.0785436481064403,0.23031642879250622,61487981.815418586
312,12517457.395648923,0.30148700777468956,4.339471839622988,60587804.45916748,60304991.773384385,0.24832136653225018,0.3936951168466209,3.33967365991162,4.740659774659102,47578362.510431595
313,12932759.157128036,0.3015782529717787,4.174359213709997,66204714.03072855,65933630.27328791,0.27021169125774636,0.36565489269965995,3.3717689905236843,4.448308147553327,47555181.141264595
314,11519701.250473553,0.31480256155980996,3.82325523961737,97224591.54485011,96101363.00559545,0.34895720781175665,0.4222628908433624,3.037996152455244,0.23952176433261307,59869856.24883203
315,10967031.493341407,0.3093005392239136,3.7014972791498852,152156645.84718668,151606686.33933687,0.3523080497486137,0.3599304438863536,2.744897338282683,2.0231545612404047,68563001.7422531
316,11034516.073803443,0.31679709562556985,4.270128803622255,184219391.5209886,181880276.00974888,0.3277370239425853,0.3840425969109433,2.691334941269888,3.1145276124413117,70506538.58236098
317,12711380.271870578,0.3199424016643021,3.880923097229492,194239151.00959736,189386630.9834873,0.3921629308085771,0.34256554161808994,3.148992689280556,0.8914473496852705,63427878.33201401
318,12493119.521386974,0.30104624821281195,4.497335864313495,54419072.8939638,54181640.42631997,0.20452829176522233,0.4004314365349316,3.3397639532235397,4.571725357373611,45410917.803389214
319,12319514.572091414,0.31492337711297363,4.6462088068156495,82407798.43216613,82175078.52936958,0.3384054517867765,0.3849599405612591,3.221466204263576,6.111510678079049,53669387.86962728
320,11220101.178572338,0.3023882662642509,4.609052489720663,124185481.63538758,123834988.84424055,0.35012044693957506,0.3891465653419881,2.8647345208885366,2.046075875735255,64840423.33463672
321,12171895.289901165,0.2997830701345975,4.378875796551798,137190692.1792475,136815052.3976547,0.36627746130300576,0.3867561475603204,3.1579259579803263,1.0343558237632995,61636857.45549288
322,13214451.601746796,0.31717174567850864,4.601033269772276,159363948.5670428,156429169.7356404,0.39064136039285074,0.3168064477314313,3.189799945948006,0.7877913244389705,59023661.16971504
323,12085078.750304466,0.3209095556225971,4.528376001355921,189462409.61103484,186062763.71235016,0.33482664131061335,0.3442826595392108,3.0241486059323326,2.0228638174053635,65761584.41564234
324,13665774.881661655,0.09579995877680389,3.4865316109599105,59676752.44519711,59469847.92017306,0.23891162694119034,0.4048465803971024,3.79065393667512,2.459237051688941,42888452.904431045
325,15690556.47203812,0.10786299474357727,3.5420561505292167,68597637.37474708,67916899.82659647,0.22620921112309886,0.24601638805231538,3.9258465099178697,1.623002725108841,39496270.750370435
326,15573243.372492187,0.10592131251908912,3.61963203323669,111716286.54851878,111522607.36807016,0.34962217650265315,0.2450227163539459,3.8169430334212504,3.2126770608984985,47453729.760071024
327,14693846.889982171,0.10897193294308562,3.38488103819558,125165589.9207258,124614370.43937474,0.35890472978232163,0.29964746242095414,3.770186469773789,3.7727242688292995,51284595.93491663
328,13825230.610303195,0.09201360790108196,3.6458769548757997,158004019.7274857,157523096.2947267,0.35057366514476435,0.3423489366727357,3.638040011226816,5.157021208546611,57239583.47815792
329,15732951.541816376,0.1071204064142237,3.4955403059881114,190833996.24044323,190034957.83805424,0.39911427965268337,0.21823993198745584,3.7367785427664932,4.307142739220722,53308692.65506813
330,14228012.702267658,0.089606275480978,4.133643092954081,50189894.2926001,50108864.59676929,0.16604257919541363,0.36448336165028355,3.9123297095770977,1.9049069065614619,37792688.60547693
331,15958606.99165463,0.11047625563849096,3.726270049508664,69250251.78257371,68821320.92567581,0.22166178770223913,0.23052140017992137,3.914828532636381,1.7586840284552627,39035439.94089627
332,13461212.482515352,0.0972226987250411,3.661725819009768,96619301.05254841,95998847.03290923,0.33739318652936795,0.41455231406463044,3.710045217705848,4.1655085356037445,51733567.413637176
333,14944284.62289934,0.09683026985851384,3.6660451071390123,154081991.91852474,151733219.3965247,0.4000019991496033,0.2733291218376786,3.8177757610058887,4.27882088923405,53052302.69545789
334,15363033.196061047,0.10796009584500604,4.032678267774081,172008253.66946077,168167015.4610258,0.4091041966533525,0.23389379220277343,3.76508090960475,4.68298840019122,53149122.86102207
335,13934886.632909924,0.10624360525824997,3.7731854221808376,196050283.5428646,195453609.7001147,0.32377967287347914,0.3355753305861624,3.524017135874303,6.013142392713234,59045100.727383286
336,15305918.973487329,0.08831234862426982,4.635410739625525,61307891.27212849,61061813.832169734,0.20437224321838998,0.27135230118015385,3.9663443257480484,2.52163009404747,38500362.622396246
337,15906237.224228015,0.09101724233648707,4.440013074814151,77413121.4735397,77384713.24452992,0.2657023751562335,0.2304905224972216,3.9368455296528784,2.844985963848562,40974240.633661285
338,15919768.682782099,0.08890618045235267,4.560800958206986,110218046.32819049,110092908.63671102,0.34257574218533915,0.22901846659371905,3.8987923747134468,3.9258805658649423,46414450.825437255
339,14219266.226208122,0.09869167217845207,4.569612046088742,133370798.31103542,132937833.04411511,0.36539786330596785,0.3213517697597584,3.6954485167537845,5.460242948972176,53776758.010862514
340,15256062.917442027,0.08975914559699694,4.428266958662734,165286876.43263173,162423647.87334427,0.391568890235363,0.24052403260996585,3.7886571432904357,5.035164616852269,53120523.810450524
341,15972099.498034175,0.09021550076864987,4.617100796218725,197380429.80769008,197170168.587013,0.43299776175409377,0.20075537085945488,3.673171759368219,5.4266616221713395,53500462.19936004
342,15115754.337163974,0.1408865509932676,3.5351233240400397,61632634.68404753,61298461.25690246,0.20019723038023834,0.27730607408341745,3.8224040918964044,1.7003661006991375,39105135.67704213
343,15045080.999835676,0.12941587110978353,3.440578465081101,91307302.74000753,90702191.57957944,0.3169287403434403,0.27275963697859534,3.7648346018577987,2.882932945828404,45931548.02577851
344,13681169.196041243,0.12924330077521523,3.32510653911051,115434712.94100897,113954840.14066592,0.3627721695502613,0.3709011038335617,3.656008677622773,4.195663411393167,53471892.61481045
345,14307179.191432042,0.11663051767724054,3.331947095056318,135010799.8445718,133355370.49096344,0.37356612966022507,0.3185248185723145,3.71702054952352,4.143835574764161,53462569.59496282
346,14456237.547539692,0.15672572958938877,3.571396672074661,169218654.45754787,168730264.8956942,0.4011109943017175,0.27316063073745456,3.5766376956455277,4.939155438135382,55674184.08095242
347,13732144.018352218,0.15035957740005396,3.491214920574293,185420669.51540858,183604371.21025193,0.35793439327607013,0.32659233624478357,3.434842597729516,5.627784923713424,59160003.37136902
348,14827808.377400901,0.1211965307655299,3.7002392676478824,53419193.80794214,53079126.383707106,0.1629512475101197,0.3083087094049,3.8782022581075974,1.369213959258582,37229097.29489227
349,14365956.616226148,0.14329678524676462,3.722499859988553,86519488.37364137,86122685.7841456,0.31031288949157493,0.3233176368424982,3.7140643848738106,3.4176687642995156,47141109.75425517
350,14417095.841775484,0.11414856587983632,3.8019550691206,124629013.9566312,123994296.75207351,0.35849691371946907,0.3106431863354943,3.7668105608172766,4.281664867460886,52220387.92183116
351,14253549.071173843,0.1278894378935014,4.273144797783015,134136160.26640707,133949867.03966948,0.3720442736043532,0.3059036401107214,3.6538853653761563,5.1863975556927295,53677992.13436426
352,14668875.578104958,0.15722486461310803,4.355793432920588,159708452.2190943,159351933.93489644,0.3553066348361108,0.2664010946055119,3.5402982391260265,5.535859478666552,54598566.43360332
353,15921644.407245375,0.1456275092509113,4.1202121061857895,199041534.6294081,198936192.1697447,0.4093746471070711,0.1952286651806072,3.5316752189920266,5.088571578905296,52982764.371073164
354,13829726.285594469,0.1461242524762645,4.661203755986731,51873794.40568122,51701515.433378026,0.151338319268749,0.3754033231389046,3.7242935621669355,3.024885599414841,39784974.09749184
355,14147100.915869463,0.13192298766185373,4.639510004994777,83236748.926417,83188299.78005308,0.30251531865722936,0.34232442833135623,3.7578724960090577,4.333153418316968,47232686.95485062
356,13748504.280076897,0.14278646537336026,4.430335560313004,122079911.05480428,120629824.83377764,0.34543725436589195,0.3457852646039275,3.5822252543617323,5.467985393141098,54166342.23057729
357,14935119.427469505,0.12935086092051631,4.698416857669671,154055048.85551506,153442857.40399465,0.38188569395407584,0.25670321536767715,3.6484526084558815,5.505900131022378,53253147.38545759
358,14122727.74754573,0.15497622843813494,4.40473078239186,176651729.70573214,176155011.81591073,0.35414432749512054,0.3194322976984034,3.486402451032758,6.215582778503383,57585017.73279758
359,13478276.8852893,0.1277062031467088,4.462723100271296,192229407.2889934,189769458.7068992,0.35818566714998484,0.38631601497163004,3.500266000434502,0.6299439548579283,60900225.69928678
360,14090084.548737127,0.19747746207828412,3.4547997007863946,63530578.97190367,62949229.441063255,0.24375879235684922,0.32815452645377596,3.6251423925290007,2.530649815169836,42761743.2532129
361,15537933.825157687,0.19313975334183264,3.4466060927339615,66419898.42814797,66161500.12019392,0.21645075651892154,0.24847041526059027,3.647506371874501,1.805706118739526,39346786.615389526
362,14902712.643749615,0.17527582831933847,3.5667163066690772,115924257.039802,115389410.0511551,0.35556935647779797,0.2760646962053605,3.6231780656327257,3.7740764598067686,49747717.743502066
363,13840833.090934837,0.18714853104356732,3.6324714697047944,154267029.61855343,152288725.3397375,0.3573301593588348,0.31227166376749416,3.4571510740730726,5.266429391811667,56762553.9600286
364,15367621.848415844,0.16055560742923944,3.5719581297517577,165120662.93597254,160952213.49211594,0.40570729941350536,0.23870661830177484,3.620752744654054,4.308060800246416,52888380.93889448
365,15732452.731148414,0.17326826025656927,3.5710736226597315,194260775.90708375,192950057.6642028,0.41691833466310835,0.21082040211626274,3.359802714750934,4.899179449732266,53610534.44404356
366,15962164.537923817,0.16954336488771854,3.9155695527671592,63755990.49018514,63484936.343290515,0.2058823339681811,0.23105136633781753,3.7113318236569897,1.8167388108040519,37576391.24069451
367,13600563.773371201,0.1662434196228013,4.065688982450936,84128398.85994677,83644689.4684997,0.31538967342855034,0.3765571553022669,3.629331012351718,4.247126441482444,49222109.07685669
368,14785245.634085719,0.17057598303131774,3.701198138559325,106312201.34590536,105385133.12353703,0.3371678069919547,0.2842809051668189,3.642029930959633,3.776970594230497,48990266.145122826
369,14275143.200006489,0.18908933537209954,3.743239593838533,150496126.878435,148034507.28566182,0.37020577927879583,0.2833846898607822,3.5151328263098236,4.968977253781648,55109891.05656132
370,14133534.737422897,0.16686940370171746,3.807115907320059,178302902.8106135,177906725.20452765,0.3683645493009208,0.2981037212092069,3.463096649233193,5.601064014098453,57480802.170748636
371,14346104.987132458,0.1770940461550421,4.027335675430439,199287213.75155422,198460234.18547997,0.38949694374584704,0.28753224095030333,3.3953771277516136,5.990702696413636,57750062.6145093
372,15784866.843307428,0.1804858513567425,4.413630538142819,62570223.28047046,62427564.6002004,0.19763294298396902,0.23572093122285465,3.671142726255405,2.342045621610366,37605946.25087152
373,15444557.144969119,0.16912662401694578,4.427603132898341,84824866.2567847,84519310.50441298,0.29451005193848384,0.2513177187270925,3.665732794910875,3.5994069469957926,43762191.70453955
374,14777834.020358797,0.2026174556801162,4.435744909623951,116125083.87163606,114899498.5522905,0.3527471075217019,0.2641210219353593,3.554957090701754,4.754534151604945,50196540.81936318
375,15048767.312711572,0.15999203997692546,4.401072329831799,149250494.4790125,148638112.13362563,0.3736357519286234,0.24516725002983084,3.5970144510986675,5.125567809813233,52646040.86839421
376,15467969.006891608,0.19498081702344514,4.544595226076693,161239262.4190272,161071808.16964045,0.36704040666210513,0.2248414714059028,3.422003998132899,5.439510265581861,52427896.797146395
377,14074107.330529684,0.18271605613084996,4.533072715435531,192991774.06286734,188150953.00654173,0.3632161508673787,0.30889778623588465,3.4347850062609124,0.27819538544402184,58151945.380378194
378,14056194.22891202,0.23893646099283591,3.3631421520715885,62440617.125125475,62234129.94045921,0.2375751455178755,0.3177296760526906,3.528348103645893,2.512241833696001,42586410.40141887
379,15172547.32649861,0.2432142701356425,3.5214787602649262,84434475.2884031,84201482.54533301,0.29025482519293,0.25898221446722275,3.4404412313955435,3.017175355382409,44507025.86090173
380,14237033.393953698,0.21300919249767844,3.3432933077620377,122782017.26460579,121088997.15320678,0.37433023528241804,0.30235922550338196,3.5251100037405396,4.1583528233984755,52708085.39683233
381,13586912.781361079,0.2404735915133918,3.352729101050784,132757347.17879032,132057592.34641676,0.382191842616667,0.3147059066024558,3.395475567965239,4.883745940907649,55690393.32807654
382,14272314.510746296,0.24798129323748433,3.650294676314145,176197356.1317138,174594908.54266205,0.3592442669157124,0.2717984013842297,3.2735313447454217,5.511604864406788,56913871.06773428
383,13830137.672728369,0.21361826247432114,3.463122084591109,190685316.15518624,187633420.95984545,0.3666922761103601,0.3036936352477409,3.294129838131702,5.729221226498376,59180184.77040643
384,14937015.988364723,0.22873765741584792,3.754120006259411,59722599.295372106,59562789.54052596,0.18934135122060464,0.27537340737025656,3.564422351304961,2.1799467677429956,39144918.51832734
385,14408672.271869095,0.23121515323169475,3.7740962175959214,92247495.65186591,91797500.05575532,0.3371085906688465,0.2992577908351397,3.509518188223045,3.858868826403998,48099075.61315858
386,14681205.670981834,0.2140836679466645,3.7339003840765237,108172175.9958818,107377867.08545503,0.34524055829348577,0.2813892183245803,3.5342053379605685,3.983910936052149,49401971.16404639
387,15050734.843977667,0.2147368386041858,3.8020366252045767,153876929.27521873,153462698.62818745,0.3947159075506132,0.2416198106107227,3.468979204189702,4.718433204279989,52817109.3246811
388,13759424.611614263,0.24034369217537443,3.999625399296616,169323277.3438277,168477497.0758988,0.3614495170390217,0.3097089061308683,3.2934450128654786,6.070389224993424,57861871.3079496
389,15431636.350595912,0.24748609813381536,3.6698750620145173,187080420.3134884,186605749.56210086,0.37082335481916145,0.22834190263337978,3.2199530898548643,5.1482157655114085,54254260.708980754
390,15289015.135557618,0.2250677647541835,4.564380947064057,51216625.014303185,50955781.42940074,0.14541169309446858,0.26385242502579725,3.5723173659428897,1.8556960788104684,35070351.26467009
391,16044868.70033569,0.2392553597430579,4.607322195834209,74684934.99142861,74237538.37377353,0.23569069280455895,0.23445944696824964,3.4094596198044935,3.305876664360819,40043907.641885646
392,14830311.974165065,0.2481285449286274,4.516141612435762,116584175.48547208,115065307.7681862,0.34644601268173014,0.25543775854718076,3.4094114076551314,4.969116545098792,50038040.56998366
393,14276985.260911914,0.2129543086585036,4.524168135780452,150891012.75633612,149770570.19216838,0.35813984199327425,0.2866039173047751,3.404557080698688,5.903709493829026,54927852.41350076
394,14430151.573274551,0.20746112882874154,4.414012229498392,179426945.18993947,179089418.8608796,0.38699307134464783,0.28752308281022854,3.361704597117367,6.2172060385293095,56367972.6499836
395,13741086.685960092,0.21546029025796992,4.5363852560287885,190173122.07648218,186990471.16194636,0.33498375359100296,0.3108734576949109,3.295098145192407,0.7562260331899853,59261737.13960646
396,15032647.171688462,0.2609815687348241,3.520888786538764,64393485.678850204,64068135.42765822,0.2283475388683877,0.2689053306126475,3.450057169552031,2.276388908464836,40236848.47087297
397,14804949.929836782,0.2550064593034212,3.6096070375857505,74567925.11107199,74000633.50463957,0.26910465707062986,0.2755873613799323,3.4409966369418394,2.98623142112071,43433920.0369586
398,13861716.757699681,0.2828560857283074,3.4004613732321434,118178351.27646175,117220858.53023872,0.37795511379918584,0.2967139067198035,3.3512704742222343,4.53304008704033,53201311.24178444
399,14394658.652922368,0.2697598357702422,3.37726945327239,148556369.66163972,147993460.07742727,0.37350239467692214,0.2651547125075691,3.3185937508020626,4.740677173733362,54397396.13985546
400,14798615.28166925,0.2756927323906823,3.3258045665232316,166802762.63746747,164973161.56483492,0.37803220162273665,0.24733261850574464,3.252379852974501,4.780028472675262,54783231.02456352
401,15624423.855068825,0.2817781455240958,3.6501348344909683,186607981.03162366,186420717.72239757,0.4368222117001848,0.22456970640614168,3.065523323050683,5.205418781474256,53504172.64532614
402,15895083.734078716,0.2874206097820938,4.054893439884137,54117666.77027115,53950773.06855938,0.15006428526296134,0.25913613914039424,3.3330548082819265,1.5280338426437707,34590703.12992954
403,14375133.70900436,0.2866023260829469,3.868585410362159,80825623.3078329,80600116.80335328,0.29913875408800067,0.29399563469022905,3.3676253387719175,3.7892686285589616,46085538.754296064
404,15755724.523539256,0.25587939658172554,4.2802305823812254,101851718.7207556,100930597.54652846,0.33945722063022893,0.24367563591585722,3.3687888507017645,4.026629429019364,45593712.09576394
405,14079255.446188571,0.29474123958876336,3.707498147472919,145964555.06310502,145521999.77932814,0.3822414429062384,0.272031069966131,3.2277064623413354,5.296872978154105,55409579.10265106
406,15560034.884838354,0.27608218780866206,3.9721496895845347,176457517.55045074,173708837.61835828,0.40310201445216354,0.2233141315344446,3.1775869854031327,5.176498982084188,52794251.65405972
407,14719706.405219937,0.281216791772656,3.697666383702911,192955588.62271523,192699579.2458691,0.36165043376845063,0.2606202031328951,3.1109753196449597,5.792781094438707,56355794.410312265
408,14049719.511795478,0.29123977655825173,4.5045606386325225,57329189.2823315,56990738.53157243,0.188438426543394,0.3102779574259663,3.3962386340445936,3.496832712066486,40851266.6452144
409,14437007.219617272,0.2720886092523551,4.358982195009762,88677717.49406062,88117676.03015403,0.30849876755448297,0.2856725300411074,3.4155448698456703,4.377997090481564,47236909.166273035
410,13827676.499439817,0.2682495269264504,4.533357055585495,104835658.05967188,104793760.72872329,0.3403173997766777,0.3018377959124416,3.3664820201977963,5.42061716510524,51687541.18694425
411,15683462.225763548,0.2920837246860518,4.4806208472574545,139602159.8180551,139097184.90746364,0.371399989964552,0.2316408389941532,3.1717777069267727,5.164777571710259,49897267.80017171
412,15472335.538154433,0.25740238807935567,4.4899226987192336,184801626.51093972,184374049.48595133,0.42000028041306364,0.2396485443436927,3.143457939824951,5.996199630606793,53769558.96718681
413,15904311.336684097,0.2641893524813112,4.371793603004545,186766253.74167898,186549205.09253037,0.3931854105190159,0.22105468614795992,3.1262066969939513,5.636960007143532,52809462.44045662
414,15030870.38666143,0.3108335151864362,3.3754351081757545,53116305.10148495,53013227.57651634,0.14537106310580986,0.2840671300123101,3.318048456428846,1.4250188214570876,36554214.77086514
415,14921049.64073974,0.3044968554682032,3.4939974492385026,82743607.49293046,82609095.78118771,0.29583241836569846,0.27314697555008577,3.270097681669407,3.2364084525209558,44871750.016207665
416,13661982.44691027,0.31671694531434413,3.4184105601569756,110171763.86680283,108551670.7508969,0.36961278617700855,0.2993270470966601,3.284763199119419,4.564788896655755,53047686.99791728
417,13809942.033864737,0.3180933375918414,3.621009790563176,135586392.58920014,133586739.74422081,0.37112326659409767,0.2794189960249019,3.2055016481266283,5.19548614509147,55280123.95848152
418,14390391.241668835,0.30443821671463445,3.5439288845389503,178707530.70424938,175954520.38771233,0.3736403068133004,0.26297928959107064,3.088661519732159,5.558414955068357,56680585.98426452
419,15354346.99443964,0.3012318975237773,3.5022558747475765,190256293.93694678,189525408.07300484,0.3922314267154635,0.23168190539894792,3.0416048812834737,5.205096916640736,54785181.00532262
420,14440836.403572138,0.3212943916456418,4.337637858965792,62679323.64580655,62528302.0339006,0.20780245813996148,0.28946205802700764,3.2855907050946844,3.547440667966527,41375872.590190195
421,15201672.439669743,0.3224058556847593,3.7963126869316777,69929680.06687924,69353308.16354579,0.23248397967947862,0.269120219627797,3.2248778089115904,2.95859859525081,41118165.65764962
422,14547338.457368243,0.3221009664128976,3.9362787644542263,113656239.71814482,112616359.33792953,0.3677629216471235,0.266807995254593,3.224678641287193,4.6978960689453455,50605440.306309395
423,14209854.922632802,0.304180793987,4.230024041162009,154546042.56450146,153652955.2047554,0.37294007176711125,0.27369893923507355,3.1634578517757213,5.93478485084794,55503792.44976315
424,13920752.997519225,0.30953371257897133,3.826452645448232,160434257.88514775,158443453.36590883,0.3558841677157793,0.28217382373111477,3.1428445644756677,5.836408971926585,56842768.587380916
425,15304919.564374166,0.3118578925029243,3.738976377441449,192842681.79186025,192638760.1893267,0.38030389739312187,0.2404094596720327,3.0128940965132887,5.509229744459042,54630081.511387095
426,13931124.93892796,0.2999497121159785,4.495315939841406,58593643.29964279,58469783.21640009,0.19097777104761873,0.31320691022238417,3.374189046582177,3.717918648383794,41742972.33118442
427,14746115.633985851,0.3095548656484167,4.435269108170123,73963285.13384849,73548520.06787519,0.2682606083905287,0.2805003653505121,3.2948037642916654,3.9468751025266453,43359407.19323551
428,14741752.432769574,0.3054942213196164,4.674609355169572,100876716.71974106,100192313.86722037,0.3475859360483856,0.2619579416297188,3.2700004334692965,4.995049274513657,48253229.825810835
429,15403336.91695238,0.30518255108279485,4.49014542447921,145793468.05440867,145741297.43604246,0.3774790595971719,0.24135497989761084,3.0988738501580917,5.526725050393343,51169625.657321185
430,13885002.768587457,0.3163613188434639,4.467667162059654,183545400.43763962,181837704.59354627,0.37792428951433416,0.28980086831633406,3.142411265556513,0.5104245835372332,58148820.75285654
431,15755228.450403878,0.3158656168742985,4.620196814030557,193491648.09980214,192542217.09277385,0.3950839811852979,0.24362417645809292,2.96129034606595,6.196630390241378,53174030.86623176
432,17371808.858250234,0.09402182480024412,3.4226232525562055,60926177.4483154,60687600.306455985,0.15853944870844588,0.17437581454159354,3.9265326964322065,0.1657067618359862,33428544.31448154
433,16443296.859347418,0.10619602267713465,3.306420156918919,80760818.0762285,80695751.99856804,0.2755494398026875,0.2048780247713426,3.9007873033585856,1.6130393581614122,40364309.70159836
434,17775940.348205432,0.10108727086488865,3.409986701502969,109524778.20856011,108980293.09418267,0.3179096190171297,0.15088676983706545,3.8137633278508316,2.0183392222833567,42071468.1412241
435,17094112.821371023,0.09550232741434156,3.644463293119601,144893725.3251887,143501602.38096553,0.36528377139359497,0.17414757198161093,3.778224947487063,3.202345741924054,47137060.52978554
436,16788037.003455058,0.10387026439987819,3.5110191106946584,158359343.91802603,157834563.53537098,0.3791042004613184,0.18516187275963636,3.7296076782136653,3.4883366720301874,48843405.618317485
437,16752316.97210606,0.10177409940269595,3.5271395933331626,194047230.68393546,191975246.5927288,0.4278345353133753,0.17088603255347132,3.62848451448669,4.158753476113375,51035378.63330667
438,17668489.033100426,0.0942337107672096,3.8167597372085464,50739547.16629614,50666122.09141178,0.15950019685420136,0.16570956225057823,3.9335312072513227,5.55888030377654,29368237.785516743
439,16278334.040442057,0.09264507418391245,3.7209756932365803,65326881.320262484,64987935.18478334,0.20160694252889583,0.2202907641934818,3.9819935363305845,1.26889448821506,37219570.98172087
440,16655517.64664987,0.10007428734815968,3.869815716163031,114014465.53777613,113130570.88788827,0.3439402674539043,0.19118013873642803,3.8262842401124435,3.007743664655123,45055177.50056787
441,18250527.882078998,0.09174681457122288,3.9158605036714085,130756678.0297033,130163008.83585018,0.35748733279397077,0.13938885290765785,3.7528008303584666,2.9098887994739733,43411975.226614684
442,18185923.529332712,0.09523480970705839,4.169243406266152,174392378.666267,171248160.82126266,0.38740320209802215,0.1404002104247057,3.6838178646197592,3.77350533400939,46920787.038265005
443,17048462.946622364,0.1093825297738521,3.725377703581158,190812024.83309698,189862232.301821,0.413689005369763,0.17452851567080782,3.6969422506015452,3.943022932235737,50140598.519405164
444,17206798.599853553,0.09115684211628765,4.621558666663478,52910399.68919596,52785919.46770909,0.14897942020166277,0.1854931540673499,3.965846346922171,0.6217344892220356,31159208.229761124
445,17602816.32415903,0.09091756758080577,4.605745529203196,80975795.98051876,80723450.12379159,0.24894381913863292,0.1585315206900027,3.9158912347742083,2.347392790198497,37791834.43521823
446,17132330.434589256,0.09803325346291022,4.705603396174569,102737334.62043592,102663672.40205294,0.30984700329038944,0.17580157406964528,3.843097381222098,3.3844938084125396,42355375.52393744
447,17685889.00112507,0.09309091462219926,4.45126123830356,151606440.69102973,148643206.7138702,0.3829534860186557,0.15481144561822174,3.7722303400860286,3.9084672215452807,46401299.6912907
448,16913492.47340507,0.09680262813626499,4.617770856037803,163838864.61723322,160747439.28096193,0.38321180850275477,0.17252085829856834,3.7598342996442096,4.537714449790845,49001158.219241306
449,17731841.008829735,0.10504556936812112,4.505338193860931,198986508.976995,197021756.8350009,0.3865517169883087,0.14709892480972053,3.5986066608919716,4.643942377785091,49128062.11987028
450,16659474.187845336,0.1296838139430303,3.6377270492925797,62715166.86680662,62692108.21473195,0.18430461860067043,0.20508191660464728,3.817290063697229,1.068542948961382,35657235.94791986
451,17127526.562261812,0.13119249976134228,3.45008946746435,74009896.89272751,73664979.20971563,0.23289689619021134,0.1859732581955837,3.7816619664509674,1.249329177457581,37444106.93182595
452,17429415.618592996,0.14011710874740663,3.5030944383202955,115197937.16328944,114609571.20809625,0.33470947313136956,0.16828304013098333,3.609439009760246,2.6378357351808366,43418542.37370321
453,17647907.951311454,0.139440651807764,3.5166210896357817,144463662.3242998,144282519.1735492,0.36822107672946247,0.16642656514032267,3.5282191256767916,3.1904579103003723,46069090.02642596
454,18107303.995721843,0.1454648940091085,3.580561703551055,172248164.17552412,171107880.54115543,0.4039033590848546,0.16099260807663382,3.434558686341036,3.461703777176464,46882604.343972065
455,18351753.323249333,0.13995612451738523,3.649445296991262,185586249.19818106,183306896.7150684,0.42465367253321856,0.15612299331140014,3.432444255582952,3.5908367605780396,47171774.622374654
456,18567084.785743274,0.1394342843331317,3.7187298328566523,50466978.516012065,50369018.080072224,0.18890240923899426,0.15576307362400757,3.639606325193272,5.333569922945406,27476413.37306706
457,17028440.60971302,0.12764813364976962,3.9835562759151344,87222231.85683697,86140423.67724322,0.28192619082981546,0.17990564739233103,3.77001813055025,2.331490079927113,40264400.242486365
458,16314132.193668745,0.11444303055176734,4.224010654426689,118942229.48858333,117085193.00466403,0.34916040367105905,0.2085119250279603,3.7853458665624897,3.689120719295585,46401206.47803181
459,18248582.28651078,0.1310024491282477,4.307625187917452,142663607.15344194,142038959.5143776,0.3636815132205171,0.1499469432234269,3.5549521471034646,3.6425126768219247,44529869.515583456
460,16672285.186758058,0.12105198760800716,4.0351635731091955,170262969.00462744,168828832.7934585,0.39612208813971916,0.18420829552137782,3.699201447239999,4.173379586290142,49976662.849219546
461,16690513.412286153,0.138193546381621,4.086718428819036,185624806.4757465,183677867.99816382,0.4310927001353609,0.18016091169143236,3.6188270846683377,4.499722214486912,50778745.31874581
462,17845515.55216091,0.11428341536528973,4.650873787693653,54238777.68952917,53912834.56023674,0.16786363024833556,0.16770737966054766,3.815927914893823,0.5154178111794784,30227085.33554344
463,18175723.302052975,0.12546815414439827,4.427566810974806,65215318.22524679,64912437.433514826,0.18343010285112873,0.15848721898247156,3.7390081058326836,1.2626967659307042,33042979.929311734
464,17558781.592675027,0.1327388260500695,4.683863102850243,113172055.98989595,113144378.08921179,0.3359629960726567,0.1687819129440149,3.6523040116907572,3.630559320662795,42782414.196359746
465,17701390.390799776,0.15197122534971236,4.6547076067730755,151171149.12490416,150551352.8470316,0.38707497014132797,0.1629374966548901,3.4954265060349865,4.40557966824219,46339113.73621829
466,18535293.00363671,0.13567144743879764,4.706022607862071,155692991.81867287,155479926.34917572,0.38311169888946,0.1440080309169919,3.5129286825733406,4.151463407743941,45031278.92648935
467,18084329.184739858,0.11291280777079632,4.3845891085683455,188407286.77987704,184850988.9120021,0.4315309205425426,0.14326183846846746,3.626240071158948,4.248307849914809,48107531.45645434
468,16751916.76194957,0.16874441949182153,3.489243207209781,60179422.1198781,59787791.754269436,0.1693385211580662,0.20898489751751054,3.6530836390295534,0.7250597492203725,34609718.03211421
469,17337267.18154076,0.17192428158500417,3.5467000894188976,73665696.52515602,73468296.13383794,0.21512817520734973,0.18903662222877152,3.5960853247904554,1.4111048618381303,36847553.12339755
470,16807293.793152705,0.1996839889406596,3.4006893547761794,97368665.57338606,97029984.67852008,0.3107901398286954,0.1980609864624414,3.467208772312902,2.4506548155491634,42369612.689319946
471,16340098.79991281,0.19958946601744146,3.3845965067065444,143426920.20117813,141545808.5410658,0.3664604495400632,0.21404397073575987,3.4175640849827795,3.628744934044803,48816547.59449617
472,17245609.623509448,0.16420697124668085,3.508597031925463,174681075.68410626,172782599.14694938,0.4130281082343129,0.18456754660159552,3.448382885587125,3.7771609750495827,48883504.8973183
473,17554359.405980054,0.16013647716415572,3.4066022828460247,195073212.77003396,192209326.32038468,0.4306945373493162,0.17780346795528287,3.422143364100734,3.80282280005084,49653282.556512184
474,16534789.060167072,0.20076049245899139,4.2186439225310295,51057434.56408398,50930651.22735099,0.14347745737991713,0.22590505099733985,3.56406986553194,0.7212183275548331,31935462.93771033
475,17119985.27317357,0.16289808157034927,3.9094004182226874,79473321.64854766,79020242.9916035,0.24203889940325096,0.18610850429368794,3.630981785535124,2.142022275730017,38627012.57999956
476,16762658.828028712,0.19423150869074687,4.354705465404146,98688229.06284098,98056783.93380268,0.31246337172300515,0.20414976828600734,3.4806272857089193,3.4433534382319753,42719003.8910729
477,18268945.453948133,0.19366316305691844,3.6632951993739233,134941218.83265397,133717318.38922302,0.3478392793522554,0.1741062216024549,3.2785837185200277,3.155350097776444,43804825.1797014
478,16640577.064005028,0.15976567451843893,4.321959255231248,163415670.95895725,161735219.1506126,0.3859973247301837,0.1848209794529887,3.5384294263785283,4.5766163585460795,49432421.18840162
479,17952761.5913865,0.16749946587314074,3.905102232611665,199274594.04973078,198274502.4902781,0.406370329985808,0.1640290028967702,3.349662500892968,4.198944271107027,48933999.115727276
480,18032716.565569624,0.1775243266998097,4.618850957910422,57671094.51669474,57380275.47610013,0.1617295420801676,0.18287485879005405,3.5167267418094563,1.06069843202356,31016658.639647823
481,18243568.93821334,0.17859685249179327,4.568055728648637,77107412.56590053,76514554.41751176,0.21945808589032034,0.17005235972377813,3.458250000417705,2.3360130750906847,35740604.04609279
482,17114055.24722525,0.19815899756446903,4.6356125965741795,110016516.91688642,109553332.84567142,0.3355706386392305,0.1960820234733109,3.4276312505551405,3.9575039353374573,43546864.79721016
483,18587830.29371284,0.18642614590217113,4.6137447535460385,140040903.71837053,139053511.08288231,0.3671838903385159,0.16736611466142715,3.2936023108476875,4.092471166144605,43670710.74632898
484,16475611.228035059,0.16651575115610523,4.393857537418041,167005663.9862502,166909664.2930854,0.395762300981688,0.18796249762536937,3.5160593321639713,4.777721466922476,50048075.4416883
485,17904056.60660848,0.17713706196971224,4.570515151998667,193245701.75557086,192931456.8599459,0.42042488440553255,0.15469558591291815,3.3121889400773488,4.885141140805548,48233616.79779695
486,18052818.707112852,0.21989964324435102,3.359560257204375,63310078.198732965,63085638.785138264,0.17133535911004552,0.20192026894209425,3.3417831982221076,0.5150136014673953,32790240.837396007
487,18267985.449734494,0.21612281480347992,3.4377987941225263,77761023.49359603,77509653.55253892,0.21282813183238242,0.1933583250809789,3.3411119869416575,1.39069607498499,35885258.935329005
488,18538470.911131054,0.20984740284441522,3.6368050188748593,113457832.03522807,111818740.98928076,0.31380619519675695,0.17756569636868588,3.2536719319964518,2.65750408694055,40954329.944451615
489,16092730.294472313,0.23848005944468942,3.389527989343822,133547516.56293179,132602826.3222498,0.3740337235127485,0.23008511256900224,3.3240853457056696,3.7063017527607487,48430416.74790133
490,17892510.566405725,0.23233551679462633,3.4904325600015156,172612812.26658165,167261529.24452463,0.3993921087210836,0.20035788250288217,3.1665667665188093,3.6864546069831587,47356812.5733411
491,18340088.567146346,0.2282793434376824,3.353159875918984,196705329.3736472,193719956.40740418,0.4218479806344906,0.1943852784440694,3.1117302879200235,3.6931781994879924,47576722.56797868
492,18176949.48777971,0.23715050073777272,4.345123325232319,59668871.411370486,59641133.23465619,0.15769670853158216,0.2105859276695396,3.2950872948151604,1.0970490001158602,31373833.201403573
493,18437062.23709051,0.23563165827669716,4.135369349965568,80234556.63334966,80019448.09825616,0.21857773299185496,0.19599682139595728,3.250625321604322,2.1931453099777034,36024231.45687821
494,17115213.66075141,0.23336282476043485,3.76890650601929,115000036.74773553,114955707.7321246,0.32811327981206334,0.20805977032110415,3.2838335144230095,3.3599319396566636,44191036.22559177
495,17242313.6796199,0.21851438705077503,3.945230479494266,127036407.26637119,126938484.15387537,0.3666339826441286,0.20217104923963866,3.320459555941964,3.6303502503938576,45203217.3397402
496,16070285.269410705,0.2338580752534446,4.134866308105849,169161914.73484978,167899960.15834522,0.3861547370384061,0.2109399338280168,3.2714105172737176,4.9951225308783656,51364322.90254597
497,16459966.000260673,0.20570053705897906,3.835073138427225,195975636.42842826,194791559.4586423,0.4096480399064441,0.19135942663938732,3.3338191314083483,4.738340105049366,52232763.87584205
498,17550710.601800684,0.2223587698116981,4.63751968685213,59278875.12933494,59181281.55173237,0.16697277808159963,0.20631730267143927,3.398913197630322,1.54410760419773,32549251.38637004
499,17466548.762256633,0.2281104384858445,4.6349560674713866,88456843.07979527,88074516.90220983,0.2559801459581557,0.20252792883521878,3.306150175031803,3.3305038278268615,39440222.75739898
500,17664391.526189953,0.2498600888558699,4.486090292701064,116983575.86604062,115403951.38435934,0.3451543638409334,0.2113204539527546,3.2072051381619264,3.9138515649944523,43091675.93749467
501,16349177.62847205,0.2352370380779658,4.525224885168348,153751057.1464111,153513376.5684968,0.3800975258086233,0.2045352407837913,3.2729827161774,5.024373842127465,49528108.05527842
502,16162055.574930409,0.23436000564767684,4.462064014380953,174715662.94621438,174192108.5302794,0.37600286195076654,0.2077276887674025,3.2216122993787826,5.394372976192099,51520602.795124546
503,17159772.567410454,0.21200050416445693,4.587692993299753,195877025.1436142,194421346.7282257,0.4169063398059646,0.17858827192860763,3.2143024340975437,5.252137009309875,50096379.74324931
504,18531573.11303089,0.2753163318898928,3.3869937708236604,54745812.78135282,54467999.440409295,0.16762148059222767,0.23217076750343257,3.1513954770820782,5.781848776678438,28914867.11549501
505,17223093.55738137,0.26340526985039264,3.4179340865431334,66520667.82142693,66383235.36067568,0.19337634567621878,0.23101466238386503,3.282833034331281,1.3129936669558198,35372784.13430387
506,18241288.483749397,0.2708042768426377,3.447989097910627,102225262.36491337,101383252.114138,0.30341713737625015,0.21311845560226828,3.131421657734121,2.3906660130204958,40047122.72301079
507,17858699.108365685,0.2876980052606467,3.6422286069605048,146697638.4797036,146125670.3269206,0.4006756064870938,0.2327153108044568,3.051157652994861,3.7327380503151195,45566094.08207753
508,16333686.62367112,0.2922934656221275,3.509672174271779,172834453.16758496,170278256.1575174,0.38670177432060193,0.2299915126247652,3.084784943336508,4.486081479186477,51066503.19305837
509,17087027.59003286,0.2847382378923813,3.575216813472895,193830180.92610848,188557175.84981945,0.443627082897885,0.21685165411704252,3.0544662198939716,4.483933447074939,50556362.01553871
510,18231406.157084223,0.28488087658581224,3.740591262480131,56743800.79352036,56599303.74384544,0.16502817406968726,0.24211259133238383,3.1529792379307136,0.3503404238333389,30316392.15886199
511,17716939.332969625,0.27109069720404416,4.208628324978617,75654545.0280984,75338871.56605391,0.2058441923239112,0.22057516193933963,3.2014328564058596,2.397604971196592,36508544.9312267
512,18296650.746050373,0.2846633567045086,4.0643814168376124,117117638.12911656,116931876.35363582,0.3167824933757032,0.22464691442259707,3.0532781016951684,3.450007954068227,41754697.08817938
513,16498564.994085753,0.2752378372955374,4.111457116999911,153854778.67835093,152369939.93091428,0.38574754808324546,0.2175039224512896,3.1617348636541953,4.701968522981847,49087895.44830556
514,18012381.900691528,0.2667658687299735,4.031097647601778,173668611.98320067,171464107.76407835,0.405897934757372,0.20788771972478834,3.0782859019167326,4.302708266099822,47099992.064322315
515,18010986.17659575,0.2786077459762089,4.159086083321626,189149721.18508735,184496016.64324188,0.4488904742629254,0.2073488762533694,3.001562266504845,4.698996391804286,48303035.46223123
516,16175138.544840666,0.2630809795935059,4.372987752358004,63462633.417679176,63151653.76673599,0.17842474628299385,0.2371647503461076,3.356088025854757,2.4608968356507437,36892163.12687145
517,18082411.871353287,0.27200393114795457,4.360902651932678,91495830.16383082,91192394.70708998,0.25527707606989186,0.21816803572144403,3.126107851853826,3.118861762031982,38775770.73054972
518,17313805.61067887,0.2814284069381674,4.5937277264187815,111122231.3613938,110255758.43919443,0.3380050737206583,0.22906850393989073,3.152513825078916,4.102149142507406,43156501.84592946
519,16277847.009522518,0.27557350329295266,4.410581328740034,146555202.20979872,146328748.7458155,0.3738852599809064,0.21925940100208696,3.1603967857817983,5.0140940684480135,49140212.205660045
520,16146636.822134009,0.26701033232280375,4.403034905068807,165047885.15354183,164433748.22389674,0.4152370439028953,0.2138066840556742,3.1572476926770348,5.280336041623884,50832926.29415095
521,18371478.361053918,0.2953820863475186,4.6443397373273605,185453224.71310252,185069967.254219,0.40807299254322194,0.21120794801055984,2.9008164904470775,5.115395154356783,47382664.69355604
522,16330238.239280004,0.3098895930806602,3.5823995040496683,57917884.05778917,57890425.651964344,0.16840932744883835,0.263428056738851,3.228608403515845,1.30917396950252,34831237.99667503
523,18160919.719902825,0.30677959824720263,3.6080417559964117,65639713.59657459,65356316.90162052,0.17442741467886147,0.25334175980473445,3.108748038540805,1.066210448150958,32957982.873068355
524,17667325.16845551,0.31792081477091577,3.344874796135105,121432424.27846175,120974382.1423971,0.33807836551664483,0.24613670688832426,2.9901611575548563,3.1158471348271752,43404771.746629216
525,16930259.27890621,0.3097298881612178,3.451227275381018,128893927.97493815,128181258.39128368,0.35262286217295846,0.24568423896059088,3.0519073567463617,3.6073519003197894,46093459.37162127
526,16603946.225559149,0.322082666319802,3.5272333729335257,177444435.90735576,175448177.23085383,0.4526672677124205,0.23517704459292366,2.9926151666389655,4.572852950138282,50686099.099153444
527,17503780.71363905,0.3226990931726312,3.64453479974861,199848456.70870656,196836860.98494637,0.40490299523757217,0.23445353898711904,2.9156312146378647,4.511374785008079,49517046.02005136
528,16896846.299533468,0.31453657033334836,4.175701028056515,60540327.78474943,60432701.656535484,0.16088771878321675,0.25551931486741963,3.1738819429397496,1.7969370937931795,34343269.41516709
529,16260034.333107723,0.30187414224977016,4.022745084138825,88642010.3146998,87452701.38071865,0.2787619112553905,0.24821096098463494,3.1817808938550205,3.3481086773457283,42257032.02726067
530,18521963.656582702,0.3130369529381485,3.895926103904414,111085282.48149244,109564487.0735523,0.3170881121735669,0.2424663431541027,2.9883850341493057,3.1072741998143814,40533635.13759169
531,17552374.75421334,0.314381079033668,4.270955535603347,142012809.8261372,141873775.4205872,0.38330222248682505,0.2358815458497898,3.028279780924249,4.390237247843888,45641982.06891728
532,17568981.593703195,0.31144997032148103,3.7034111536986236,170194082.2067767,167783212.0828158,0.41399271491950956,0.23891951512410284,3.0124528004656503,4.164087833615599,47842163.33186831
533,16653271.546393374,0.3052203366465177,3.8578400612879697,195212620.92999655,194088642.31585822,0.39423502341307526,0.2289860602311184,2.9053600119117897,5.188280814364154,51276696.4549461
534,16313475.985645391,0.3051222314359818,4.364582267078672,62263745.55477941,61872599.83380576,0.17403894018765056,0.25100698453712017,3.2182097965535315,2.456367506681159,36199354.90129068
535,17774308.137588207,0.3085585442359521,4.5145060364344065,90882231.8698968,90777320.02752818,0.2552104063180635,0.2428261985313912,3.056026372859522,3.448162921695684,39160999.91793153
536,17063194.636780165,0.304001530419238,4.552769039523619,121218579.69564942,119937143.80085665,0.33838859410295535,0.2352510188628192,3.0992460997343887,4.412443544622679,44926660.5010791
537,17353920.989798572,0.31766794487129035,4.508080007487032,136861434.32452038,136326028.5915544,0.376830100439333,0.23617215155426552,3.036247247326441,4.5883802386512915,45582575.33244085
538,18045396.721013848,0.3028047555173408,4.536360057739237,158419692.7757071,157182736.77312344,0.3858334712695502,0.22566610942789275,2.9487786261305007,4.80704378469336,46181582.239404425
539,18363664.111642897,0.3214191988844644,4.652180068932387,189779571.24147123,186032727.9849435,0.4056514514818619,0.2282797715971394,2.8221140663243465,5.246469821700572,47601003.221957035
540,18926171.58837941,0.09778782975182171,3.4167838197244564,53422909.43728638,53396013.865026176,0.1743317952993019,0.13464130093446722,3.844358854882854,4.988975332049774,27916825.653945163
541,18824725.91689251,0.08834976710767578,3.57276955686016,77279258.65465732,76731096.95356031,0.2123433952706782,0.1337879002572363,3.862029664981258,0.6691803908804023,34705215.61689283
542,19176920.854983374,0.10495198955455826,3.6113222960127493,116563987.90223166,115896071.7523179,0.32579466253818407,0.12199379955800489,3.6914164529798787,1.9984272100406668,40050131.06550281
543,19596222.851063088,0.10049600561243606,3.389257794104163,132339053.00292768,132268780.71740636,0.3388265741503591,0.11439188761045345,3.622611812708767,2.0741321859553565,41055055.81658629
544,19083505.07379961,0.10210943413450965,3.4872561052133992,161806520.8903081,159876124.8359531,0.38349224891315004,0.12486676521232894,3.5615649407238177,2.776951598080643,44314669.06043593
545,19376864.37445674,0.08841776267311284,3.4802531564607904,195688681.3713523,193779019.61056125,0.38113481553958967,0.11387153087127579,3.5436858780783695,3.0533158524727173,46116565.44549653
546,19031633.516990986,0.08748520171904929,3.8073747165295257,56072804.21646756,55976973.61355034,0.16498974946357686,0.1286904804468233,3.8794998644767915,5.511458867447236,28657497.842170984
547,19352897.289679855,0.08742265047179752,3.7270212521987918,69893838.89937545,69275659.80415124,0.17979587845089737,0.12283767053801317,3.828523969394195,0.15607181396880457,32040486.26087952
548,19931079.2190946,0.10115917624674607,3.7385089623483623,111931714.22626598,111045308.00106287,0.3018484384092612,0.11241980450488173,3.6442344259134667,1.881913561658841,38287646.09419146
549,19065216.771652956,0.10915858692109678,3.914126671744927,125002737.06893423,124723621.40564014,0.33010999019768816,0.1255704436908169,3.614298519378305,2.6385500382439044,41320768.40700814
550,19762830.10647259,0.0949672772948125,4.0366790638423655,171537896.26376238,168525913.08682975,0.40218350771639527,0.11762163767123172,3.522104646532186,3.290656987380941,43885959.497109994
551,19279004.707209338,0.09651587161153552,3.7028511971932847,188176622.88658798,184123537.6708491,0.4759551268693032,0.1417266322882933,3.4897327615265032,3.4917860168988923,45883905.84767441
552,19952976.78733251,0.10158019640361528,4.437752720034055,62641852.66523326,62388710.32136772,0.1719791763064696,0.12015724267303073,3.6858134275419863,0.1897649704573311,29080152.521271333
553,19086361.121023256,0.08867612500787339,4.457136942823353,81412420.99233076,81037272.09095193,0.22244112139673078,0.12490934366097108,3.8523075486936107,1.6424663071088372,35023828.67885709
554,19627940.14898285,0.09817267296745696,4.473404260195466,99409623.94486174,99272705.91322587,0.26009529411183335,0.1143472448953248,3.6978619465857605,2.2844612882760695,37167968.04981521
555,19370394.176224146,0.0951515205243392,4.422628407640146,147801862.8556494,147577755.01648477,0.37160090327067435,0.11917514477771063,3.6220193239578,3.3667210865589063,42619987.89884551
556,19858602.271944456,0.10998145383626044,4.6860395827330805,176446954.07552093,172854973.2989799,0.39746679931626244,0.11906139509039682,3.461523354577827,4.00469026027835,44074602.82684159
557,19746932.259036057,0.09195955115543368,4.423089803946867,187349573.96032315,185689843.79770696,0.39441542483162406,0.11029375425619627,3.555752206712194,3.7872653301570547,44652002.88795973
558,19670839.277127534,0.15111496643446853,3.626333604066901,61805205.90585759,61567169.087539695,0.1747244281832886,0.14607871794777177,3.4630505724718486,5.934652790905368,29352865.82512541
559,19709958.390830636,0.12096582438654639,3.331586446151024,90667666.36923239,90260741.5841377,0.2373416607968889,0.12893309672563452,3.58028281070726,0.998377395592363,35733211.35143317
560,19120423.3407321,0.14015631857847416,3.3062924041863875,95520127.71118064,95293723.00151426,0.2782399320126397,0.14318419006134586,3.5500104380991524,1.3484403262520206,37517758.94443542
561,18980374.810380913,0.1182465919198524,3.299193153410626,128108551.38136888,126254227.07783018,0.3335070377896139,0.12906691898146222,3.5953369029665527,2.060521902874715,41730289.584065795
562,19252569.945592273,0.1258330530651582,3.3653484369761917,162196876.7405043,160729288.18749288,0.37102817350016853,0.13186035451145536,3.413332591427517,2.7928583598172994,44225422.40506761
563,19348757.863033738,0.12095922346324363,3.477609741713586,198971065.51590195,198196946.2688407,0.41104824229917325,0.12939741730278995,3.3705572579302183,3.258499657849068,46251156.33888896
564,19239078.21354697,0.15579120598232846,3.96077759371827,62157456.542893425,61712720.530930236,0.17610692068466302,0.1552524625191235,3.480806452571316,0.24815599873585678,30209296.247996267
565,19136522.611592792,0.13888460894114557,3.7899274471188953,76453916.48135665,75977890.47413257,0.19247308915638492,0.14522204564011842,3.5670596409737914,1.0232046571780435,33955197.51901021
566,19898029.75167299,0.1521605439179585,3.8372276621994637,96515587.7752282,95639778.07327484,0.24578006822659185,0.13820264257690035,3.415683208664834,1.760554711536235,36180944.817444004
567,19665780.569915816,0.12732795625584528,4.116886094418829,143033223.5259372,142936344.641595,0.35208566724049045,0.12584763146994205,3.4246230142696836,3.11209625327099,41918564.24102527
568,19201370.689595293,0.1165793031000664,4.056961884657134,174071520.01508552,173368232.89468396,0.4052393540830215,0.13176756485063743,3.4952951472598794,3.5520219123402397,45212179.95967746
569,18794863.096212946,0.1136268110146384,3.850573142965824,194608014.39942366,190764126.2889425,0.39861499380870574,0.1352211587025281,3.4973946369362094,3.6243501290664297,47000910.82606723
570,18987975.745819263,0.14643847348588512,4.363764430764926,62384552.53474801,61981902.05894787,0.1731005835856906,0.15383635485948588,3.5488634761722584,0.7214605686897998,30654532.385537263
571,18896793.81386107,0.13410337685184232,4.438226095348111,73824126.3608787,73775949.09235059,0.18999376646941063,0.1448373619318615,3.6163931953589823,1.6063720138964779,33794752.678553104
572,19972856.465581663,0.13329079697596632,4.47567831185988,113360675.52277425,113034583.64873953,0.3017731482584747,0.12674344297010043,3.4148747049137054,2.864690651960627,38386159.987573
573,18831781.192549407,0.1534318661270529,4.532874878152245,128112289.10911866,125962210.30269289,0.33112553707424525,0.149812887838965,3.4123636135071465,3.538642205124283,41917891.55156091
574,19892359.25238517,0.13481208966955738,4.413996742135947,159751084.48156255,156132204.44527638,0.3749377188628347,0.12929695072996475,3.365428976624172,3.5698333480814837,42588369.22168951
575,18973356.005603097,0.1467664785945481,4.512811817498271,185688371.87284443,182708238.7724882,0.4134220560878928,0.13912742118948196,3.3943255266255647,4.262354334206996,45706528.828078076
576,19581001.431224577,0.16575519604491973,3.364035463476493,57130986.38388548,56850507.31082859,0.17665215443130844,0.15534256726108706,3.4284283974432803,5.396892838011839,28075318.64618896
577,18951331.93888792,0.18749252251246232,3.360848918345912,86651203.93557177,86517469.68911722,0.23038487072292335,0.16974287687621353,3.3733720726394973,1.3455967461864924,36318294.74687153
578,19710927.765006553,0.19546187265595044,3.535675058643758,97575367.16749166,97391382.82912089,0.253815780472106,0.16502841766845602,3.2779641263480643,1.676679354294777,36739070.63210139
579,19858704.24212562,0.1655328459253479,3.367273622375253,150626870.44084466,150497304.95062622,0.3679109126096032,0.14076542114108292,3.246722666202906,2.569236765740046,42178137.08261272
580,19078374.208000984,0.1961564423090592,3.608019558055833,184725528.08959132,184414398.69673103,0.4675452218460548,0.18483097218477948,3.1511994491136806,3.7127147510507434,45961441.32427436
581,19552467.139038257,0.1688082374169212,3.323849711449872,196121777.75017565,191511135.23201567,0.4251166803654617,0.15520035103840477,3.153266918673329,3.223312677051479,45198147.63131155
582,19282757.011047076,0.16474338838334968,3.9576163716436517,51963601.89849644,51879379.96364638,0.1953140759036673,0.15847157916297216,3.448791720394362,5.574908188099059,26735694.1675179
583,19277625.91089309,0.1883967890056046,3.9524083581026375,70887426.39584538,70590397.0711784,0.19069947022653183,0.17135153930127092,3.357452667556656,0.9484967770346272,32348390.533737108
584,18748692.467404332,0.16478914892344107,3.7392580050570503,103723407.76717733,102698848.34267233,0.28178846438060595,0.15269579994121107,3.442167898153332,2.2274085134593014,39301613.96507642
585,19549192.355473775,0.19748264017986006,3.7781763162724764,151694825.20628,151419052.104901,0.3749930478449367,0.16545096992839237,3.14219850173839,3.1960396650393172,42531262.41680026
586,19741805.835348107,0.16404311738662328,4.106827150039241,160751011.80863518,159100037.36493298,0.38413798545266153,0.14692366867399545,3.245369187380274,3.478121424902295,42828338.28207919
587,18833800.498127934,0.19283373280442745,4.287230603197791,191609344.46139735,190199859.32618937,0.4400139216105462,0.1628777062810696,3.207553942813385,4.36836361116989,46702583.77013429
588,19721798.527886167,0.1969888323319639,4.388861712759589,55275039.62967264,55002966.20670361,0.19977209383563782,0.17909349137852162,3.27947537750344,6.251926782655751,27002467.29340432
589,19578861.7475719,0.1661079217544327,4.5006670960300506,87442909.44885209,87138841.77947053,0.23220732935609162,0.14717746824181707,3.3845628022451058,2.1867844228796285,35122853.775910646
590,19861307.57844255,0.17350492128499606,4.676423926545352,124036582.98152703,122419929.28041488,0.3048838538621577,0.15066350044123922,3.2441034509684314,3.4323761274974744,39664247.83714085
591,19720785.70293282,0.1940661585221576,4.379111330374282,153157985.46505284,152026491.09205517,0.37106039774301613,0.16439196562738953,3.1612644463134445,3.7276436235552386,42412950.88173213
592,18895350.84683232,0.17720900049455193,4.52487067188792,159137919.61415505,158752749.3813572,0.3731911034629012,0.1566173853441226,3.2797190805644068,4.1677081921546195,44360723.954364784
593,19509177.073333684,0.18261794701250197,4.397038934381245,190663630.9366268,187732710.05153376,0.44056238502723416,0.15498584167729476,3.1897376190245548,4.253043521988929,45623636.861784704
594,18825146.69817186,0.25167073055803746,3.3812366792135307,57883163.04039247,57799439.87060428,0.17228519847438722,0.21530305497830166,3.1907346078215135,5.98474638777552,29565886.49823721
595,19477842.37971007,0.2137623290291639,3.648884596385791,86669609.13462642,86281058.90859206,0.23717677816299218,0.18008997539421367,3.247769383901545,1.5576051501161379,35340624.27457571
596,19306134.612851188,0.22081280294290184,3.408139599660865,109312513.58402956,107827591.62856951,0.28504503230528266,0.17881205714685935,3.198582347931729,2.0770217299753786,38966675.99358862
597,19826579.201346803,0.21372462061777142,3.3139928270221475,144326698.86453694,143019379.30258945,0.3472283284715793,0.17035889144379485,3.0951516471020497,2.591950632065001,41792453.63051616
598,18874694.48251681,0.24951400580815086,3.448609120820785,160705875.41061658,160089707.55379128,0.37588070374227744,0.20183109972046076,3.0409090097762794,3.337992968967456,44856488.200705044
599,18968116.924756583,0.23241454016490135,3.5891683887123373,192310868.56999242,190263695.7533829,0.41941309728219284,0.1958749538931788,3.0509352742978164,3.7626262417130714,46398037.55959244
600,18962939.44060975,0.21186310184476204,3.9529944648045294,64746213.62162271,64679484.48199671,0.16431024788173204,0.18923298649495537,3.3021235630098635,0.7466402512275082,31410946.28052803
601,19012102.10508589,0.20775403053191469,3.992329196051222,88767886.34484783,88591161.18385094,0.23399047599111628,0.1746052380634145,3.286736771915947,2.118191498512627,36580587.824605785
602,19551433.106534477,0.2149532012772324,4.15025339540237,100154716.224091,99379683.62381315,0.2641783750609752,0.17391369490508532,3.1988902971838473,2.4656667142126487,37279702.158929065
603,18691213.946901914,0.2133411088999666,4.170515482547216,151133743.84968024,150690630.6716168,0.3712839102360516,0.18063814811443973,3.1873696003856367,3.847788771796153,44348583.22102224
604,19664026.660687458,0.24220772737490695,3.9702114415938956,162402831.4150588,160986437.7575056,0.41818143784488643,0.20065245896274567,3.028038505796194,3.6743774256592956,43256745.28562528
605,19458481.77585093,0.22238060919377411,3.7348299149467343,188822330.02726972,187795579.43710595,0.43351697836827635,0.18700198345532304,3.068720600099406,3.7322726676804656,45390249.006432146
606,19580734.205881074,0.21904902913431182,4.7015378424530825,57623248.91220405,57396151.968525626,0.19841693877477098,0.19606031535009816,3.2389783648965187,0.6192276549896822,27953855.420501076
607,19357476.440563135,0.22004919592598832,4.399013665495177,68518024.90517561,68225558.09346654,0.17070595942952527,0.18975552227013467,3.2509614482567906,1.284758104733922,31596614.76183577
608,19231159.984249756,0.24784664770394632,4.565914045461963,101615308.93982002,100914162.55964614,0.27950865095306837,0.20069850826990965,3.0990403089621,3.182172280886819,38076905.96694768
609,19514938.46370723,0.2378798950208066,4.406005222155968,153479884.11059833,151818064.96720853,0.3721792025139487,0.19157664998134355,3.0660327506121825,3.9051955572324024,42660246.2253387
610,19529614.542342603,0.23362631734704783,4.6625375495975625,162631325.22103262,160417752.59616217,0.39544967133434633,0.1830740600207241,3.028678107661197,4.42998741523511,43604058.094488226
611,19800389.53080605,0.24899984711790016,4.477303446518506,188241639.14460057,186335554.53243145,0.40541945056048956,0.1867587241364017,2.9525412841851457,4.490131494318669,44502643.55751971
612,19508750.331791822,0.28347649891533433,3.6435944502141693,58836509.34983577,58695779.58961684,0.16957021596470306,0.23680158810990123,3.080794322618135,6.102293625096942,28503296.631269746
613,18770010.90449164,0.2689093604434037,3.491396638106642,91825361.59772882,91417339.84159994,0.2643580790748932,0.21419355350724664,3.1433346335984105,1.9158254290506571,37440107.38314494
614,19990279.95599622,0.2797580221461117,3.428837832211702,106981270.73222329,105504324.53367533,0.2764994724977223,0.21777580808928448,3.046718938369322,1.8969714572887426,37226312.05671498
615,19991446.373842016,0.2786903994747091,3.440254427153671,144057272.59665057,142697306.97328663,0.34676855113868227,0.2155674738835523,2.9376778645594617,2.8375515642792046,41116135.30383657
616,19135820.314519405,0.2593556863088621,3.4138303011390865,155492757.36644015,155029409.7258539,0.36062224239221735,0.20459346225068853,2.991768995682593,3.1926811934960906,43805085.188660234
617,19390644.281651996,0.2985242689906851,3.4394460941629155,187950869.8981454,183501411.85185194,0.4231415600592798,0.23724385520780833,2.8918298014881048,3.591036315862332,45357274.51343734
618,18997410.55812666,0.25349345017219155,4.129501540391484,57071664.59144594,56900290.39529072,0.170496134895113,0.21936432651710322,3.1806181632800654,0.2910253353966738,28909189.353999354
619,19701233.214793947,0.25716096957168494,3.6839107055890126,67698090.81464842,67581336.50773409,0.16905348315195332,0.21638314784109328,3.127835980846513,0.5424200739126229,30828447.283054456
620,19698949.510863025,0.2926928479984324,3.8088006095527334,105015032.24358378,104222115.43550946,0.28112875535256027,0.2234486985529561,3.01653106472444,2.3729239006181357,37463977.88189481
621,19549246.901952505,0.28644460668042093,4.089896222211354,151898930.565212,151175662.90283757,0.37321379608754873,0.22537432910630492,2.959062906620421,3.680428865269368,42622469.80072461
622,18846386.67299304,0.25821543364099975,4.293141230273085,155629437.66957906,154438798.41214904,0.37339258716086204,0.20354647720587493,3.051829042116551,4.105435239892727,44376209.52001098
623,19827547.560504094,0.2565826674569465,4.249958574528064,186386328.3846497,185283703.49390897,0.39591389783429554,0.19466437551096888,2.9430928783422527,4.242069518196614,44363498.632420644
624,18755514.905517895,0.2756303372219535,4.413388861835591,56949608.328061335,56810471.30882444,0.17255363775595564,0.23596623428599428,3.1528489105883413,0.6838028804619948,29331868.423267707
625,18985957.347934123,0.272451300710862,4.69614468093242,71081946.36827482,70839697.77159774,0.19110499386519048,0.22081454324275715,3.1268210817247977,2.030115859928224,32883760.596530836
626,19191307.87062704,0.2988016643280136,4.56608938476241,98357661.08706976,97400889.07938704,0.25815433391162645,0.23405949483071092,3.0019743957476113,3.1527459624723693,37645322.56462121
627,19952518.99430625,0.2851427131590372,4.52902443007531,151894758.41851756,149751260.35394397,0.350709273450631,0.22152323529371215,2.9457418721344903,4.02728784781706,41993154.38490875
628,19968376.486700986,0.2588678777329472,4.458958235832897,181831319.86054224,181528932.435042,0.4130008755323087,0.1939463788224529,2.9207152805105525,4.428812634284625,44100237.995201364
629,19788704.3068554,0.29397032314907184,4.679553510130017,190907540.52382728,189642463.6658546,0.3998926866794736,0.2181695041575813,2.8745826356624415,4.728237912282973,44711839.70172764
630,18867574.866401132,0.29946443998942934,3.5074388285266633,61605445.60091913,61383262.22690676,0.16140369161623455,0.2493980190465814,3.0739826107516746,0.26169549531346825,30465645.18627748
631,19385155.006046496,0.31889001096186337,3.562887324263273,80545876.500134,80503345.96812825,0.19575832092305206,0.25586406307638165,3.028863707906669,1.371051319467229,34053079.924593836
632,19447957.71455916,0.3144787024828467,3.612736952245914,124374839.92367446,124117574.66335788,0.34074205385912487,0.2420563257076146,2.926940764825447,2.864360495739467,40368124.85142779
633,19146308.759399682,0.31819371255731266,3.3517430081989255,125142413.60627133,125022012.87953275,0.3256905048562015,0.24178704747996388,2.933271651966991,2.719351723391484,40883988.46806552
634,19977600.244112786,0.3180263269552535,3.5438667646350184,180183556.8150217,179792988.24395293,0.37675066186357226,0.24494385084442402,2.830951233182653,3.617716079248779,43783963.31651348
635,18932489.809417352,0.3143156356986578,3.471140582181879,196550566.3386264,196454224.2867456,0.3855970147820265,0.22934542324817234,2.82507983282037,4.0677459918905905,46499978.97484546
636,19331776.316954874,0.31969849244678183,3.6962982437614813,61321490.8514702,60856458.22003729,0.17252095199149542,0.2653768764256976,3.0214733423322326,0.12952950340300629,29438938.905215178
637,19028637.6150593,0.3031106232491082,3.8420981369395144,77651408.7460359,77088470.58434774,0.19333616198551712,0.24194443941206928,3.0736046267324593,1.6135430006746143,34219316.52297688
638,19600608.769358806,0.30739564097524025,4.343717631812656,106244669.20135637,105197299.5010163,0.2867209271761064,0.23924126569443796,2.9619295988182612,3.0723883110708514,37982735.21771069
639,19655309.777964175,0.3124027766341752,4.2167841681276785,144067563.86791918,142791721.62035826,0.3419008413575344,0.24266955396778053,2.913786634963867,3.742951121948472,41990509.72735396
640,19736715.314650033,0.32100887201676004,3.8184826710428164,164317581.02226263,160988135.86089766,0.41441119934564136,0.25528968376119293,2.8720588936893408,3.6694036073440772,43199223.99621839
641,19531797.370302934,0.3051417514973019,4.282194827348254,198155546.90521657,193993108.25226226,0.4368452850813364,0.22776701280972889,2.9138710055886015,4.430425448691583,45530313.89186318
642,19400862.617620658,0.314473145988845,4.481338954481451,52030147.52086688,51881177.10344039,0.20289236465260674,0.26973918267414815,3.037762308252423,0.16189540081621842,26315702.512839764
643,19438748.887075614,0.31236249637598873,4.41281575263687,80546411.19024847,80488066.06355593,0.1955429350587625,0.2441434224294108,3.0185988470014546,2.237949053458363,34095240.508438006
644,19184061.192382477,0.3007801069109723,4.630416561902261,96101058.94732912,95921372.7861452,0.2468598922301829,0.23577772623112989,3.000638197385303,3.185054631777115,37398155.96706848
645,18701962.955092195,0.31758589568495427,4.435618117452949,151766296.34837967,149093777.0684844,0.3682907468198647,0.23986329959161581,2.9437008383084002,4.3387883532808225,44241071.30707058
646,19191451.69360153,0.31283960157851093,4.613479815555358,173930119.85059494,172196009.36935213,0.3856756664870507,0.22982970969350294,2.8983566253090833,4.670052505214519,45080808.362215355
647,19406061.606222015,0.30667465181158443,4.494568572781773,195342496.2989537,193794546.25540555,0.4202471549950259,0.2229871954318569,2.899973761325991,4.687010787210199,45400287.551298894