,r_init,INC_init,solar_phasing,propagation_cutoff_SMA,SMA,ECC,INC,RAAN,APERI,t_s
0,7073544.78095242,0.09402259537304182,0.1480528510175734,63462527.59678459,63165615.806405574,0.382529783634912,0.17424284871691695,3.652276389789457,5.284579880243761,45656248.37529588
1,6999441.521111916,0.10724305030970521,0.24311416707899416,67260947.86077498,66065111.28726577,0.38219584331425427,0.28904577658234715,3.584367537696744,5.586439236088153,46309097.519603334
2,7414078.889328871,0.09978599782477207,0.09408913719641578,116324246.13659371,114157324.01865028,0.3470277088105828,0.4714342252173352,2.3049255431917866,1.1953257737752503,47086770.16908532
3,7685652.580002696,0.09676563590645511,0.3561519382836555,132114237.13284254,130355824.00480916,0.35828360409089877,0.5614963101767664,2.8003203353560524,1.2327446045927648,47226282.36449274
4,7105916.644986783,0.10372951800647698,0.05261568089711865,181210338.0790111,177663915.78416568,0.48140838256429563,0.12031459557989557,3.3011050887417026,1.5245311876283776,52681402.839165434
5,7703220.749229116,0.09783437520086555,0.2731556059597512,197725321.76131922,189758192.63852704,0.49241310648470443,0.5316610030309029,2.6952686399487344,1.8117058693508772,49754764.77037968
6,7369841.662954986,0.10064452721152096,1.1120449907547763,53823367.28925021,53301283.966771066,0.4648493592651875,0.51206356934453,2.3691245255731577,0.269125220803527,40432986.723343514
7,8119199.04094782,0.10844241192352562,0.5099706602484433,83343980.88302428,82664175.94508615,0.3595131994787257,0.35413238102155,3.473478519246316,5.160947918273603,42376212.692418754
8,7977134.918288303,0.09196652462423854,0.646827343291608,104654987.49328192,104415302.0991478,0.27039311763937635,0.4698497316503204,3.237366061621258,0.20485465180826987,44861045.58123747
9,8026391.632141044,0.10054266107750197,0.9586231790671166,129255431.14142841,125954968.12514184,0.32233343581814367,0.4402207584907875,3.3138690213128212,0.8557076148055897,45879732.38404156
10,7431134.442052173,0.10465801770919028,0.8501824572106775,165787693.6712643,163790026.90219054,0.43172412868703697,0.4387474633605534,2.260740627629741,2.5331407776439128,49200876.960150205
11,7876873.618833739,0.1039270581432355,0.8072156170103535,190352295.62278223,184330473.51147225,0.45439852283119553,0.4775704561382349,3.085967517371691,1.6449807503461935,48531387.76345592
12,7345171.024709819,0.09487713390251375,1.5024845335653265,50966597.50607847,50759712.61608058,0.5094387475714761,0.439688885927208,2.3355856327103033,0.6391717935672361,40118145.439065754
13,7993650.150917274,0.09593098907766139,1.2817488122972511,65770752.41023843,65253336.360814504,0.38161794162635737,0.5030777594606635,3.296315237667811,5.774221979812305,41128000.52051794
14,7329532.754548338,0.09564055425701562,1.2301445833512443,99378955.30191538,99116754.76735552,0.3489430794814346,0.34218975184838096,2.1520369660360372,1.9842567361624788,46245715.57460177
15,7974703.646444285,0.09831870581888039,1.323923027461652,143550858.62466377,142790341.76104486,0.4147873605919727,0.46619573850935925,3.26629738155255,1.5945065548078006,47111953.29521626
16,7144814.546533857,0.10167107210106459,1.452032335010982,160423163.32377884,153322840.9795677,0.4063775603721306,0.1043459853654636,2.503771308614696,3.3158091617245993,51076348.46780056
17,7467003.175067148,0.10896438566414979,1.5296472039802411,185008076.80310944,175250273.60284892,0.4698877403935351,0.5066256408562508,2.3275657693577867,3.4637737649612435,50035393.87660088
18,6967213.396441196,0.13162166481129856,0.028680337340000077,56599332.17625913,56502323.416612186,0.459990695473554,0.34357017571124476,3.5187950309187985,5.029065238642289,44539791.790711984
19,7038541.827056261,0.11612110164775885,0.0027461031545675065,67674362.85526995,67343394.52408138,0.38126465732615933,0.24112628561446262,3.5935376474388603,5.362193614790184,46342966.57265117
20,6933485.417040015,0.14291003676732783,0.2056060274728799,118881788.09170263,118404108.68095644,0.3332472206149545,0.39638138507255943,3.3463701390750282,0.96486003405868,50630923.596318066
21,7635619.603075573,0.11765925642475114,0.25061446154453676,137403702.3282255,137326263.5447538,0.3608056478281248,0.5386559582361965,2.716168237922071,1.2870067174368454,47558817.65544208
22,7064546.014841251,0.15077684347507445,0.18667800855119465,165471205.508228,161405935.39105976,0.4391930672705169,0.19569989400463275,3.2905541876401436,1.5956129155810197,52252901.42527867
23,7567115.3922325345,0.13851912762932014,0.3309834993922874,188345480.27644432,185081452.40434554,0.5002259146851474,0.48719336544126884,2.5862130915498134,1.8200121094456279,49382172.40489885
24,8139819.276906102,0.11895416194334418,0.4854499071074515,55819634.651077926,55761616.338897645,0.5425876789845563,0.37810880981545014,3.6649778998920324,4.171650032718453,38647062.30388753
25,6925807.605827227,0.12451897579424023,0.5523295131948333,71534093.79211888,70941161.14434925,0.354356444669267,0.4482449648403645,3.3941646757089794,0.04032742970017045,46982881.16806555
26,7640164.740259077,0.1325606037081312,0.4654534605024079,104648906.22877173,104495207.54373705,0.28818846365802747,0.555497732725255,2.765197146835079,0.7304170502983764,45531823.621898055
27,7713659.629213821,0.1342938862753259,1.0590582292509478,125746760.41857773,123078521.26955035,0.37145964177743324,0.5414152880619016,2.9227686958743337,1.4007178063861978,46458363.059444495
28,7467935.471423615,0.13198253125081416,0.933557336833439,182374255.42230496,180643486.34285212,0.4559219940257509,0.452860289354141,2.343733052485118,2.63803643559373,49458418.3668697
29,8156455.083001218,0.12451940239695365,0.45358941254531104,185893230.39378682,185218178.57661772,0.43446215575806296,0.3249785540823151,3.3763388248013575,0.8562777547802413,47672607.326665506
30,7644550.517921615,0.12799370804236276,1.3441631119267086,50246709.18624892,49853256.689178355,0.4626671005318125,0.6412752045008653,2.852406991075819,5.961206905508384,39035690.52775474
31,7663513.254919922,0.13895635779179993,1.417878691551886,78140022.62503062,77715752.99767493,0.35262642612944295,0.5938378504878847,2.9296534681923974,0.640397323169113,42995197.05397443
32,7175954.247175628,0.11893968787622929,1.3367507039736894,116106298.2680952,115517272.75686556,0.3509832178346835,0.1165478553340276,2.496195585711196,2.5164505771400574,48761820.68226798
33,7206801.454582563,0.12611980075485527,1.3627798535658326,153833248.7563765,150204364.84943366,0.42047310163551016,0.1537389684688265,2.211916817780827,3.3289340110960812,50018627.32922566
34,7534518.401132122,0.15024642246021092,1.4651747087362357,172322837.32977593,167539707.96076927,0.39103263201018806,0.4839447659577582,2.5117233953606934,2.863142602576662,49152775.828988686
35,8175967.780404901,0.13586569229527484,1.3890111807818302,194203978.8903904,187916274.08277872,0.4772604317401483,0.31175448007117934,3.3322112766565795,1.9679328013331605,48313038.43247463
36,7164011.4857183,0.20169753640664542,0.2474825023730297,53955026.65392133,53904457.02141965,0.479680809076296,0.1995002083589045,2.719308121164995,5.770776572486567,42638625.399133995
37,7775197.50790598,0.17273944035123787,0.11594913892271434,94668070.71465865,93757344.0376349,0.30271991747278265,0.481927720485195,2.941766682842566,5.893897350786701,44281162.851617806
38,7209831.436136665,0.16664816214563946,0.2801887296076045,112337524.70042463,109526161.18036403,0.3626650756571736,0.199527108911415,2.3750216504971915,1.288703844205903,47949076.8397696
39,7673214.89195817,0.1603754962511162,0.2622785766821267,133005784.00910904,132974090.81464443,0.3575819335188515,0.513820750841057,2.793406415952854,1.0343512509703912,46844475.283495516
40,7928208.692962518,0.18389405866904587,0.22871564898430916,158236950.40750873,152588266.48985595,0.372763448064923,0.41406293397579025,3.0917310948230177,0.716165250783843,46990869.138586126
41,7395449.3234961815,0.20501301521533338,0.004257622706939332,199572416.87646523,195933523.56813428,0.44307873990046476,0.36071441227833495,2.282541439027426,1.9268377649477983,49914337.5641756
42,7624977.181539281,0.18953620677040378,0.9754193555975152,53036162.46354338,52843237.03054341,0.4663012093462056,0.5626158222907363,2.7992156471545635,5.721952669800831,39426631.071826324
43,7239685.524833219,0.18674274626810486,1.0469495496693613,76842473.61790055,76430398.9410013,0.42258556568892397,0.24166090905163684,2.45149821436537,1.052671185432856,44712345.162481695
44,7443000.6451441785,0.1625260440159576,0.6785074985619106,122352694.19114569,122127005.64279383,0.3959828491914559,0.4540203621342247,2.4767408941746414,1.5557180947397493,46934658.754726194
45,8014780.647896448,0.1876760838097794,0.45872592660374567,147849099.3290799,143846091.90022632,0.3465782455886869,0.380847721516656,3.180526249932475,0.5758141496323934,46376617.44408549
46,7589982.349647484,0.1912761153045751,0.6137889560353661,175003913.5196022,174641670.44947222,0.4505068151643894,0.4643488527147286,2.6862960167257675,1.7823857381233081,48405043.987537846
47,7361160.785810916,0.19169253049302515,0.7794474985192635,197785028.20691568,191476593.1935794,0.38681461212192025,0.3516599223898659,2.2114599490797753,2.687753912392507,50107610.54755412
48,8086477.139392987,0.1621317115888622,1.555810198339678,58675131.21641884,58612926.0933192,0.4391848034117973,0.428913320679943,3.351206335176121,5.845309362013893,39962835.25869082
49,7057804.050992474,0.1586747892350609,1.245787828914375,65649327.72663207,65116799.653823376,0.43366961755475125,0.2588565360533292,3.4814247603773816,0.24367536298189274,45150318.29957533
50,6973477.34131343,0.20420615522829486,1.5304562133797397,96490128.31844522,95226700.73565935,0.3825798550778472,0.331060132792454,3.3946957059999443,1.442630564426602,48710477.81162344
51,7547123.293359248,0.16103578334863264,1.3774195756532426,126815184.39349648,126627403.66058376,0.379621800644618,0.4759186605959216,2.6282742132753425,2.0560054627733217,46936450.011850074
52,7289703.36187547,0.18153781214018577,1.5086403916603452,175268714.29713005,165913603.62636477,0.43227765367439736,0.2980943695994952,2.166255487993116,3.387302004794416,49781995.50585363
53,7808316.334970853,0.19420415167779131,1.4549138664279628,193505415.19194943,190694178.89807555,0.46293894554803916,0.4337983867616167,2.9382775490737356,2.406441979274344,48778737.41689017
54,8018183.162858874,0.24246768361361173,0.1770559589524347,57638684.118589684,57429968.06145897,0.5530840773761801,0.3821591866414782,3.3701592942766525,4.255018836600254,38910174.323284134
55,8176312.328557161,0.23554930280832614,0.21252644885757097,92416033.90268995,91892014.37920809,0.36237790651746743,0.284737442356244,3.2341326604121723,5.2600443696627055,42808125.201682165
56,6910926.887604414,0.24943991540874783,0.26453832882514894,101278559.72608635,100400374.43904127,0.352158857146967,0.40768649886819863,3.155774707266897,0.7871643851219491,49456793.52831303
57,7608679.434878638,0.2329410558827132,0.15656724221009874,150188780.4877444,145263101.6337329,0.36374475863884104,0.4552614856148847,2.6997222286941436,1.0867210419836746,47614529.5542935
58,6976317.61864825,0.2403323413110048,0.16266107319993883,181686652.6826854,181237395.08714816,0.4557524669841066,0.2949233640450242,3.128750723629884,1.8309906974944852,52898708.672659546
59,7538153.940089466,0.2511496736383569,0.058031242616704316,188272218.03225622,182047523.96721715,0.4650227482074207,0.4171864155854383,2.6127414275672822,1.4448748035312424,49065894.03101212
60,7947501.978256807,0.20508942478384548,1.1397294941259146,51640095.34464441,51432255.411086865,0.5212633122129348,0.4437808257914166,3.2253926504142116,5.235542156673983,38453206.674853384
61,8048477.163482628,0.22580481847312886,1.0561228525795856,72775907.52018696,72012692.04363754,0.3956308881943218,0.3780804342732019,3.207673553220099,5.816609773412247,41537544.76595028
62,7915910.791925753,0.2225607041038483,0.5292491180888939,124931979.11055249,124358048.49761306,0.32078842731072915,0.40591120131873293,3.0721230546181464,0.44096189705838457,45300452.291852005
63,7542681.347686387,0.21783669515103943,0.9191199160372256,139375749.10933393,134493859.36875227,0.39356977819484174,0.4573681548591513,2.6530925257815574,1.719016871143951,47350838.14682452
64,7747520.296278911,0.2400416218898491,0.983508198565175,176224256.77319765,169298204.71258214,0.4417711844736552,0.42739796096147714,2.8934303624573405,1.7626825409686235,47878766.04609379
65,7401846.5616636565,0.2133341747131462,0.742427691762786,192286990.34047365,191431798.76461354,0.46456521854440297,0.37297284959200466,2.308899761019571,2.5629688388242955,49632712.70627573
66,7428027.184734192,0.23586431293246912,1.4339239443650853,51863488.718578815,51602449.03952129,0.5081140092894633,0.4858911808915177,2.651283204693545,0.26922305793224627,39949710.811987296
67,7521105.378062504,0.22175521258489797,1.3161074031920177,94795359.98690154,92971016.1755125,0.37975992300435824,0.4663217822402973,2.6992467572625483,1.2436916179747497,44912604.20944416
68,7269829.632758825,0.2066922449923565,1.4385644434981775,120016381.29137117,119836545.21312256,0.3621862419937475,0.269648932345072,2.2908856393647676,2.5394933528039885,47541341.06706551
69,7108332.008019268,0.24556882392649998,1.4255657401630737,148563366.83229738,147963514.71051586,0.3941159966392976,0.1955164847703164,2.817963914696217,2.6656294146613337,50307787.319312416
70,6907707.867202072,0.24581821073898585,1.3841242440190296,178442573.4871774,171666103.1023887,0.3896759081942316,0.38727343129661274,2.9942753678342093,3.160208087138009,53225581.99966258
71,6928101.0370401,0.23009810570520847,1.3378485927030108,191385536.13256955,188859079.99493337,0.43983641840753546,0.3696989940969983,3.0385967743456295,3.097563551559122,53181131.800567135
72,7485608.4670947315,0.2564602408226818,0.3661774740118998,60543376.972767234,59662766.167226635,0.456822564987739,0.45679311014438684,2.611062043822303,5.606213421986902,41120836.75168739
73,7959484.193515154,0.2768737700373885,0.08045751085025302,83486554.66226217,83396805.71793748,0.39566307539332096,0.3430588373027346,3.1220449172258062,5.099325187736968,42272385.21330201
74,8144375.237781346,0.2880921792098726,0.015645840482217187,100423523.97870949,100153490.53315316,0.363380205438635,0.27734485386943386,3.093722039764282,5.35600820401412,43245841.576062575
75,6932742.544366876,0.2924236533337608,0.20082406493588495,144796300.75652885,143075021.17588973,0.42110238241803627,0.33267262558856764,3.102401639520254,1.4700740540574064,51703842.744941264
76,7969317.314626011,0.27200501586805453,0.12142513063976433,179859000.62991053,177122161.7663981,0.3904712794336282,0.33631096938414623,2.9807458197465375,0.8196219865857772,47216256.27072494
77,7196764.244269068,0.261488176061037,0.001566534769645396,189666399.42883354,182144629.85821187,0.5296644474081124,0.2201144402459883,2.4506383039617226,2.1280811163892226,51997261.6190511
78,7388945.50435317,0.2890567141567605,1.0159547287044877,61014414.81274806,60824755.84207104,0.4668506099888268,0.4387872677207557,2.65272097421921,0.19296482980930932,41762081.8482528
79,7051764.123136225,0.27700371493691966,0.7669944852709771,94355233.1019777,93743691.3498642,0.37449717341651695,0.27605700324625415,3.1481076984421774,0.8776706191497397,48078632.79535053
80,7824549.352181159,0.28162994063448255,0.44892993177162016,98172866.68786784,97190619.9897023,0.34072722729277005,0.4065797790610755,2.955053933014019,6.119195985812508,43843181.18913568
81,7033861.247744014,0.2756334549011739,0.5929207758651831,134558818.12540066,134308415.715432,0.3886265827704567,0.25850987978887785,3.1083728618711923,1.5951393330952717,50736736.30036314
82,7587770.179501863,0.29572568060854487,1.0041036489674358,173735822.55637845,168596380.11844125,0.4327269281792612,0.3971805212365082,2.7167009850126265,2.0453170022317693,48537969.45595839
83,7935392.394923637,0.2908655049679653,0.4537244567926732,195954268.58812526,185899158.5820181,0.4473744560658345,0.34503024701159185,2.986701047433522,1.1779197394779293,47790537.20065633
84,7142509.105088025,0.28695012220721555,1.2185748086107744,56579785.31962393,56063599.61368713,0.5151946574860975,0.28224260729174316,2.9283122403338364,0.28512385511616156,42737113.09828218
85,7234459.87350926,0.29609172792167276,1.5647862921353144,66418498.7714378,65851198.03470346,0.47663691138922815,0.310968075741196,2.7148852431858526,0.893675949802327,43212072.80281755
86,7448066.0188301485,0.25559871121519595,1.5500082070896049,103278732.01900351,100542069.66263792,0.36601018536340973,0.3891693571862529,2.6222680632115134,1.7364598014763593,45975557.498730086
87,7711547.160284729,0.26874258606380386,1.315194596743282,127576848.87783378,127436597.6318629,0.3920086480581785,0.4317431193388313,2.9404659941028455,1.570603004394628,46499733.96097746
88,7938201.143942239,0.2629844964324628,1.400609047661922,158404617.3539492,156608044.27126545,0.4478743994323474,0.36065214338288365,3.0893341094644424,1.8254667106675666,47209860.8738343
89,7331004.513111747,0.2929947027998673,1.4569709960302974,189000265.89709538,185967933.17232522,0.476402105410656,0.34312618452522736,2.399119968445664,3.2961661221688257,50108578.829339534
90,7669634.702081356,0.3113848723739599,0.012191274451254352,63385178.429936364,63295123.12469176,0.4943809974708456,0.4030995053423992,2.9606692794663303,4.828947042347625,40828299.34864399
91,7710115.13166102,0.32140112258404835,0.33598007895956894,67195346.11836286,66248515.045918934,0.459255228726034,0.4013137870352019,2.9107402396728417,5.277244335750132,41215493.2105023
92,7240094.746266415,0.3093315251770478,0.28715534405593457,102346420.19847068,101153484.37462221,0.360938305924386,0.30914280035006664,2.6072204511556567,0.8611214433887411,47137606.89639596
93,7489168.627852517,0.30360245392416546,0.13558816799191123,129025970.8535656,126512746.646319,0.35266388233182683,0.40514901940640213,2.6233859903113395,0.9206263039530251,47152676.7210155
94,6979312.079084522,0.3124502015915286,0.01935737634475416,181186292.97866294,178093481.70009676,0.46302975272741737,0.27795661602158445,2.9819809396835364,1.736072929929676,52668764.755072065
95,7551996.025527179,0.3124248308195024,0.1305243579973445,196749039.08273375,189585198.4436768,0.4797516416899953,0.3879244100526775,2.6959898441097048,1.4352668395797055,49227921.90475553
96,7564797.455707759,0.30448074556791016,0.7322635704756484,58275683.21684116,57794666.81126409,0.45870324672644225,0.4586341702788939,2.7879351732550766,5.67662529763638,40399272.54076676
97,7602725.901812958,0.30964797168216257,0.7003305179882432,69380933.59627034,68976400.86301605,0.4095190102715631,0.4527727335574162,2.8168808660504685,5.934379938019091,41762883.02516199
98,7272163.510127816,0.3035415313295322,1.0108821277608167,105021191.96452641,102266004.23180689,0.3945548612050002,0.30457093276006386,2.6214555272283304,1.4779511242931875,47000209.01837976
99,7295010.774070048,0.3179343413869151,1.0645232084955483,136624345.47257856,136309853.86571032,0.37919708706244887,0.30621998674877027,2.5502423722727587,2.1564704888354127,48736137.10153031
100,8030935.032808086,0.30009279478433604,0.8953009134592329,157219810.59289283,155193943.94646153,0.42084354732007945,0.32667973183507765,3.0759385995421806,1.2638104173368094,46778367.75601901
101,7706885.1728695575,0.3070623242488219,0.8769756465495708,185281020.54339805,180512672.14867604,0.442838445129717,0.3862097657263265,2.8436600097021723,1.8032432961562728,48195796.351916194
102,8158668.920882114,0.3125104199739399,1.4376519265124907,51736680.28628404,51596962.276461974,0.5215481677200519,0.32753093936275546,3.093438090923452,5.632158192434324,37866525.52634188
103,7986113.952042854,0.3128307111860431,1.4471114074324016,93012354.8311129,92535924.64670196,0.3614672645542628,0.36631785850116094,3.115397369825079,0.6388976241330269,43450818.893953755
104,7646127.315089802,0.3206576177695537,1.2364952888206286,119975277.97439101,116653882.59042272,0.37851781923437305,0.4106583828711485,2.9079743142777184,1.3788681380534595,46220902.65134592
105,7696708.14467709,0.31072543324487883,1.4831280475857522,134431115.874653,134230301.48156816,0.4026002358693499,0.3892424966783053,2.9289413088384415,1.8449986369541218,46763010.774753496
106,7232122.701849089,0.3130012968412164,1.209761090319699,156623058.1604252,151951476.28580257,0.4262399935705946,0.2713788659388575,2.4999451493588447,2.719101745224088,49847664.80331707
107,7878744.472357926,0.3126604858780748,1.2881646901385113,193823138.05098638,192304270.29058746,0.4562451142646865,0.34665218160915495,2.9186694107038296,2.2083697356003453,48328138.24290906
108,9718399.238745434,0.08832874542394821,0.019691029471656494,51376943.615217455,51173757.96012734,0.3755935247154069,0.654628587350601,2.768958463354621,3.062736385362506,30396829.21996198
109,9686957.666181598,0.09505161096042283,0.340654928452766,74652760.36776385,74438459.76965329,0.3714054353511498,0.5941381363266417,2.7955233894903166,4.29274013449596,33981637.50791058
110,10145928.254592748,0.09067023184881022,0.007154962558904579,115188253.5070386,112909867.20304401,0.3838565735799626,0.57514726478484,3.021579396377526,4.445754564931012,35651261.59789376
111,10785585.8026099,0.11057542178119392,0.24503266862832604,135002229.75925046,129788478.54061069,0.40198102493078647,0.49592082404360555,3.2636711995034737,4.281049030530722,34571395.54896587
112,9670008.275108073,0.11057540964044806,0.3619300012637262,159384442.69705144,158458058.36134744,0.4009374934287995,0.5255267419088314,2.560882079051518,6.251530505774318,39607980.889367476
113,9425292.321566455,0.09926282043245156,0.35565631736697656,196047329.97338402,189990306.0075944,0.45931492637864296,0.5031276816370812,2.37808291179437,0.5408639555248964,41290601.09055796
114,8995447.59644728,0.10204308019511797,0.6102517060182986,60888132.8233479,60732186.034672365,0.4158057395809175,0.34816076541974383,2.1444376963334633,5.0457436225913845,34753074.22405097
115,9673093.051256822,0.0894880299928593,0.7201004081271761,91513436.88362035,89490680.50371689,0.3341055883690568,0.5436275428485339,2.710773772045648,5.125333060742403,35930794.279138654
116,10468981.893042028,0.11075740439151315,0.4082331803094228,110570901.1917341,109735054.32274039,0.3893069456941362,0.5403809733163261,3.1795432312188145,4.40770203995867,34253854.086751774
117,9319593.236548677,0.09808725901017024,0.8213012860364471,145372391.9509596,142835654.47543338,0.3707590536061755,0.47168906728293947,2.3133023678578932,0.7761363148110046,40223619.907310486
118,9098919.698904686,0.0963776063468536,0.7869794085374755,157318657.1037419,154249774.4529518,0.42316622436531415,0.3919126931502611,2.1360675789907573,1.1230925709821933,41343074.2422101
119,9533975.024137948,0.09595270719145517,0.5043379557333669,194651145.42723793,191919651.16006836,0.4604040447000085,0.524641168010768,2.4602948240179385,0.5642968616461118,41076534.35484919
120,9410265.183360843,0.10279917660716956,1.3270327502678017,63360496.065366626,62606962.07132242,0.36545883678100016,0.501019104041112,2.457720256255781,5.252023897935819,33839389.248824865
121,9092786.394226741,0.10549625808998177,1.3521277215655305,75081160.17995195,74445256.05399603,0.3371078236504468,0.4182895151147031,2.148877857710233,0.027540994381714007,36409771.379733615
122,9559639.588735428,0.10246596372010722,1.5024063925271092,95539035.26649185,93779820.26468939,0.2835780513862616,0.5347161828340335,2.524843487575247,0.22968392596223947,36790925.88946223
123,8923581.83943423,0.10738568264125767,1.3450257118061253,133969979.96158455,133613525.019139,0.3947907850327802,0.2830350584029626,2.032083518996229,1.6680640146669323,41575805.24071754
124,8818851.280455654,0.09799193739446202,1.4368379121588475,155659150.0474614,151689548.4384302,0.4104332358868051,0.223411070660926,1.915603984937199,2.1806178048816833,42740721.69929971
125,9743913.625599658,0.0893002106320684,1.2031637088579223,196573004.9806913,192925177.6557978,0.4771676009645528,0.5451622650918166,2.641500649093919,1.0402765333701471,41001242.31799224
126,8902160.945638025,0.13192894009119727,0.10572912917282956,52675986.56608911,52145517.24605998,0.5168345652053195,0.2974499726694316,2.277948579701902,4.256899132496926,33846448.26837863
127,8654629.22667494,0.15337049574782236,0.25336785741991746,68070569.13101366,67164123.05436726,0.3934204999349856,0.13324405173547332,2.603095872523004,5.0809229674370915,38861116.678867504
128,8396050.335054569,0.12033450361669813,0.15055956840144977,118981842.10175626,118140087.29470642,0.35006251509917613,0.185064895846028,3.532742119666901,5.727792227916759,44363212.86529016
129,8278937.964632833,0.1427184425793944,0.3722702575243983,131022140.89526868,127905460.44292237,0.3294063194428069,0.2440206445753323,3.4248107195199666,6.168766427898161,45082210.45298867
130,10778433.501653194,0.13987546625295658,0.05543311592046678,160791294.66483685,157405954.52856758,0.4494882652994422,0.46282705802606244,3.2171711562577787,4.431321224335299,35908989.414460346
131,9300428.526177142,0.1353594353476065,0.37781595027269443,187041935.45720083,183188174.64412454,0.45113071840417823,0.4406379071891378,2.3030116131836986,0.6921108460817189,41537495.16566136
132,9176386.915224906,0.12731841820100473,1.0720575318366452,50575247.10866436,50450876.24323432,0.47790840827572495,0.41995585328137897,2.3479772841007094,4.851830427441415,32468271.322360974
133,9808997.02590531,0.13294180814852727,0.6229817695793272,76737733.08810744,76608039.75751927,0.3853680114560277,0.5591686894765873,2.8832920476203885,4.405287635830185,33807832.55440976
134,10812313.582723295,0.15583287980464466,0.8131677600714584,118646812.26892453,115807589.82962038,0.4199638332489714,0.4694095723220573,3.2883714342741643,4.539241055883776,33862101.44264667
135,8317322.324389536,0.14801706163366038,0.5960972868238046,145543790.4569458,142995822.26151556,0.3645999949814141,0.2350232283937558,3.431239232310358,0.4522838855976789,45937474.41111396
136,8790467.675190244,0.1394588144753493,0.5247998368737095,183066431.50256455,176203599.4203372,0.4594227721454622,0.19523417322357833,2.090244103945624,1.426099615226933,44047418.95435032
137,8672944.861125655,0.1161427640835602,0.9744139630424239,196151338.12088096,191136213.9957361,0.4912890089648851,0.10689993503974289,2.321082443311636,2.130333884573691,46183498.25796736
138,9127921.429912386,0.13528303544076353,1.5008350476239583,57051631.77641404,56763907.2962811,0.4266027164813715,0.42129428789572754,2.2270066952945964,5.69445322555877,33897317.74154985
139,10685677.4015894,0.11336059875086757,1.3442998563840054,77728937.86262293,76288862.5257133,0.39118844394008345,0.5452178321385804,3.3519358680318856,4.211788146266555,31261371.84142998
140,9939913.656758364,0.14368440376843739,1.2389496319341022,98960097.11925916,98347995.98637801,0.3109574100646459,0.511118736210074,2.8099273131248186,5.636060957989742,35991448.22900781
141,9501322.713292573,0.11503711629050639,1.4682627514936386,147053372.44648996,144116849.55125055,0.4273886850155539,0.4987865031409273,2.477903186444717,1.2113346208787188,39744411.25398275
142,10411734.492797649,0.12344530176492298,1.252825098376876,155200184.44873956,154793474.44586167,0.41712409352758045,0.5169426742898244,2.9990779379316836,6.15889346760407,37175684.230605826
143,9032023.936810445,0.11317325547044119,1.2773211090432177,190896221.54955134,189748710.04958087,0.4608504494777744,0.3254683633553809,2.0250167759024476,2.065140192047584,42799710.9156661
144,9358559.703632794,0.1761743228712096,0.22465646232798708,60035450.55201674,59132840.92662519,0.46130042963989415,0.4955482642095452,2.6332964078798047,3.9376640438909747,33257709.20677039
145,8192880.139287873,0.18128344325399548,0.14101302100347562,68338311.89175132,68300111.43981273,0.4752453153966538,0.30452262740917435,3.533124192960172,4.25952344389934,40107095.2128962
146,8777130.826869197,0.20436542584308703,0.22874701519303187,116643948.0134085,112314739.0250516,0.34142921380776187,0.2153000422679556,2.291004749652079,0.07239922359085725,41571727.578934655
147,8312002.396937996,0.20122611032240853,0.10369870618068971,141858490.77413464,138479145.78066728,0.34058754126338653,0.2256670370896756,3.224329067365267,6.1688309524700315,45341979.018452704
148,10618592.605178306,0.15897485108538711,0.02309405207897322,183669386.2384659,178764557.434299,0.48094867170578237,0.44737446530954805,3.086295600052119,4.7786812000801895,37130347.68885325
149,8931002.907172285,0.18608118002254725,0.2920398611271736,199104589.4070637,194085516.6111504,0.4614506289770024,0.2720910835740515,2.166547317747452,1.0804960796615735,43596736.10830119
150,9505542.029087676,0.19456257854767472,0.4163929329806365,59711760.05204173,59387199.33142675,0.45138702058402147,0.5125749102111993,2.737540928649447,3.9361532698563377,32740302.94398774
151,10479244.268252011,0.17489575887322237,0.7826814315304815,75156817.05386049,75055853.8849687,0.3787238741839137,0.5372881667442193,3.1890523021693555,3.8888428636115373,31467691.92861052
152,8428402.133955741,0.19359365429917713,1.0654413425634357,97622199.04457109,96126015.17410803,0.31995901715083946,0.20308479671814061,3.2197253144501956,0.17110505459262118,43169470.399908274
153,8228700.525577799,0.18794435803949527,0.9596330964077915,153382682.91108048,149872626.99022833,0.39502571734566205,0.28034496711587004,3.331070327208013,1.0911332481327733,46756863.428234965
154,9341538.97008739,0.1862114487583743,0.7891157612144138,180328457.32208392,179919758.8034385,0.4556252516783176,0.414551297537381,2.380848850405604,0.9892965401346603,41575005.53978721
155,8391486.528074304,0.18229495826617045,0.7740407953174413,197326744.13722444,195868183.4372461,0.4955705603313767,0.19151034397900168,3.2495569208585744,1.318142927999932,47893730.602127954
156,9993870.375735229,0.19294256839863216,1.4453254988058881,61545605.675426066,61015196.10950505,0.44913481844781394,0.5109071807924709,3.0013016158156356,4.433036654835785,31494743.777873807
157,8365037.723977799,0.16718013847544005,1.2447423436759555,92807189.55628853,92504318.5482746,0.31421503662730804,0.22581493857702556,3.371097787380205,0.16845455892694777,43138917.674648404
158,10416110.410064815,0.18104202963164095,1.500393041413709,116872487.24163964,114056865.50989085,0.343128472645918,0.46456324161634754,3.0308316174681327,5.682716095784055,35412920.95315647
159,9082915.185089273,0.2004293854256707,1.2352186419185147,134529885.2369746,130850687.85968642,0.3607027091843126,0.343037045026568,2.2841269658231917,1.1499344169076873,40933376.314580664
160,10158891.457010292,0.164679949535237,1.365830039784551,178877094.7870784,173639238.75303143,0.4288795791210736,0.5029550335232954,2.855708790592672,0.49474054462753525,38850303.117190585
161,10399917.547383316,0.1675419265758949,1.5629446046596893,187663684.89272538,185940378.09560144,0.44418057327013927,0.4877501412034577,2.956622014677687,0.5433088057775363,38153025.46846659
162,9615913.61329827,0.21034720384820554,0.29007098391181174,60268684.81033968,60002770.20368532,0.43273421721341343,0.5349029230341276,2.800538288123628,3.72904216710531,32428340.43879259
163,8397803.260386702,0.21328406594683652,0.12429378762755457,87278878.45403671,85320757.6049907,0.3601364936454131,0.19468144576059634,3.2377108561635226,5.0274105813035,41913910.317492574
164,9307875.799059328,0.20533196073946275,0.05570109818492017,122414156.19160393,118614951.73825705,0.3475833706437822,0.3933172540381411,2.4305181254450368,5.647821412784339,39314284.08628143
165,8284959.906652628,0.23924217583873253,0.279289409857007,143377350.89827502,143088250.3328248,0.34471040934812425,0.24298430575059624,3.1206027013134046,0.26706525278043225,45550895.71842911
166,10639382.404875074,0.25123738379535826,0.15835060243397894,159954649.69132948,156391540.03155392,0.46971483821878107,0.3977006144251506,3.0454416988163775,4.77000762591146,36385929.09938722
167,8528383.922384547,0.2139076924578586,0.16307827301946928,185278898.84273565,179332925.25856823,0.45389425252592464,0.17198170167545404,2.9081441145148,0.7490987060736704,46542926.63630776
168,10686990.335595477,0.2350389662950814,0.45582001912073167,60025065.50868329,59829182.217778794,0.3989249383484385,0.47449167742635867,3.1591143821886916,2.8955690996595815,28938770.112127684
169,8703709.286329404,0.20904328634627536,0.8774278142467933,91692280.39553523,89913699.59399475,0.341432977873906,0.1962048798088157,2.506876062549682,0.1772657900745574,41017576.401810095
170,10295299.066512827,0.2377148952531228,0.4030371695958764,117450255.68886682,115538587.64193702,0.3855579094955509,0.4493144341313904,3.0336036752459097,4.662207446229054,35570108.532736495
171,10693422.602391262,0.2518908472789072,1.0662065166265025,135469070.42621577,133218933.10532026,0.4003313491052352,0.39567495961941646,3.0860648193684437,5.340067343711211,35676309.352260694
172,10523035.087051231,0.24229835357162627,0.6779652220170774,169210196.0209614,164045321.77467933,0.43730100680948186,0.4130614634330696,2.9606282118589857,5.554511535327826,37498706.39252615
173,9357872.632159684,0.240176941289234,0.7634670401830037,191999171.75022185,186633656.366565,0.5027297897081613,0.38509440890346036,2.417174804497134,1.0749761487311473,42134528.81532194
174,8995540.697140234,0.22657552842845904,1.5639373999737254,54774264.81320723,54466781.52402459,0.4951981908103184,0.3534389217789143,2.3543013741507064,5.738354321891842,34252726.66042243
175,10475447.161230449,0.233076100119663,1.2008340595164744,81082198.36454724,80650852.37430836,0.3948500976921326,0.461838810817918,3.1761381816614644,4.429881504246297,32427008.988043845
176,9227020.650264218,0.23907193972355192,1.5067849377181652,95495841.34621377,95180478.76894943,0.32123784676968714,0.40158110123399965,2.426761301380435,0.40269537213279977,37952908.87506874
177,10610446.669258323,0.23320386162741566,1.5517029822237371,142813052.6455758,142381294.49489686,0.38366207459490154,0.4161335571324314,3.026854180778738,6.024753017659586,36132798.97845589
178,8406644.91017202,0.23339465224935546,1.1787272839457983,178222178.66207716,173176030.6665662,0.44849516324129035,0.2046068310209503,3.0689022949380678,1.6250935895790064,46884109.758007586
179,10066437.445022529,0.21046689852675596,1.3472981050593065,188639107.15173164,182707318.30805618,0.4709799702050715,0.47856445694201055,2.804589224820701,0.6815290223648515,39539181.15702465
180,9433765.219467483,0.2710660032887875,0.02091164391469272,58842183.52520325,58713435.101774916,0.47119136984572213,0.47894287350933895,2.7648696045893106,3.6350343878575044,33218962.217658088
181,10595277.368820177,0.2567043173409163,0.1732020543071083,87489409.50136375,86662341.29044117,0.34925009383028277,0.44872238602050785,3.0952561912951517,3.5550076234411874,32202794.139076725
182,9536276.776071869,0.27505161969096326,0.20237280624577345,100854752.09508066,99794363.55669862,0.3590930527406465,0.3999752135167951,2.7087473044504478,4.962458990776161,37547017.7321444
183,9694376.07478501,0.27598123336730734,0.11472334914488712,125995510.1425018,124148981.46512231,0.3832100211301854,0.40862897750287047,2.7334974289882306,5.236434653866719,38495020.47704825
184,9319200.318740886,0.28423487196652275,0.10983509687359472,161962800.01915422,155380099.93859905,0.4030219386165183,0.3668489388400503,2.489968646698589,6.23750331348695,41386271.617352314
185,8502257.860341918,0.2861360124810041,0.3094239739496074,199025891.64848495,198906175.9580727,0.4660265225209293,0.215500311417949,2.79746417090495,1.1042686353132691,46413459.64327768
186,8335558.050688834,0.28774653456716365,0.7969808517052591,57182710.31205755,56725775.1305209,0.5011692412684604,0.24836727515922982,3.0961505581385276,5.022101197887015,38491372.80736158
187,9048364.804280214,0.26851002848201694,0.5916904769147106,71293662.7886768,70282918.00891525,0.4292172500310116,0.31490542707852054,2.4714457631675635,5.077840626766696,36625587.57990787
188,9365392.583791738,0.2915163260921084,0.5676347809702464,123111850.8907191,122542250.5783675,0.3304576309168477,0.37038390726311127,2.538865605570619,6.159763340576496,39593087.724820845
189,9760296.130459018,0.2746405217855317,0.5381569420653562,127832766.12222779,126204185.06630094,0.3621996655603366,0.4090076588809514,2.7413800299660047,5.6246918478296815,38311620.34856555
190,9045247.623095823,0.2608235985289959,0.8326297247245833,171198529.34880254,169848265.2253501,0.42095563878038067,0.3158460910614235,2.3593728704413817,1.1800656175943685,42622307.18875852
191,10419891.781664329,0.2789366047381359,0.8930220375883229,189009492.23698315,181011537.58162346,0.44110983063423026,0.4022585417267143,2.8932072921323204,6.064841908058771,38433766.438267484
192,9603249.921856143,0.28069336415110124,1.4351987958470893,59827792.20978964,59642460.64279094,0.45988995836211144,0.4200693011705865,2.7815061816456845,4.827125727898995,32726273.499432012
193,9023622.21782471,0.29885029165409005,1.3676428173920405,75618087.2603532,75190235.8800196,0.37733822803021705,0.35270473300817407,2.481597520439763,6.105550849627301,37461288.020573884
194,10646945.779217202,0.28364628936470426,1.5635740224587196,104018211.0487509,103804761.52056101,0.3879061073144888,0.3764214859322543,3.1043498633188107,5.203904157992252,33710574.417025104
195,9971941.260978412,0.29578903405620166,1.294183355547507,134870774.14179,134363566.744473,0.34872579088712163,0.4057576209307892,2.7975775802427205,0.09298657852615913,37610442.29259589
196,8578313.689559564,0.2911529863693709,1.3434575246478697,161113707.548985,156867459.58663028,0.4055024728761992,0.22781757289801907,2.6667988944442285,1.8198351240167163,45086985.54436943
197,8843582.560043924,0.2654743270037534,1.2423735963332998,191492137.29284883,186394133.032904,0.4660588393884033,0.24329719437287092,2.4023456737887754,1.9533094238223785,44496381.066717476
198,9687650.105422799,0.2997265469124409,0.36421280104287473,55382989.17965921,55039685.71473155,0.4747573280087048,0.4920655033233594,2.9088768956325866,3.578160870525426,31756596.915923804
199,9448728.309586944,0.32243612697845864,0.15568219584178863,94277561.6763463,93961015.20950462,0.37049315096917523,0.37997260877677247,2.773713419085689,4.7548627296813395,37433178.66741809
200,10467605.639574222,0.30564502389462633,0.14235625669813465,100390578.40786216,98617968.29346848,0.38039671633868477,0.41626244194105616,3.0588391893376268,3.9969381352789926,33847598.6934571
201,10808611.571063835,0.31662644265090556,0.2584167159941116,137688407.27893984,135167678.81070927,0.41438911608914464,0.35727619612526534,3.0838493287934075,4.50535467144259,35126247.66764158
202,9880253.25342526,0.3200040707442186,0.27469006416773895,169698460.0869108,165016732.17539972,0.4136781392028269,0.38727954281249366,2.7338570095807593,5.858152383202341,39811781.659563124
203,10293475.192547644,0.31209070655945303,0.33253993758971645,191657275.03499755,183618384.03597543,0.48014164196260967,0.36833434249526636,2.8800371985478943,5.566353655752147,38625896.32299705
204,9634636.261249881,0.3026093225318578,0.8752265653952007,60981479.82482424,60226910.306040056,0.47734660975003756,0.43821170543995586,2.9124033880278843,4.182012053364279,32749981.82564609
205,8996474.953139592,0.30575998284936573,0.5990157407862925,84305183.20555276,83432904.93949138,0.3763303416803396,0.30709359601749386,2.4968987376421286,5.473463431647888,38404337.86952898
206,8755282.118324168,0.31958541615642355,0.8917519604375918,98337899.94216257,98240870.6696928,0.3448255995134835,0.2860422504780555,2.5576797046199875,0.18759841427255036,41054843.33267863
207,8588823.182945043,0.3132192297038416,0.9154763854423733,137183210.35018492,135086744.89398384,0.37955818837171085,0.2494116590921515,2.7022995234054967,1.0464581611023114,44058903.551279664
208,8594964.540731134,0.31322887284444706,0.657733713639742,170907780.9996661,170291459.93571627,0.41830934515444984,0.23709490733242863,2.645346363717671,1.295636564807784,45382512.75510068
209,9014570.986819465,0.31442607096803493,0.9921903798867541,187317849.93707594,186721580.35650137,0.43354840267913736,0.30645119488753947,2.4499789372136758,1.4811645996803653,43758605.90836069
210,10446067.26346621,0.3034867424587592,1.3252655237883963,59189759.430690154,59141737.75114087,0.4646178331486592,0.45097768569272545,3.1926741964787118,3.8773569076637413,29571512.411241613
211,9966283.710514944,0.30890562833850393,1.2037830283382933,86338915.05176222,84285083.82962532,0.37873335249355344,0.3982619396514698,2.9268487381455905,4.991727960316165,34565877.06644535
212,9396770.57722788,0.3155290898736208,1.316574402022134,107197862.37940341,106044154.6366696,0.3181378561358999,0.3890611735538204,2.602582982687179,0.12482279384423714,38233646.64915585
213,10338669.251210961,0.3001825528683873,1.1827129354208896,136024653.35223034,132666471.31657378,0.39282361617748623,0.3893701773885816,2.928286039472582,5.80917759854282,36693942.1626447
214,8475385.11804695,0.30286860922033615,1.4474545439447133,184775615.4716297,176650147.62702817,0.4225868345684404,0.22649786028869276,2.705702482989496,2.118602150709114,46313683.01302763
215,10230541.64242258,0.31974503881317506,1.4942848359945062,188549814.69061852,183897870.21556085,0.44158509655998923,0.3854214616856407,2.8644136890546745,0.5276593487927408,38516100.97498905
216,13299735.019798823,0.09216289065300418,0.16445724979202783,58718171.146988735,58402222.713392906,0.4775530278712118,0.28740164349282954,3.935390455315299,0.6615598913799189,22350907.18757419
217,11612136.035960786,0.0899024077022338,0.3547523245424802,65625512.113918886,65302579.113368966,0.4134737342985161,0.40512723759755753,3.6246586962769944,1.9437164285617934,26947352.718398802
218,11887107.038837297,0.09001986462745731,0.30501935333396285,116523269.0980404,114729289.82350655,0.3856804496029696,0.375621222983327,3.549825731182571,3.0820271702393427,30853040.070228383
219,13129607.311891533,0.10582339580927536,0.15922928438896608,132073732.66432628,127173099.44204791,0.44392327660050535,0.24873634119256843,3.635749524789814,2.4829749736700446,28951674.585829623
220,10865169.465641068,0.10049797348862606,0.25114875118186597,175155029.3784237,172792370.4988972,0.4855199430303915,0.46833476592124273,3.2959368386329566,4.592296564576344,35814229.1887684
221,10950024.793437364,0.09977419078315006,0.19635502377289982,185509633.51209813,181039199.7753019,0.5067506432255474,0.45580582247940793,3.3033614647347727,4.571953650786471,36248043.615436204
222,12900744.89189829,0.09489663794046808,0.6486153243223959,55408846.04354349,54727036.23904033,0.47523696344002647,0.3009497471352402,3.9321727746147275,1.1413154265688816,22552597.054727033
223,12765277.550492108,0.09202828695891692,0.9561301106277549,75534766.08004528,75261442.38906327,0.4220280365135568,0.28711616339891083,3.7732063351511735,2.30135104342717,25853418.47403121
224,11145437.820357848,0.09146343469014377,0.9674374870741417,115093698.21588063,114551465.02876477,0.3987679745353401,0.4724824314381842,3.4587054351710966,4.326966450182499,32596542.33332065
225,11857179.673247512,0.09401092812547439,0.8328244903904368,129682777.23145291,128167635.64258683,0.4236468276911443,0.3861037373438647,3.586065836248905,3.8680047878481028,31441055.67038279
226,13429606.231564173,0.10860495829906616,1.0101516319960295,165451545.0480229,163917532.06925863,0.47385175331812374,0.23987342651061364,3.6537887938511844,3.745967043846067,30100977.63466694
227,12355526.065605255,0.09110142521492748,0.5292105960541087,193180050.74895623,186473670.57600442,0.47947607925418856,0.3223807543708019,3.5835172434807188,3.8625872885922683,32723654.193213962
228,12804273.343958618,0.09809743227926375,1.323545366293317,55513076.891300105,54816392.4550857,0.44195001077603585,0.29254170652520683,3.8389477945021433,2.0077217621872196,23152997.790812984
229,12572371.32921554,0.09700885666419053,1.3929933484397248,79365614.42813034,78344597.86627263,0.40143508940893075,0.32554207226684334,3.7156053561160864,3.073264625247597,26790021.887919955
230,12472753.287027968,0.10362513446461047,1.3588441944517968,96774059.76923238,93852391.45225747,0.3966683427729895,0.332438107783097,3.6891408859166535,3.4629455824529902,28515280.135586843
231,11604035.754295401,0.10891769222195077,1.3977706176585836,138861234.4794321,136041126.1202269,0.4364256998876426,0.3875613844629838,3.523953749070201,4.767221694704671,33057559.821985207
232,11262091.45586799,0.09814778241801952,1.4646237232208423,165424207.03915846,161556122.19070834,0.4576776354707552,0.41852367302848803,3.3560796834853464,5.445652169408351,35044835.44283667
233,11896702.956332197,0.09253940399920058,1.2956813827017095,185466450.4444691,174510805.27869132,0.5009854549177134,0.34844548850468837,3.55951192834973,4.864714333633436,33965983.19831642
234,11116337.264446467,0.13047777797127058,0.13738028193352259,61672024.20555872,61589036.6818834,0.4172658469738363,0.445982813988403,3.4316277191062956,1.9901121112857239,27671390.708624735
235,13201161.373443639,0.15171970586476843,0.20236272039444123,85947328.2332854,85356408.08947036,0.4596551995855552,0.24286420447952692,3.6681569343425924,1.6725069447222876,25782726.19240532
236,11882586.973513316,0.15419096552710881,0.20985969401644314,104106479.08384681,103039828.18788789,0.37112804251072196,0.3457314324974003,3.4448133335337783,2.846533029047466,30050236.70719362
237,13022298.970669447,0.15286142671468345,0.14719181633510708,135170730.84772024,134798977.47441673,0.43768215054104037,0.25013811924270657,3.47465687231945,2.770738448318844,29305450.221939787
238,11943474.167320749,0.13506409336827208,0.030886629497973647,157201389.50991878,155055252.49092165,0.4298231842206023,0.3487999562524446,3.4354191640311234,3.4396640285543336,32440906.79195814
239,11534119.987362111,0.1495146299511495,0.20614922354526258,189594104.16514948,185312956.85093552,0.490319974082842,0.37228262649897204,3.350591966342166,4.220810186640934,34705506.780321
240,12540543.734301535,0.1542098829688411,0.40526637571283886,59561465.59810333,58737249.30135615,0.4733192082726313,0.3059931444741548,3.7171322980540147,1.366572507499575,23925034.996541232
241,12367646.580822632,0.11294105030881292,0.8797532725893399,80045782.14943358,79575427.37289229,0.3905208786908618,0.3219708621143663,3.6451165973652486,2.6321713875124493,27109200.960388698
242,12975497.258737523,0.11146492693961924,0.5648454241362639,115017455.39144376,114265469.95001332,0.4283873438300624,0.26700119717140386,3.626074724216033,2.7879748222052547,28593118.207962554
243,11856289.574745866,0.12479380951656278,0.7280786891496973,133788352.15176396,131545408.09201987,0.41554495066565605,0.3680595960668525,3.5045114679120957,3.917029538324587,31842876.367055796
244,11579177.427855304,0.13885365656946325,0.5318273117054854,159044180.3507395,154451576.8379838,0.45034293052871105,0.3866868273706432,3.439405612879857,4.137044720829758,33333469.968192536
245,12287721.939022526,0.13410544550235756,0.6678214798246318,198185410.82854223,197013286.06515777,0.5127247305787699,0.3105475345383398,3.5135369467751283,4.199538475333053,33026836.099819634
246,13149623.73713702,0.11346137329881265,1.3166952100969662,57692084.10825965,57583891.66003935,0.44095414696017393,0.26126133415241387,3.813565931943493,2.0199366576039273,22964303.37421391
247,11028644.124720149,0.13717270707066503,1.5054507150572918,83507201.57452953,82919116.88233219,0.393744006739889,0.4826089796973134,3.435809392689172,4.277592467035108,30994404.54000011
248,11193281.983609905,0.1293440830067744,1.4558890987376152,102004223.97952951,99583763.78251903,0.40636317738774247,0.4488222958457491,3.4513802065295702,4.559362560560947,32038476.805060416
249,11573556.041541083,0.14428370121624945,1.3710388415556127,128987678.51487094,128291457.65428661,0.4347621118226137,0.38170841799880545,3.4770943771329548,4.7165011015553615,32600289.264027085
250,12128427.744887616,0.1408142700352979,1.2440870367871877,161401611.62707344,158089110.18397525,0.4739369942551524,0.319242516606211,3.5275264605358045,4.621951136649824,32580180.71379204
251,12288803.892862733,0.1517386153163207,1.4103036876972883,190160308.7234077,189547086.635445,0.5104995523637246,0.28955725177366193,3.467866484952212,4.972256624699529,33110223.007140957
252,13432213.994840434,0.16890620792493452,0.2865356698854297,59470407.47902706,58848503.983553275,0.4829358465132132,0.2583208272102795,3.7093977631195987,0.9666410528562882,22256810.415148545
253,13110740.638508845,0.20230271039419223,0.1055791679686516,69169949.75599936,68158019.72569588,0.46467237355071384,0.25996604780624827,3.5647762506007767,1.3044981980030643,24199099.157672558
254,11136123.093694033,0.16752861328059554,0.12641848353702187,101483991.46255282,100074337.93152642,0.34671288667026406,0.4306164202601964,3.2830884318655866,3.320719939063914,31715490.075015776
255,11001850.380337369,0.16452576114889939,0.20162578515279225,133642961.91396609,132855004.53707966,0.4214603176297522,0.44194019513900457,3.2706719306274756,4.10156891322069,33890988.658571504
256,11729285.537767276,0.18571297548397608,0.0496763130326432,161044176.33056158,156750935.56866264,0.43399147332465837,0.3539239138496893,3.330209092575876,3.7017035819453685,33227902.521534495
257,13018540.678829357,0.18999120730494118,0.09137294663350273,195534357.05210838,195079129.9185431,0.4782802244555657,0.25688416598199965,3.318593296877111,3.4850647248476347,31210635.521459818
258,13255497.728391021,0.20001214681971718,0.8878437498510149,62773844.6692279,62677337.647666484,0.45507688414591607,0.2427310985073412,3.537165812966599,1.9904993651226772,23512586.419208393
259,11014832.22645776,0.19299093830944825,0.49642607231027297,75279972.79560742,74344017.60352786,0.35319057789024666,0.4512041727450356,3.267400479261363,3.092049770649938,29787708.463929653
260,12634593.81760544,0.20051991048476636,0.5078653430308466,108939309.6705506,108374296.83146377,0.4041925253150684,0.2820259469596647,3.3873297991791995,3.0777484716259638,29007840.888459213
261,12130841.354890468,0.2023440119561477,0.9551016272417979,152888196.68649045,152029847.86004335,0.4645736572924494,0.30773751633664786,3.402088999793088,4.407551901511942,32256251.01517146
262,10876411.47524465,0.17754625267976964,0.8075923423690812,175085319.55310076,172169334.33519047,0.4852221438210067,0.410684294316117,3.179094167774088,5.247821068267476,36166868.37207738
263,10881340.251788499,0.1936167615307444,1.0548300140086917,189254089.6587092,185089017.42173684,0.4946790813819086,0.4072994416859369,3.099976617748984,5.708621981733236,36706656.04242687
264,13343629.302980915,0.18746433491021133,1.188524592344238,55936747.653061084,55227968.54445068,0.4528581915308289,0.24379546139607758,3.5886362890375065,1.999940760745117,22296229.092801783
265,11074620.20649923,0.18247182557348718,1.5140591525630382,69214767.82496333,68748626.77509637,0.4144825754006555,0.47517748603382287,3.4105577976555796,3.8769076152774677,29171341.05000624
266,11780930.292302128,0.19629284415449494,1.18740927639074,97255841.49518232,95815544.70218886,0.38823146121878105,0.368808527716088,3.4468356362376973,3.906611574101369,30203356.778313093
267,12885455.229202528,0.1900862553929264,1.2034730512432235,125489485.2123343,125025329.6626776,0.42977495890107376,0.2699938379793152,3.4643116848733273,3.944770756921551,29747631.93663676
268,12022901.188881194,0.16436692534412112,1.255256099346473,180030059.42477205,175484819.86315557,0.4974251051243123,0.3118143726634637,3.445698733552408,4.871170082196842,33567335.59953371
269,11269008.258276565,0.19235913784406958,1.39191141680753,190989597.44262806,188486945.19221926,0.4843119867205715,0.37228184826883104,3.1842963326578895,5.725602280037129,35802038.94612356
270,11498557.83849762,0.21729328146688484,0.07423717839003398,50378898.7163601,50122916.84345003,0.49318625112069814,0.3828218543073738,3.5039146700093164,1.3300561124682375,24578107.688293163
271,10821000.613974147,0.24691784118516524,0.32106756054752483,77405474.73712355,76055832.86511105,0.36551821399640394,0.43812954854413644,3.1605826421456675,3.1571693088956674,30559554.603199467
272,10916965.171105737,0.222033115031887,0.015550319797120692,106574430.32620457,105653792.21828167,0.34677585757027085,0.42345567395817396,3.1717345789484233,3.5378463750775966,32719453.436728172
273,12707868.608928451,0.21624515131913713,0.05426172723468748,140642931.65543145,140150190.31747285,0.43386377977557283,0.26545464648287065,3.2870301445283707,3.037122892945836,30171423.539341867
274,13339770.212302947,0.22935029130498832,0.04610397094665215,184575065.4978792,183820707.4000872,0.48772570295005,0.24103979950252213,3.16581269405617,3.327584309931192,30437871.1459928
275,11698320.483535256,0.21822637689555072,0.1482246330761879,188221787.26671195,184636878.708586,0.5090689673972595,0.34089968547386607,3.2841539020036588,4.1175056401225945,33945533.14991063
276,12599451.493595243,0.22530733771289002,1.052152743396232,51782593.746632375,51691090.215274505,0.4589737039086978,0.2863574578031402,3.4918037489003075,2.0590451421390568,22961624.669033922
277,11231221.136560293,0.21414882937302648,0.99024405359908,66080925.15483462,65142635.759331964,0.39485108243718026,0.440683079768731,3.339834869487556,3.2141703218052182,28403301.17953885
278,13188037.936734378,0.22329665445681393,0.43291822111091444,120442901.54124883,119373300.46744637,0.4338772736497799,0.25161124855227285,3.2918309191725106,3.0767387956801735,28713437.619800217
279,12693629.42256073,0.2276334158402411,0.5606215442987386,136161345.04357797,135389612.11745924,0.42709671089033313,0.27575324458222894,3.319677915820183,3.604095291041718,30292615.932230003
280,12007064.550139174,0.223697899800142,0.6110171011810108,181857250.37484598,174392284.41686708,0.4866971534806766,0.3078334921380691,3.3331874341762497,4.327172077085544,33344556.51148785
281,10908699.359218411,0.24456984660523692,0.7532779167661204,189098633.3689453,182750892.1929777,0.46153464960385937,0.40388620803057257,2.988470436890411,5.613574807450777,37071774.99128178
282,11158434.832589548,0.2184245883687286,1.3170787014792318,63539170.63050484,63326760.29275213,0.4112775337982825,0.4562619359841011,3.362865463464471,3.5013775115868624,28278351.00970847
283,11575552.325292127,0.24132987695634794,1.240590693613726,85632886.72194451,84365255.33741784,0.397841414954463,0.3781874956964015,3.3655137521340492,3.8706516348430657,29693196.349697914
284,11838765.972458482,0.2057645456707378,1.439201008469891,122494422.1379305,122235615.88401225,0.45221558207393264,0.33557339529733354,3.4288376170206822,4.581858926881855,31636944.894185387
285,10874405.322413975,0.22559366870843642,1.532770411339379,141597627.5130294,140530785.55353674,0.40451989780069697,0.39671497189244587,3.114153918298393,5.750233125941917,35045833.83063921
286,13195086.476757862,0.2116433891270767,1.4759224164521423,166614366.27501115,163587067.67971238,0.48694021754029787,0.23474489340666885,3.36932421585306,4.550159000907062,30571872.736251812
287,13314544.479615506,0.2294141271475901,1.185081993696586,196634924.64769804,194935277.08909935,0.5283760342960808,0.2266685094675831,3.29937525369628,4.530622404503447,31300219.020479538
288,12638651.825579537,0.27229357974917723,0.13984191580532765,55024223.38060813,54917946.47411994,0.49480862042607376,0.2894198777417468,3.4209190781104604,1.232792026671976,23070235.1739109
289,12260123.971444366,0.2624248507658882,0.2697137028748565,69966690.91546865,69909530.24604161,0.43435927925941803,0.2891762414326896,3.3168347763411203,2.0920685726421335,26225779.50786823
290,10950304.294775842,0.2765664062179075,0.24546185730911563,105052092.19974263,103873832.90704148,0.36630897043825766,0.3938582186817193,3.147818384087504,3.765738843111982,32533456.225930262
291,10914198.829103371,0.26440203139476237,0.20005340751752435,149553982.85128272,148435984.05660746,0.4280195846487922,0.378063476701908,3.1286212796843365,4.432084368827127,35016733.826290265
292,12737062.742662586,0.26354065750142047,0.2993847253817231,166845931.90631288,164993751.75312242,0.4664485487667919,0.27148023132788063,3.182024278135877,3.7252715974938497,31064736.239678666
293,12411518.977181364,0.27181777986651745,0.04659702612418127,186890212.8179622,186437431.42997596,0.47071814644769944,0.2770620891314986,3.12736237103223,3.8393896461083368,32330253.03728026
294,12413592.057275781,0.2937084296502215,1.0029057418255944,57481670.53162522,57344223.73938659,0.43907473467294283,0.29771660537639355,3.2483506182068993,2.561707761513227,24423624.274332725
295,13250237.920030221,0.2615634367378465,0.4253578156192076,74104567.55298702,73182483.45675425,0.43295666879704886,0.24345499162196374,3.3043781813308475,2.01646699752801,24856346.18137119
296,12578888.74846988,0.2535931130434999,0.5653935755236594,116753686.20382726,115357291.61868036,0.41092535842026107,0.2823236982296585,3.2614096450767502,3.4474993881430027,29594550.524213012
297,11825679.34140418,0.2866606702946684,0.8102462983089025,125209936.50913787,124806433.11376378,0.43359258067768514,0.31658099221498637,3.2329921097936016,4.256223922502891,31898410.335472345
298,10994923.630453072,0.26131399175028375,0.9747201861658517,169733187.7355453,168331241.49625644,0.4696922423775938,0.35796908080474565,3.1061731079454677,5.403193368521637,35966191.93990265
299,12147791.011248853,0.29560265408327546,0.9459245578272713,195034351.05383113,188865377.57824826,0.5150344997387135,0.2664521299695196,3.138338052662436,4.907001928667299,33665172.84396618
300,10880348.58911921,0.297182391835189,1.492982424748632,63222230.730361685,62941028.9734831,0.4551433371828,0.42166282668605565,3.274134573517709,3.8328118686792365,28821617.7854637
301,12616663.305848926,0.29261272533272975,1.351751153968292,66821435.93334593,66389114.22574959,0.4307884299037617,0.3001019882737912,3.2292343266806007,3.123130618454133,25260777.165739063
302,12241467.617484257,0.28887313209235727,1.5398541507742711,117845991.4080857,116514672.88335767,0.4316139729329697,0.2838972238767032,3.251038410222323,4.528076385216521,30295471.359959453
303,11395675.03848501,0.2832664433276752,1.1925583330008416,135554196.94093022,131495949.52045956,0.4252835112346813,0.32587478878326315,3.2115505268403095,4.882339440475544,33440229.33550053
304,11356912.664993398,0.2728126731304096,1.4406850552342882,160231433.1202245,160165871.51637787,0.45599840275761677,0.32713048293616404,3.1116940569649323,5.56764597838283,34313896.24777254
305,11824311.621229805,0.2788933172549207,1.260005249396089,196625466.72824955,188995247.21289152,0.47110366518626073,0.3283299438230778,2.976984082065039,5.6754972645583335,34730035.502612725
306,12813391.159737105,0.3216598655751164,0.2539331623361428,64785525.039358385,64750186.78320493,0.4503222721319114,0.26659351948710247,3.1706737493417942,1.8663552171850908,24377896.814095605
307,12739499.283161495,0.3094778081241307,0.37873089765863555,89111775.17277563,88878660.52641593,0.3974666590629662,0.26936925379417376,3.1055698841917905,2.763072859668128,27368043.755532064
308,12074167.50481117,0.30760997716482125,0.32564520494357857,121623911.06241441,121333432.8466868,0.4199200345234367,0.3018238233050985,3.133323249645632,3.604812395831566,30860464.4960814
309,11142594.799643548,0.31349308954648775,0.14135612118704555,134878767.13495034,132586108.92143397,0.41853229424280913,0.3422492452539638,3.092693787035249,4.166190967736577,33927916.89971703
310,11768282.010232355,0.3222255677326142,0.12622573099578258,174206360.75931856,169872960.95908362,0.4753674687080783,0.29913723640403017,3.0854513056713,4.124885144234498,33411122.874258954
311,12120839.361830108,0.31624385941012,0.14509712827696558,193814782.15024418,192421659.27630207,0.5093212499609323,0.28257550526004266,3.0606966188361717,4.191544540174517,33629441.5633986
312,10871980.52437831,0.32006252581635536,0.9705282907060463,64646126.73920137,64158725.67478101,0.42466634622593585,0.4135893703328545,3.192767576735464,3.517185951440231,29238077.02123623
313,13406039.743899208,0.30403957314613317,0.9810897633161244,93510451.56332481,92789490.5174721,0.4277590463788997,0.2662378335506085,3.092966320916266,3.307460951942531,26668292.68884714
314,13207586.486004401,0.3184136745312433,1.1189979215190606,110136667.51614873,107185148.23873833,0.4281491845406866,0.27091831871860234,3.0884693064124087,3.75645428753476,28063563.61369489
315,11660840.962107703,0.3225899341289278,0.5775711400467876,154164482.5973396,149037446.1717367,0.46272742995635263,0.30090432547562634,3.1310524508900768,4.491209102239605,33684285.69557664
316,13242264.500521999,0.3062252200311275,0.47841740569804625,167012799.26481014,165564885.12693742,0.47868666850917413,0.2577887163865148,3.045721872880999,3.8694846469429693,30524398.239099115
317,11530782.98765954,0.3122706048888736,0.5518604564233038,199442949.93248755,191281375.4911332,0.4988320490445794,0.2960112060647602,3.0574809077154352,4.9345094193248595,35249375.21282391
318,13437596.403289413,0.319064533172937,1.2314553537187782,54715535.585360914,54223963.79748643,0.47052439153207926,0.2701664676487747,3.11604444993454,2.4677948437847212,21840217.986442294
319,11532627.346536092,0.314891670679857,1.2788057862644293,78146842.8241098,78068850.62062436,0.4250230995467986,0.3527692371876999,3.2507244669581006,3.8236798008381143,28957348.260274515
320,12258631.195239542,0.3020325200251475,1.2508019233623227,120701778.04238555,117838163.88743077,0.42612996839131795,0.28682466172532306,3.213374745036758,4.317698332860723,30560006.74396175
321,11817918.014077583,0.3083056301405046,1.4965233401391036,154785314.45086724,148566123.1170481,0.440990494468411,0.28318594596059665,3.1041300361513935,5.254965266346813,33100463.73053523
322,12215117.649704399,0.3119965509915542,1.362317797399488,175562756.8771427,173486776.19698837,0.47662077645056833,0.2617238471337917,3.0411759997610224,5.252419234428832,33120791.026998684
323,12027149.95791908,0.3094867129884385,1.461910471495959,193859795.59294894,189836356.09906825,0.5041679804891552,0.27163868589734813,3.0107673076424266,5.585170411898373,34080444.460268125
324,14360682.514713982,0.08991795847195481,0.10220260625697677,61495773.634521976,61155838.70042675,0.49390878983417097,0.22250098058939732,3.9218452355208138,0.42602915371631084,21136813.303766433
325,15687288.33503411,0.09710033007344364,0.21891338970822355,67837179.77346836,67557368.80887096,0.5008016376215801,0.1656782960201362,3.8408355012227116,0.46045923101919845,20373163.340686955
326,14965755.895351006,0.10885491309506073,0.010893332424100195,95383844.34546015,93521548.41984001,0.4808091030303074,0.17616020548765238,3.7796739233144434,1.0681378999212652,23924219.146098178
327,14532379.968937831,0.10402736514890126,0.2392236386514912,131647023.7335388,129643774.93690854,0.4687618599779301,0.17274965618985072,3.6769435670086663,2.082529619120434,26744713.07927239
328,13688138.504065452,0.11038900780150018,0.2363925979652376,171483981.2564761,164191036.46866933,0.4545400218465495,0.21848041947881428,3.5578561074191435,2.879588064699764,29636556.34092313
329,14087738.83075246,0.10923070800186606,0.13873994203383186,196857399.18821612,196772318.30669448,0.49848957757258405,0.19897894757810977,3.4946290220684197,2.9604232153872707,29803518.244914517
330,13508681.938497499,0.11054176994175498,0.7184226332574134,57602272.56073644,57397123.863690145,0.469185653574658,0.24958759210048442,3.9135652195413217,1.1633152385377716,22038449.03638779
331,15678211.268317044,0.09221597150232316,0.8327620157931304,88212726.5679205,88180721.6025388,0.45943609267296054,0.13783233689537425,3.854642847229957,1.5607260530179703,22758326.68379376
332,14507071.247941641,0.10656314553879921,0.9179809841354731,108531108.28270021,106125330.784123,0.44435013762089615,0.17461638843965957,3.7195130729295762,2.443260487728855,25804585.27021357
333,14336861.427322987,0.11076995463436146,0.5530575313157112,127751189.99771462,126887791.7615357,0.451705565579791,0.1815899660471814,3.6492037962096395,2.5034182636415605,26986316.73016382
334,14919977.490533583,0.10097264972242465,1.1200076212321883,166558346.2539294,166477355.75178152,0.4867484134971055,0.16630916025891898,3.6285939740414945,3.3939518237089503,27916712.36721018
335,13685593.473137189,0.08895156486374982,0.5569871258786732,191523756.42416456,185354606.56962538,0.4966512979920345,0.2282133364439093,3.6339246376909515,3.303181410096407,30301672.490304716
336,15607144.216969632,0.09586295458682985,1.4834227886813192,54527406.25082459,54116986.00434073,0.4900443124365941,0.1503427583784881,3.922156091767752,1.3238327612085805,18620443.737387467
337,14836795.731987689,0.09624941122874484,1.5580741587242952,84085002.21475554,82975434.34378195,0.451561393055177,0.168127138526225,3.77264906985497,2.5092006158134086,23473707.448870286
338,13943989.66631715,0.08937263201105633,1.327716354744494,106288137.65222514,103464462.7375925,0.4320368118439798,0.2154179847387011,3.7674977748061256,3.022901721172017,26603004.708373047
339,14112496.537154654,0.1061781889721968,1.3930973522571939,149531893.95867658,144994900.91540903,0.46703788042633665,0.20578029915781865,3.694909378836383,3.675251432744502,28661308.75687834
340,14696523.311691819,0.09244988377256656,1.1967878952269326,165993821.44404966,163658535.28212926,0.4848106311337204,0.17600689328484714,3.6863751084372898,3.4611404018854115,28146644.85227924
341,13663244.702537462,0.09888225566942019,1.4020912862197203,197992096.4969135,188824963.5378698,0.5030844887621024,0.21489017843539168,3.6914114148254993,4.24474380472422,30912480.26918523
342,14979833.751159744,0.12511796113121654,0.06685796391730452,57228674.134476,56976709.527527295,0.49748284995332526,0.1988843315955984,3.744715114496858,0.28893766527604825,19636124.79190148
343,14553325.144645378,0.11772264592787213,0.20976133671131242,69917264.86138137,69047497.32238181,0.4801005290537088,0.20384234335232998,3.821524741641328,0.7749193487661219,22012292.596603606
344,14086446.661792096,0.1285109657389665,0.3737004748111579,109919243.16419563,108985189.14315681,0.44760368929149214,0.19424812929548577,3.6270070323543657,2.125944506550092,26397626.00692541
345,13748621.70468203,0.1272569319820167,0.39269525427842333,135424324.41653803,133931173.77147602,0.4530411669060223,0.21092784253623084,3.5674007412075093,2.6529406708749494,28335331.619677328
346,15444275.825447323,0.11085836451290217,0.32047895407328597,180686935.52721533,174598977.61324903,0.5041227246375661,0.1456975962737557,3.455618449875608,2.611558422963037,27541145.771753266
347,15744229.033166159,0.1263041570625114,0.20283085875947904,186937912.352373,181069663.68302953,0.5015066953592201,0.14020556284068303,3.346808340581305,2.5633954034425264,27454703.19585585
348,13531589.728408594,0.12346507916238585,0.9222495915559455,60509177.839119494,59778133.04026653,0.4516306784478464,0.23599610490910553,3.848208866503353,1.518358266402344,22606503.669738993
349,15306136.566444835,0.15443501091797157,1.0686770479057701,71608927.32159963,70400290.61102383,0.47121421958070064,0.16274446397371894,3.5656150551362638,1.813223097807612,21517070.233165365
350,13838477.915175678,0.14507548976636964,1.1182756086610812,115821948.79356782,115182462.98147215,0.4226806963873523,0.21740997520134733,3.555678240640222,3.245966846479891,27466402.40470529
351,13566771.497453224,0.11310742026235115,0.9990224258878335,137270104.75139403,137243173.98409802,0.45008818497851294,0.2353877742827744,3.6537804314411506,3.4023532869348463,28694778.384809416
352,15079593.941358862,0.14698688495507894,0.5882498288104959,174615716.9717805,169468384.87451333,0.4816542453460334,0.16857146898304523,3.3698208038155903,3.0860142300457265,28046022.978015073
353,15982595.047624601,0.11161136557495169,0.574514435610133,195767837.37516204,193880102.42300078,0.49360182398698077,0.13311724102314998,3.4074804035489286,2.9570745630521063,27618071.110854894
354,15283105.523301745,0.12073304450342878,1.4278600677317355,55462712.681607254,55339400.91670501,0.4811307879835978,0.1616752181852077,3.7856587454707897,1.5304565081363781,19213410.316067077
355,13825424.99581169,0.11947710456937286,1.2354530316646937,75908189.07556915,75701442.5148448,0.43261488880482407,0.2147953920230507,3.727973258361046,2.384768536392252,24221159.90069323
356,15224516.8398352,0.12531926492447298,1.525638615615225,118649051.21126448,117643797.4215367,0.45175731989899554,0.16483906673731719,3.5391613576066825,3.252767497270428,25576143.333067283
357,15241424.364769671,0.14747302074792856,1.539227731936453,153451200.76614818,151926106.15800434,0.490969478954072,0.1700507263263217,3.412394056320923,3.810777872260302,27153953.982890777
358,15875105.944194369,0.12725848897471168,1.3955268759389667,183688639.53860444,174922006.51304996,0.5002072994608069,0.1470087899913559,3.3939775358330135,3.697846996144331,27216359.770102672
359,15585694.578710306,0.13800806997233692,1.3834738556188604,197673048.63187134,190843947.88256937,0.5141017132521601,0.15344652855465044,3.391178931644527,3.8718910126597716,27897233.875469178
360,15337415.182075115,0.18845679025952963,0.27649215991001813,59671875.39340875,59179429.52335255,0.49817741474402627,0.2024756124029428,3.49738436381038,0.7147633207591716,19583390.02368655
361,15474957.545340028,0.16144353139660356,0.3809507274659105,68526983.36423019,67428314.37056068,0.49687565125345406,0.18079952637857027,3.600922888231387,0.9133875093140251,20737626.52450315
362,13953228.770501606,0.18573934856890914,0.016796128798238667,120995463.96865457,120043719.29670817,0.4516621914079159,0.2011511853714693,3.3968240615346947,2.1622701280314414,27008828.435087726
363,15832941.095864814,0.17987056957272562,0.16228578048983477,138997479.18592447,135477520.55827188,0.48261696693056066,0.155846178854754,3.2375395136558884,2.1292067733317994,25486924.549988925
364,15171325.978214117,0.16060877195859918,0.06827074292829168,180923137.48746023,179763155.9008968,0.49688127174781727,0.16683665222816316,3.23130811498669,2.6868583668392443,28051427.86294751
365,15595486.589981806,0.17458274894889525,0.24071049451894436,192725371.7057192,192352050.4333348,0.5136168605374557,0.1717332314297609,3.1204554371936415,2.964709322840636,27745088.150626823
366,14438595.752526794,0.17922111026806387,1.1239851007586852,56649246.841474205,56232257.87516073,0.47334828780984683,0.1988569901072702,3.6011760830312007,1.6280720765853214,20639910.575294115
367,15925808.5417936,0.16150111320408864,0.8137969498613755,85133386.6263542,84805601.57301384,0.47005467012990426,0.15000840155568057,3.4534903135806747,1.8253617720280455,22064510.453346822
368,15889327.748148996,0.16931357957463092,1.0303173756661859,122041144.84093243,118651688.51350698,0.45763126871099535,0.15819543688196167,3.2612629824339705,2.8607225113417787,24785806.25785781
369,15913110.874229815,0.19805353312553636,0.5818124806109596,145433058.19225702,139079480.9464225,0.47947090190008407,0.16676762553876603,3.1298917126609713,2.7274568025498165,25660039.329695717
370,15547970.615845885,0.1808649793478801,0.8187507999283383,168326272.6860613,162795208.82748723,0.48400825181967283,0.17584416550270254,3.199449318861089,3.345253282287017,27192491.10181876
371,14979552.71134174,0.17251938714913237,1.1752843636719272,186337821.67831331,186225412.6671194,0.5227267875925629,0.18273368668336842,3.332130490566974,3.8606645366410177,28349690.714647524
372,14215546.99092174,0.18850266724248757,1.2011368906723954,51271390.42528827,51193284.58501689,0.47228641008525285,0.21030995517751572,3.5931075065575553,1.6113092684388566,19975807.09471316
373,15054750.002502343,0.20491473877370645,1.5461825694232603,91390251.29870202,89459877.01942159,0.46941835114946756,0.20158653585655495,3.2511666109481023,3.088215249683017,23729554.883439247
374,15092355.255583756,0.1789930972309289,1.4153971377940475,103999589.0280646,102918441.06406853,0.45023614223777986,0.18471980609417615,3.329082396033725,3.152566889597293,24744356.101066947
375,15451021.452808676,0.1735781233981934,1.474865744982528,137773106.76347414,135663685.63544858,0.48688860425189134,0.177661521473741,3.306001036805244,3.585671930558688,26229929.025979716
376,15270719.447704028,0.1931419172263314,1.1912498098852913,182162793.8166763,182037487.1281131,0.519719481333687,0.18300110272975775,3.220912568726783,3.8720045584423053,27917007.76245971
377,14088832.10066299,0.19925192082087712,1.314652893997848,186341992.9228352,185494500.39045903,0.5132092612735162,0.19414194488565056,3.257029053098678,4.427628432316164,30087270.441819243
378,14223171.491703114,0.25075752178047706,0.25928021366862825,51915118.53777665,51553267.1187588,0.5012793183555282,0.2516702180255291,3.395076375620851,0.8198738849028459,19683659.241394967
379,15824922.748657688,0.23272295526052458,0.2343920945156049,93732441.02719273,92584169.38535734,0.49052839573082785,0.18961581937437966,3.202380407214014,1.5751951373605038,22687729.319409095
380,15671248.346327472,0.2264498458758418,0.22195985370109472,97687860.61851308,95855919.15270759,0.49553148974844896,0.18585665999081707,3.217665506264328,1.6407133895319965,23152645.208292842
381,14888535.005180087,0.24408523508233834,0.1266812929689902,142420579.20689356,139484673.26109385,0.47574387974237986,0.20304642549063526,3.020489160537739,2.6122933780088746,26663291.17004303
382,16038236.117383186,0.24996063554970008,0.1232782370648571,172306936.30815193,163868703.1060672,0.5089053933511725,0.2318514847344074,2.7839725660788432,2.895304442472461,26353655.08563018
383,13971609.197467182,0.21081492834914514,0.29726611218413707,190854253.15966383,181079858.2159162,0.46336478587073315,0.2174978492358009,3.1939976873487366,3.4026483886345584,29816958.262015216
384,15461380.191231718,0.24166998810076495,0.7480206601679782,57685552.70536098,57158232.7238144,0.4915254005184349,0.20952462203871305,3.309521254171155,1.3242552704269752,19219763.024525248
385,15369147.473365743,0.2120194518247577,0.8696723195341585,69700588.25335519,69560565.36885795,0.48631217786270997,0.18372861840493937,3.3423516327442027,1.7846527448106122,21179711.968843296
386,14118009.295223542,0.2358097784862582,0.45718963862574785,122018074.81311116,120572701.0805418,0.4394661750721483,0.21490458631283407,3.1845479586714305,2.8595129770338925,27082905.67303443
387,14320494.334575795,0.21921818008822264,1.0289786696556311,154530988.42861855,153368791.34453937,0.48338600209210536,0.2138131171240614,3.2489991748993314,3.761393548223766,28656766.88725118
388,14847883.390971087,0.23382276576284683,0.4172502297953004,177053405.26900858,166843152.51108176,0.4737176527216128,0.20470214064162587,3.068857679463162,3.222419796912947,28172005.179504044
389,13465137.884459784,0.2265039394678356,0.7655314255080423,199868491.43962336,197529537.01795945,0.5688895647444183,0.23563032616518076,3.2655693637259477,4.177818711040639,31559583.730085906
390,15675320.826911805,0.2511028507007803,1.3355657872469755,60221492.40090002,59587625.27247969,0.4911560573236274,0.20663815290473359,3.154289495185767,2.1106628492509514,19315835.839397207
391,15795098.83235161,0.24458258849684747,1.2650319542309365,70824483.66296794,70371956.33157484,0.4863554348590162,0.19886313280003196,3.1209490945736107,2.299249163351835,20670709.19715417
392,13797372.909820601,0.20670495890030866,1.319419108079392,115549879.02453111,113976655.91585156,0.43457020380317585,0.23010287950466946,3.362238653753308,3.618913423393939,27472803.201413915
393,13593794.528984081,0.21230943262709845,1.2568540985193084,148162456.65085855,147093249.6820263,0.48937421772595835,0.23093811773255563,3.3632837950449175,4.083287345792234,29245758.872365993
394,14181068.123702746,0.23635333314470894,1.5170997343710613,158544741.89594346,151916328.95195052,0.48538547193991005,0.21418767536435354,3.2277374606358427,4.257588515627173,28760600.187008902
395,14124765.01485121,0.22386562002900007,1.46350153674813,199706184.49252263,192609123.38372394,0.5329785505279304,0.19439291603045916,3.129139703420456,4.7005470438382035,30216769.908175252
396,15955155.138272367,0.2650275278093813,0.1025485477387681,62253667.102857605,61637323.51009985,0.5220104206765257,0.24217503330638257,3.1877550213521952,0.7730525997535149,18897078.32131807
397,13982107.551894605,0.2543689049968655,0.05138968792405624,87442422.3272329,87129634.19299679,0.4611324130139859,0.22200199559564882,3.268193951797026,1.7015429513902987,24645279.385169256
398,15162337.291001841,0.2681338607188461,0.3637256539910175,116829316.7275804,115561165.28450389,0.46629351212118786,0.20742319389687855,3.0046953347676384,2.4568782628376025,25030479.46791087
399,14680710.220552148,0.25790621205670555,0.047940783798780126,142951464.65077725,138498482.38875353,0.4595288110330121,0.21040645690830267,2.9982981488177214,2.596277034942409,27033686.485356063
400,13819019.061235722,0.2702487546915111,0.15734538005727858,177597214.7845145,176805271.06730124,0.4601998848668759,0.23579284209484072,3.0065291125052513,3.4114537518782933,29795573.38058412
401,15392848.879603812,0.28815354845680824,0.16630275326780666,192791702.36239678,190438712.5575457,0.48613284919491545,0.22638785342047252,2.8027190467855614,3.17541873331993,27471168.298931945
402,14528367.47602735,0.2754036092477072,0.9964880839260238,61371235.20565652,60516393.32708484,0.48285840698136645,0.22648746811101603,3.1908797230508577,2.027193228245738,21173399.780549757
403,14580149.821011458,0.2937660044685443,1.161407023431645,93842304.26353315,93374998.76203994,0.4496095099256917,0.24511595527354244,3.0116293464363566,3.162728886078349,24644227.60879714
404,16044002.303841647,0.2785778081616161,0.6917065666894804,115369229.41486244,115049362.11526544,0.4750242192826327,0.21813376219934544,2.8955043743385835,2.7281091290840696,24112332.15643713
405,13964859.65719256,0.27919894331801876,0.9370510867056069,136029363.12279686,135631912.81355056,0.46067266058692213,0.24113699068342015,3.0978422342712695,3.7007148445024964,28099246.22875844
406,16060246.15018411,0.26328529433307024,0.7349697273193112,177727105.57089007,177408753.31132898,0.5366017426980597,0.22662748362456667,2.8892972362441736,3.5238462783218583,26696655.49620572
407,13740261.740244469,0.2732137752591136,0.6100761029374967,191046121.8117091,187967737.09636465,0.4907397084332706,0.23341096749819287,3.0892113203999045,3.984510131610908,30615541.45713768
408,14438802.92257393,0.2771065548508721,1.467325934578715,58066731.25836901,57403566.85037835,0.47816469092904895,0.23870430876033494,3.150253108800137,2.4672861006281934,20726342.911282342
409,13976386.083055342,0.2917360209524349,1.2657310168054086,72237178.4618895,71869755.85557333,0.45680845390799113,0.25484859355613937,3.0988532161310665,2.8710968273063813,23568153.58548042
410,15038544.082768723,0.2726584679718369,1.367091527060618,98086969.71339993,96276066.21852815,0.4704160795117933,0.23554729632509816,3.0305523412808997,3.276280285581034,24248160.370810814
411,15787058.31769352,0.2812029690774543,1.5135513192758088,140710170.32160196,140648524.14016852,0.4977792212298152,0.23125495157280251,2.9528656110598437,3.8710606633393803,25583246.24795366
412,15776053.864048682,0.2720631332925927,1.2714716340288132,171875018.9609215,170603789.9681914,0.5437674153968532,0.21605283456036628,2.9234339628841974,4.066767957148649,26813430.076321833
413,15091094.733170537,0.2915656215748695,1.3841665236474676,193228801.78338748,188776895.30685765,0.5233212622511152,0.21926430393752666,2.935617297224331,4.39494569794771,28305756.236062773
414,14932148.318555268,0.30157291460656377,0.2567910057833334,56153893.617615856,55979312.75715214,0.5095519242383943,0.2627527815897832,3.181697987805226,0.986516006326316,19318906.72255607
415,15875447.46947374,0.3104741980405957,0.27283405262400373,71871297.41719396,71640506.250242,0.5198792587859709,0.25075813768400995,3.0768782372014685,1.2726301893563667,20316739.862841442
416,14005155.71415678,0.314422787918666,0.28970362167764757,101428209.87924245,99343361.65259267,0.4557247108643342,0.24119107273605433,2.9825004720134825,2.4715595992946846,25738879.40872767
417,15654518.568304287,0.30423134083387904,0.1658608400175534,152240327.20272243,149439271.62811258,0.5072753415892504,0.22932133604357438,2.7993653202019746,2.700738033465079,25882240.806521162
418,13605286.823204165,0.3143335502736703,0.1587416678568927,181049184.23285633,179656513.67971703,0.4807168074779158,0.2561673097938428,2.9118663872147224,3.577493750395679,29924026.325323895
419,14627029.13625088,0.30389899869938863,0.29381802154845593,191430996.1782589,183577257.30255616,0.5748286889512907,0.2668525161682754,2.849043549728805,3.56542345383282,28933564.97240449
420,15077312.76649743,0.3087619482855039,0.46106701351214613,64809718.58167543,64760190.03425329,0.5067785083145494,0.24571486840847662,3.1206647610594302,1.4444767952573692,20559868.94939725
421,13722379.369633576,0.30665092903914876,0.8017489574533259,85578113.99422598,83840852.00348358,0.4243059458491496,0.2521071806605711,3.0603545404402364,2.7989518982830788,25310043.54014811
422,15048498.695420885,0.32185197342077215,0.4002137075849711,108107360.95169295,106306470.58140297,0.464576836420453,0.24058858883353704,2.8746971173839793,2.493105036405621,24594594.83895548
423,13661245.611898325,0.3145505968760153,0.7587807217856131,143103236.865041,138892944.87452292,0.48363612466910827,0.2606711758837055,3.020362609128254,3.7902317534906933,28931133.773480713
424,14750139.798931243,0.3142619708643262,0.5133265731149469,180297124.26712993,178271220.5837585,0.5060297506064778,0.2518660537140672,2.8615343226688985,3.621449296654324,28535954.493466552
425,13590519.470882123,0.31134959600795464,0.678663293947418,191016753.70907634,188612331.8079695,0.5092254268947339,0.24558709017826882,3.0095178630974235,4.176632629218152,30869491.42987346
426,14126741.017837437,0.31509546681316064,1.5504694608191707,60445627.95653562,59911569.32114742,0.4774809940096028,0.27200544068818383,3.040487227779347,2.83969439489115,21552086.25645708
427,15435363.966236595,0.31644301749830156,1.3631174329104552,86659397.45207226,85866199.1560926,0.46508764093762334,0.2593175311177611,2.902753659834765,3.0621346510835035,22790928.353211813
428,13823975.873677805,0.29972260787537436,1.289998977912256,102580840.93873484,100159606.13008013,0.4543171559473584,0.26189615762383217,3.0861516818321495,3.6041574464682204,26499294.05594772
429,15657342.418530766,0.3068544372270774,1.279720978809488,133278109.26324292,132508515.5634635,0.48315718363647964,0.24843096437867138,2.891923948038416,3.662503020401289,25433831.987678163
430,15890213.1926226,0.3224038517533208,1.218789962310141,171806332.83461142,168687179.02210882,0.4849325672102404,0.23862582276439923,2.7374170626050893,4.1526474511913705,26826908.35066993
431,14535452.942492183,0.3073383722516415,1.3528089705744413,190523718.48571754,185385832.2527653,0.5240144532968471,0.22598965523923065,2.9600531425149836,4.504117768324741,28852587.647486337
432,16951042.08113856,0.08838032099996958,0.26541132423272357,51519014.95940305,51389169.46327326,0.5030915341371307,0.13036192478613845,3.7858928415733253,6.186151797162068,16256991.421949118
433,18108559.56910484,0.10006235064728816,0.039550338948203,69000482.04405056,68884962.98967567,0.5280672563653702,0.12030506515465739,3.5623193779918276,0.14118409166371154,17892268.162773915
434,18323771.113030016,0.10720570066821077,0.18180749383026157,117776857.25707513,116064510.77693312,0.5055480392371119,0.10576998277150555,3.4656250195061133,1.1687015545916204,21858020.48351655
435,17121092.13397074,0.09238560457226137,0.38551031350576576,125655475.17906182,123558007.06336825,0.5144906056914282,0.10683005449959423,3.6704641238123066,1.5148162769406452,23456634.57462342
436,17504789.684521027,0.10382074355449694,0.3333636237731307,177748017.28564772,174072418.00566083,0.500448313606896,0.10136297729572713,3.3657920194239743,2.2148455893784833,25311555.014902137
437,16261864.677343443,0.09650570705837459,0.017761088361750707,198248385.99230683,194874085.2771751,0.48340543738692826,0.12440763970936186,3.4137934274627275,2.281080033335754,26668613.152593017
438,18612505.580992613,0.10274470233424127,0.9355414378182348,59863502.60425733,59615494.18568643,0.5238205494733301,0.11052690709522883,3.601242595906129,0.708170932139079,16149972.682786912
439,17624347.892849408,0.10263232299423551,0.4642261749436354,74697328.40215348,73615750.43611643,0.51238398504782,0.12141054646733408,3.657376492033881,0.6689967406385225,19058724.981269095
440,17027819.162097763,0.10186282451981975,0.4522929114612744,112318486.52324788,111345567.7093153,0.4871067400351385,0.11271059030656272,3.6479945884965623,1.4534399294403033,22942431.176283125
441,16292068.442111522,0.11043303682769298,1.0905529792782251,152588671.185867,149358348.51330933,0.47981100357143425,0.12934751092804403,3.4631537923835567,2.9885437686389666,25835780.05680985
442,18046806.97341875,0.09404149970875844,0.92252313624263,168750108.7295747,166487922.8990708,0.5284697084104093,0.09889004251007094,3.2822078071936023,2.734195687713374,24479435.02932415
443,18302418.31607311,0.09737654105023184,1.0066679675377286,197981123.56808212,196117930.96608263,0.53545232793658,0.09838207219159618,3.2147748939596235,3.043705982006131,24763384.91041204
444,16452510.235805288,0.09933290152655425,1.2683904592239044,58961555.936949775,58665241.431655504,0.49735477138499146,0.13151076855201754,3.8426672124075014,1.1381874357127202,18361652.619473964
445,16266183.737770021,0.10072107624176596,1.2077941057620274,83386737.1524202,82699294.6559605,0.48135923755853194,0.12381425930833194,3.717052545975893,1.858336983285071,21551116.234342344
446,18661737.06642191,0.10511488301396257,1.4322529285657835,121771105.2476686,121734250.92312331,0.5230151344425679,0.10076950049566935,3.240019534334672,2.7055211747867873,21608001.978154477
447,17681179.42870032,0.10403650083399144,1.194833043993652,133413092.0362017,132456553.86116253,0.5037460607472137,0.10172045693775157,3.3822694054174627,2.60516283824718,23261077.76984057
448,16784732.659063485,0.09881702762880162,1.5041304467000713,182205125.76458755,179548396.2123928,0.5309935179333325,0.12525092532023258,3.466396476565533,3.559308450390432,26430994.708861373
449,16493057.234472262,0.0920347815908764,1.539245680404213,186867612.63158628,183301333.64740017,0.5322855624608144,0.12609340332831967,3.549877232142026,3.5771148781270288,26398153.541577477
450,18454982.465671137,0.11695141673370898,0.0263506469689123,57136493.62701858,56845040.97637502,0.5212999605176749,0.1269749620223444,3.442421531695623,6.193437165342115,15638901.412124477
451,18537564.693773508,0.1497086973676382,0.07220180889981105,86089714.41292334,86024401.7711409,0.5325242940196586,0.14497896517131978,3.3011579194334706,0.6962519561839915,19102881.909504194
452,16278968.338674542,0.13426153026694876,0.02741792330092346,95450949.11351767,94994541.44705975,0.4918527223682151,0.14977047172995178,3.5593021679990957,0.9775509724921689,22411263.65095722
453,18680449.85106186,0.14121188749041588,0.024326082068406724,134157011.92875564,131190991.7097005,0.5230481988147992,0.12130635735519996,3.228892383899387,1.3255229046720463,22188784.69308263
454,16282204.478802562,0.1510042273614385,0.015262074520943109,165352152.65840715,161786972.27902722,0.5237287610464767,0.13593887679315014,3.290497800582736,2.0689087608024592,25794688.558770142
455,16555346.561819866,0.11330295321003088,0.14718490453998959,185858951.09238008,184372404.52965903,0.5077325356396759,0.17695591436008354,3.0302658150785278,2.8316573138918537,26457232.06833017
456,17255837.147133183,0.11703379568463738,0.5815004777811168,60807761.57515192,60388884.20968344,0.5104676792210121,0.13633368800388612,3.6392935256036933,0.5385848651626591,17676854.210504692
457,18600252.850132857,0.15074148269019721,0.6852761843719133,83613260.62733376,82454608.37893319,0.5231959020766401,0.13047934044574896,3.315751949390268,1.2524593974976832,18966765.512028012
458,18320421.46255154,0.12823478105312966,1.0641017840262457,117519980.2308931,115781562.06199852,0.5133032155962223,0.10997159555042994,3.213738325096154,2.332924332132822,21733904.111736517
459,17726610.152556516,0.13781269941569818,0.7603579742743991,144723041.60664582,142856987.49665135,0.5155679357027573,0.12925205632702094,3.115276653398643,2.6308321960807555,23875703.53512308
460,18362692.219170697,0.1488921459526742,1.088347088207339,177249909.01539642,176724481.97576505,0.4784693445460234,0.13041041777391552,2.985597839762914,3.2188830505944415,24289973.870695785
461,18602403.973917767,0.1206654288605676,1.0416375794187243,186086457.50830424,185584047.63713086,0.5344496082334546,0.1122188217724917,3.063812902446066,3.0778583707695724,24545303.52809711
462,17635435.175949953,0.14431382947745558,1.3113325058198009,62995636.22712514,62374045.65251522,0.499823948099391,0.1305553406584847,3.4333208657232803,1.4852875617555803,17506227.77985809
463,18561719.73602808,0.12232357720728529,1.428603266463513,66088586.78424685,65226336.26451187,0.5095333946526412,0.11118431668641104,3.42545692589173,1.539883973950859,17000421.98493816
464,18437056.812778145,0.14870454902245492,1.2839376003207221,121012170.3400549,119185889.51693025,0.5060431469126787,0.128172714419016,3.065578960942825,2.7337596811533897,21906835.689207867
465,16509441.069383783,0.14851422586709026,1.3751705688081592,153309523.43679243,152393048.07203192,0.49735092280533444,0.14724907081373784,3.2552238225688543,3.4249088059695523,25504834.33762543
466,18190304.133751933,0.1574112566869932,1.1852433695146405,173074301.17592043,167133364.30921558,0.5056054088799423,0.14800579153107704,2.9851384903990534,3.3567836017541923,24251589.86121569
467,18419932.748560756,0.11229917318543042,1.5602499007698452,190695691.84334135,187317947.39056998,0.5608496523691608,0.11969618026750864,3.168979040059918,3.56209608985436,24869056.001931656
468,16674954.779068587,0.17538303511527875,0.3704311242175425,61013194.0854164,60370212.76413565,0.5191609249409669,0.1781045869618441,3.4321222111913423,0.6403029934081518,18216120.4751501
469,18661648.714739773,0.18056087050690064,0.23260900843443602,88769585.77079687,88313790.25567792,0.5321579842272967,0.16024656074002283,3.204411866760476,0.9657662744402958,19236287.738794155
470,17735213.761781137,0.19619149069030667,0.3300499004874343,119956476.9693516,119118217.8695788,0.5139099935148972,0.15215461530618918,3.102894455847114,1.779675527233132,22239441.22551734
471,16348702.192392403,0.20118579686238108,0.19111995000057924,127144762.66577533,126383699.52613872,0.4866377576990593,0.16230336278517313,3.1203727077367542,2.0318288900381667,24299037.04669736
472,17663947.975608684,0.15817192439657,0.05656774349788663,159325997.18206674,156930302.62769362,0.5371874435213791,0.1293637903694814,3.1020995627035437,1.9552546044738424,24144339.357131705
473,16229690.490689537,0.17401705852331137,0.06024649792161449,198974952.04523495,195911318.66156477,0.5619525974247263,0.16237282714480458,2.986439192654188,2.7335870645400733,26993549.086017407
474,17710934.418809973,0.2037288971556973,0.8837250725154877,58079216.520075575,57898676.90304522,0.5097746734972582,0.17791811210484487,3.263653721696814,1.1099617726122935,16663750.679441165
475,17516760.834226966,0.1977419792752697,1.0259481931835592,90712447.38897559,90354509.43309772,0.505774344846037,0.15482229874889947,3.114369065031534,2.1252428905397522,20791415.24386593
476,17652852.42991631,0.17665168211803878,0.8495940131985724,101755381.06556273,101518769.57520255,0.5022917373013913,0.14129645372893943,3.140387968448947,2.102772359965725,21515191.06186668
477,18661144.352511175,0.1912918791292803,0.7551536771754811,144071318.15786764,139934303.11100933,0.5124234725355676,0.14808703244156474,2.913366744707126,2.5016763823673633,22697799.220955547
478,18366392.05487381,0.17951268293398157,0.48176698880486873,177504421.6692623,176451461.703525,0.507690133013524,0.164170749102221,2.8180118166227923,2.7867612578867194,24037330.89575406
479,17760940.709345598,0.16668165677540245,0.40206430836215185,189337002.996306,184678247.47146973,0.5248561375270485,0.13352544417426127,2.999002242138593,2.625043576386558,24965018.928118937
480,17706635.126823634,0.17858174604959534,1.5494380751975538,63150644.79363299,62704940.02513584,0.5021110691629933,0.1510665031615529,3.229943716137021,1.9332092255809727,17399897.699547023
481,17954416.521993883,0.20031818505933704,1.405574617079688,71921090.26717645,71754457.0922144,0.5166362811778125,0.16132786760556203,3.115163457581243,2.0568318093937945,18342599.42706473
482,16509749.150879811,0.19595474140250244,1.2618079705335217,117660038.50315344,117587141.49329384,0.49065802307278616,0.1718874322666152,3.088936058956839,3.058224743955671,23598854.93222163
483,16523514.409258397,0.17200553909191565,1.2649488533085396,144826026.19989592,143483099.05681285,0.49436090789376436,0.1588652252572149,3.155019945303434,3.325539397781066,24998622.44759571
484,18677721.639262658,0.16150611480590035,1.5601335130408498,160614138.76490045,156255908.39499113,0.5257224414025038,0.1449249090632416,2.9861646839831186,3.4070588511063162,23399019.48329938
485,17684157.882476304,0.1880286433122177,1.5047577712480167,190010870.25839108,189792857.59419912,0.5238782629596418,0.15918262511069667,2.968328440036078,3.8305135926066542,25237953.741879035
486,18383145.63989971,0.23473074809618366,0.033546403001090803,54174578.9293561,54034859.49601673,0.5177993001201356,0.2232437055081964,3.100902686662142,0.18541232529902227,14824572.069957986
487,17858435.250784338,0.22611434292301416,0.32824976260396527,76627092.5049421,75928287.54329988,0.5390793497312172,0.19711102824868995,3.1574856932833786,1.0062049581465236,18690244.998505533
488,17857496.884487417,0.20762155627676399,0.05485658838141681,121353725.16204551,118297102.33831167,0.5281076960833171,0.1670259250421759,3.088585855047378,1.4469265429792695,22031121.626645446
489,17800238.918115802,0.23137512606283284,0.3456269258365414,150287739.3567059,145114349.79288906,0.5410452250932026,0.17183284542658303,2.900899095453915,2.2258231400719124,23328685.00219663
490,17198927.17323666,0.2408264212873091,0.2748737829920567,161774661.76251525,160162134.17887247,0.5105673272053401,0.18652892584529931,2.830001755033549,2.530592817636547,24481439.839656506
491,16287185.789364234,0.2458235406385484,0.206225635898785,196385066.2781398,191163778.66759375,0.4603423917311824,0.19386201765616745,2.822342618799162,2.94116339246915,26660237.051592067
492,18500077.96913132,0.23792790164147257,0.8660229634358609,61749449.40178165,61385896.105574496,0.530315800661357,0.201975497240379,3.1418615765678064,1.1661143169904078,16271927.29184027
493,17486972.29657606,0.2442363020707493,0.987270782205426,70590027.88424349,70441424.10981268,0.5231132451973445,0.19181860041828647,3.102448854504534,1.7046929199504706,18590140.648716636
494,16754015.767730735,0.24614812031539604,0.8435474232949585,97946829.46811146,95494729.26063365,0.4846960627915777,0.18938328909447094,2.999299949253826,2.303344683387853,22036011.58485552
495,17026263.32641744,0.2386742657090177,1.0971758986376594,146997780.5508156,144918817.9366203,0.48848777387822395,0.19854969055564653,2.894805919710424,3.3154408976767114,24597383.991880488
496,17089917.267593276,0.24257262293950216,0.6322353199585742,165035711.58660886,162919491.0381485,0.5051355515174666,0.19199203143795288,2.8421300464213486,2.9842802477897243,24852258.291662283
497,18052328.534364622,0.21930624492014525,0.782549827902312,197846383.4774204,192200120.76405343,0.5315559307069926,0.18373280780270032,2.796973744988749,3.227857946950707,25231654.95196154
498,16583111.743596189,0.24955450890170652,1.393554662321036,52351413.6776124,52102450.60636528,0.5000365739831985,0.20684990174887222,3.1603598603054226,1.7579755884368975,16800244.479492098
499,18124360.369076755,0.22985282645232763,1.3080808562590893,71289179.68401267,70793127.88660955,0.5179480856962675,0.18175958667147174,3.05641697003461,1.9582601184624,17997193.21624771
500,18421693.814415894,0.23969160114656168,1.2409793649772094,124556195.5759807,122480448.44264425,0.5242092551083035,0.19791850714835657,2.823005061069897,2.942501760135236,21848701.363562778
501,17295112.647679057,0.22953570410825688,1.4463121098957163,133423223.47597285,131948145.01069964,0.5170793893252686,0.19766207866835053,2.932683553427267,3.367320834824592,23611803.80293454
502,16620665.433597965,0.23275320468402666,1.5341037799449302,158298912.09399608,156827150.79517558,0.5143872960247308,0.19712816518443474,2.9871315895120047,3.8382013605968397,25265434.90951027
503,18041431.997404154,0.2263005905847317,1.3707044071004766,197517258.62349558,197013546.28699732,0.5017544848419411,0.1815158483867171,2.8217281266202914,3.854268214871388,25179818.846222132
504,16141583.938772097,0.25310190073177913,0.20581244782527894,53178898.99534895,52973794.00729349,0.5188054844922583,0.23943024597800672,3.2183032730656507,0.5638351062837771,17209065.34745889
505,18432334.463759646,0.27799104675046143,0.03253618910993705,80083518.77561903,79120815.68672337,0.5614547272766574,0.25196607000000826,3.0420803965810053,0.7721144548338077,18281324.452022746
506,18665800.36172389,0.2688563492928952,0.009252172165108243,110514624.34515154,110188041.50980863,0.5636014763684462,0.22042070217849657,2.9984451264474283,1.2062547983038776,20491604.2326762
507,16559732.712475237,0.2669781906099953,0.2655813656664673,151900695.24445102,150635621.08021745,0.4939623731143379,0.2035754233294542,2.8206683235610845,2.582434817182645,25042546.108430658
508,17307560.079852298,0.2780372505009345,0.2970489431222937,159222028.53419006,159021302.62346944,0.4947623052130351,0.21578565240303366,2.731909849629826,2.606394620756925,24387820.132005785
509,18064086.194258027,0.28459449218052124,0.0542226123840751,186464909.18890312,182155963.60895726,0.5181045113932121,0.23619892676193766,2.5729222429402823,2.5836830794009966,24506802.085176963
510,17833908.823683783,0.272736276976929,0.7818783148781554,53700382.11503977,53550071.74718003,0.5219058894219974,0.23907096553375262,3.1255908477173633,0.9632193293626194,15479535.543529198
511,18224725.750521563,0.2812907351396171,0.5422238791907626,78562784.2983932,77829640.47040729,0.5525434940969894,0.22881119713927833,3.034582146649659,1.2908094068094078,18432412.414861225
512,16497873.836871551,0.2768477538979942,1.0008321477866584,107505226.09562086,106359098.63389058,0.48674270130933645,0.2160095005068793,2.8968375745942794,2.778730686808265,22951682.33647944
513,16560316.225266356,0.28452013398256704,0.616744787018606,139800366.76638874,139578856.54053012,0.48567729655499275,0.22345250134646938,2.798339444716301,2.900176009334243,24583857.91955553
514,17928920.824970927,0.2682948253624448,0.8508730721707902,164416171.7545273,161935644.70956594,0.5583246187582871,0.22965922277068115,2.7322252951194317,3.1613924044530477,23998101.395640388
515,16920242.64790158,0.2838849023634057,0.40596750356750894,192556825.75923505,188408858.40582982,0.521768161495262,0.22546252069968176,2.723427234356632,3.065799992838268,25958297.04567565
516,16437813.005632564,0.2794827492805805,1.2473773220145308,64455001.02637632,64119422.86391036,0.509401633782061,0.22045861454179638,3.02682759657668,2.1043065820556617,18953543.123607427
517,18405880.164681066,0.2951064815820211,1.265770904741879,93632040.86761665,93526426.99223918,0.5144318151165449,0.2339498936380551,2.8087812835056396,2.5482900837710454,19957229.76370628
518,17304385.82684195,0.2731400679381592,1.255981698628313,123825416.99834801,121202040.08886401,0.501978653287705,0.2234306746257733,2.83711018580437,3.126345357915204,22970215.38836132
519,17675390.82627646,0.2837482469797991,1.4840796084277883,151162817.50844315,151085646.32486773,0.5332973075188789,0.24468691544990673,2.8140701910029327,3.6356722838432436,23688254.01966062
520,18264573.728448234,0.29400155072061174,1.4420837614215447,155951878.69222042,148074526.99633816,0.522580177791206,0.24993371844964268,2.764903882699376,3.490191341859215,23413454.078978654
521,16934221.114053726,0.28803192492814894,1.370573870143801,194564390.26330885,193998849.06812572,0.5534066120849513,0.23293734816757802,2.833946377836191,3.9979926826679346,25933646.720768787
522,16882061.657038845,0.3007644553294033,0.07318698761978988,51023932.68489378,50789184.719261855,0.5282180658719684,0.2828437167763098,3.0693385017828048,0.39355060129434893,15751312.990870226
523,17160207.973481044,0.3001697310584931,0.011799737028498762,65524333.865086615,65351600.92573992,0.540872918104096,0.2746945585118904,3.059868401382764,0.6582618607255943,17949621.5751771
524,16294213.6184487,0.30506138515388675,0.28019238871810664,118759942.34480757,118492994.14367512,0.5057801455237699,0.2261064334066102,2.8384205941983436,2.255265024534389,23548102.7530064
525,16341690.159757439,0.30247014575633524,0.3572013608041441,153303885.63472426,148806811.4090045,0.49910413425901246,0.22887933667213248,2.7664825371840225,2.732282997484234,25057265.097401727
526,16245552.527140802,0.3019186841411458,0.06734069960985321,161070767.25934094,157060898.93672702,0.5047088708085468,0.2272533307229005,2.7576065541472787,2.579229850381771,25728834.01408013
527,18441293.770249896,0.30954625477641057,0.0009214280903317994,190076416.32703537,186030094.37041128,0.5029089318970441,0.23502323323349425,2.625271624968713,2.33214826602903,23975476.598572247
528,16473562.429972073,0.31383973659132475,0.869475843420086,53517035.63845303,53373868.548039965,0.5070774055688433,0.25687991128626414,3.082552643362655,1.339597948980027,17054434.149410736
529,17693013.556268744,0.30802771258386635,0.6962418508408157,68671936.50302806,67762456.59640802,0.5351346683607373,0.24973832507698063,3.0286523861480523,1.323806755025391,17799758.83973273
530,17531587.62048758,0.3008294699921415,0.45233344853659885,103306985.58816841,101581149.72898278,0.5421341395255204,0.22548183307522301,2.8948990910562857,1.8580344543862555,21168899.600866094
531,16230812.516614936,0.32058739384436785,0.8797329033459101,126015696.1527056,123558625.73885736,0.48691602572049825,0.25453922105597426,2.786886313858874,3.0956628094726946,24257473.252941515
532,18302514.108819243,0.3019413027523429,1.0158893609165187,158637865.3945503,158135007.6360178,0.5355914765689578,0.2472272879830593,2.6870406125197412,3.170123443815612,23261679.003098242
533,17132326.654324617,0.31549155763287295,0.8231219413865354,187592732.45372772,183137361.72996408,0.5167152738152139,0.2569647866411864,2.7038659109058334,3.452114330253577,25714725.485235866
534,17348484.51098368,0.3109388961087452,1.4242834192909355,57607475.15269089,57443171.51868113,0.5127095691532416,0.2501265391752143,2.96741011546996,1.9971227201363733,16847541.41617036
535,17913464.835556846,0.3169407026542745,1.3066862986520063,82390328.47534859,81484509.9508916,0.513679737640373,0.25202564162469976,2.8228562668708532,2.4558277623917344,19410870.399433047
536,16930387.07104503,0.32133447437842183,1.257927404752161,118349649.72032091,117698835.29427527,0.4968175711918821,0.26232726681732155,2.7860204457194597,3.210381166653752,23171736.82737311
537,17448949.1955083,0.32206689876855593,1.296619994150896,132752375.5886987,131822286.39479993,0.5094245259450664,0.2665585566501667,2.7520382026461303,3.3353702654813295,23197900.846020453
538,16252094.764622068,0.31384012042919424,1.2513317473166636,182930941.19992322,177997960.12574926,0.5638307744003345,0.2520385856847225,2.8333345656712305,3.9917901254111863,26584304.79434573
539,17797384.949366387,0.3057207528112129,1.415008157782843,198043202.39701232,196419500.44636655,0.5679913148755963,0.24802781090256953,2.7480094918980082,4.013114640587775,25100218.82402923
540,18820710.461254925,0.10691838515741349,0.1996430183160886,52563493.323132776,52094943.20333674,0.49857493411158754,0.11486559635369427,3.4896566682494807,6.143285486962165,14477742.070613995
541,18961018.684753638,0.08763315717256563,0.26865949890082386,91152165.04831702,90433707.74536236,0.5208264088257429,0.09888262197045547,3.5783835575180283,0.640583749693275,19439739.349668022
542,18994028.987696994,0.09455366669882219,0.15275950793532322,101369539.3031877,99238095.09208816,0.5238922219235591,0.10235409108108733,3.521254748877304,0.7018517122287267,20131950.69933331
543,19197542.82522759,0.1051507117036263,0.34143560055641575,139885540.14872405,138527193.56758076,0.5213965761455998,0.09203078441671306,3.3205937711301625,1.571493326739213,22142754.343043286
544,19927075.59851846,0.10588766545766828,0.17364098936154984,166780317.68639734,161828341.1764097,0.532102710875505,0.08939025077920716,3.2189880686674974,1.5837093602304906,22517263.14879997
545,19055329.435946997,0.11050550563351154,0.24373122205866735,195847634.22587797,190759053.56795064,0.5963991152388218,0.11530518714665688,2.8208345544816704,2.550281190901204,24539726.08032393
546,19322727.49185191,0.0964818236152203,0.8706511294075625,50309577.9579986,49932930.21312938,0.5035100721226321,0.10362310908500434,3.5491228407848183,0.3395055987542007,13612571.224149026
547,19255484.545105126,0.10787684670201554,0.7155353174497929,69886254.07160677,68965475.16100864,0.5238637924814018,0.10836986411820372,3.487052588299773,0.7237344541454419,16898901.71833927
548,19474720.126756728,0.09645829857845062,0.7656909842874869,118118717.00081208,117270430.51791404,0.5354375226524986,0.08455106698886393,3.430561635698208,1.5794316446340626,20681085.445465695
549,19105491.801274475,0.09267291151596468,0.9324027468113629,142647184.04363692,138855773.55705366,0.5121048126089138,0.08393746549613335,3.2878655975461015,2.24665911036346,22350434.75966733
550,19325992.016895406,0.10148522850822128,1.051501600314345,179810420.20109206,175909105.71047816,0.5499626818463285,0.09446534882834795,3.10199283566444,2.858363721949535,23677584.95694647
551,19698286.89378977,0.1103686055580398,0.5315650087747466,199753508.6866024,191147534.09096682,0.5920331188502028,0.09409048773496473,3.024048278778522,2.4508486785036228,23749592.673935197
552,19547376.56521884,0.10010362889229912,1.4668980746714646,64890988.57429153,64373394.9174017,0.5261341934764726,0.09454803256155125,3.4951997372085573,1.3207747295526184,15921846.471436277
553,18927195.571043238,0.10927897914790277,1.372466167692326,87910918.66480339,87173440.02307773,0.5183364030052554,0.09658322048789472,3.3487196424841654,1.9581515356303294,19130774.95812646
554,19905845.88537282,0.09532044395817024,1.4125743425416073,108624610.96952762,107194464.01238638,0.528217472924302,0.08293614307539462,3.2568215709817707,2.2295364367659047,19740428.74580383
555,19343833.365829024,0.10058754574052417,1.5643120905086831,147143086.67769703,145959599.57484525,0.5369247912941292,0.10016108709377539,3.142246140078482,3.0660696173950153,22149637.846582495
556,19851220.95511675,0.09605761432269949,1.4562432635038984,173571486.49329188,170168503.02129912,0.5515800585261911,0.09286311513901256,3.088042875349745,3.099135095299646,22686241.332681812
557,19154737.935479026,0.09603280950374847,1.3753036259603402,187755155.74791616,180089603.4124298,0.5537772174735699,0.0947955689937015,3.1717321586655793,3.143040187832042,23740944.632176172
558,19986734.063214332,0.1286774374895052,0.1890727400007664,53024027.45973754,52818489.92067039,0.5092528822896443,0.12720589430883686,3.2949016859515994,6.207595499384773,13429524.5942922
559,18745237.554460637,0.12374845374156636,0.29341723335766184,83222115.43986447,81774478.53663729,0.5283961744240555,0.12391068141613544,3.416018940877641,0.7171699373423336,18800736.05259411
560,19394368.949505746,0.11516302330923765,0.1611630047480396,108451626.20996812,108181665.2688248,0.5338087827432542,0.11005582351089198,3.3741911255495833,0.9162735972780252,20318536.300889716
561,19138688.954112645,0.14524028247568022,0.008906827910327856,138078762.45993456,137278101.5328371,0.543134020619984,0.12248028905362861,3.1672100942335675,1.3397823618145006,21877268.957091056
562,19938803.369121455,0.12217919500991305,0.3619456744612588,170610318.86295903,165126312.01231223,0.5332935400758866,0.09696014143319433,3.0885152822015467,1.9324786578528066,22607090.76162553
563,19427402.284686465,0.14053004222383841,0.3003337933555363,190089441.66388625,188505613.69402832,0.5622018528133297,0.10675823069068911,3.011861522967955,2.196897093824046,23351405.36342536
564,19935741.204466835,0.14150577003905465,0.9120457016907099,64453891.99214815,63874433.96744769,0.5275924247496098,0.12911273267683043,3.3097922021260127,0.889638897823579,15541467.521668065
565,18995591.433118824,0.12190029605708835,0.7798686399141181,93536960.10098831,91559017.27565454,0.514430808756867,0.10631124155316587,3.3752853401685474,1.3821817993395118,19506696.00385546
566,19219324.32930837,0.1338175326618983,1.086321679269242,97616292.85012789,97296847.44363464,0.5154956425044649,0.10827618487254534,3.206965016091331,1.920923522264061,19687178.304901782
567,19219266.669696257,0.13638008646776115,1.0277174031832823,136361031.21482447,136060535.03182584,0.5285409633761993,0.1124511019687466,3.0354003822895512,2.5469676958092333,21789350.008841753
568,18855598.179987907,0.13565710659912528,0.5258323910011458,171845837.046852,171002041.2444474,0.5923617467373654,0.12239352525097061,2.939318819537549,2.56627776588339,23774987.397929378
569,19749460.679220144,0.1393859401555923,0.47364246795536613,185405984.13063094,178395620.99439576,0.5521248988257168,0.10896906410169797,2.95208068934685,2.3209668414032696,23125662.344069347
570,19812674.3653646,0.14612353102285366,1.3130799401925866,56850581.28126691,56431918.037538506,0.50973651295318,0.13017165259779861,3.2807822500735697,1.1765302330389777,14378499.682566362
571,18893680.497881364,0.1519777719056799,1.445783764788187,69039315.94576044,68168619.90184428,0.5159284969072404,0.12769601645653023,3.237015817435401,1.768814801902332,17026228.26957579
572,18896806.394729428,0.11441175498923861,1.5115972798552617,104267030.90928042,103168762.03800265,0.5154618087396033,0.10076055421807283,3.2359837155347924,2.4458599855240735,20337090.211775668
573,19059778.358926978,0.15555280382013328,1.568315143046593,133990952.82948756,132225408.23551868,0.5393746198091657,0.14220109845482523,2.976342456134109,3.140766280197092,21735651.656482786
574,19201925.607965298,0.15517386183009996,1.382691303932673,172030763.49660286,164079066.070039,0.5328866124961498,0.1391524644306743,2.931048796157591,3.2670887814889578,23247020.26037509
575,18735272.189034443,0.1470118149613692,1.1800239409150335,190555230.98381796,188689623.72337916,0.5397410534887057,0.13112324926485108,2.9795358672114345,3.3058297146999602,23990563.824810375
576,19147074.354009505,0.19125187107322145,0.31474005468151434,55521820.30075716,55461748.82281486,0.5164691242608601,0.18176341145366412,3.1768740331512717,0.3263772402548098,14528154.339946218
577,18816803.584407546,0.18361302192281667,0.3856600288345815,86039481.58347258,85436793.52210598,0.5330280953444076,0.15875548283316548,3.197006395772332,1.0655863563256482,18897314.83941567
578,19919515.86166713,0.19814798218770652,0.007468467317840635,119922125.11094166,119679862.67066245,0.5649675901830726,0.16903818866545903,3.054405325241346,1.0776006627212205,19975091.899265632
579,19152858.0446056,0.20127261731256096,0.25332530899848477,134734015.69451153,133073021.36301914,0.5370689066627105,0.15553538196182265,2.9402811913114157,1.7508033949998325,21640663.776845757
580,19493767.43431287,0.19676101371342045,0.3332694826097989,171745774.19037744,168666090.30892104,0.5485293119217428,0.1488554104238116,2.8044639261428794,2.2409807660027,22898047.27561991
581,19891346.39424992,0.1673229958128587,0.22091788206488905,185385973.9844795,176644270.73758727,0.5615355763567897,0.12596779460622193,2.9020597436921354,2.0170018383193904,22878597.29696951
582,18923939.705169477,0.18804421690855289,0.7500034569452156,61482786.53704374,61342825.5685116,0.5317741610904441,0.1694177430540208,3.243080703730552,0.8770393866979703,15912017.590383448
583,19555909.828612532,0.20463615211939246,0.8605267835364756,89754635.9343966,88785929.3386162,0.5460034956634876,0.15988437029975971,3.059160127780117,1.6375572622752195,18603832.845888585
584,19057132.276018508,0.20212941473908425,0.8203136728093066,103088774.73307264,103007294.66424957,0.5216175929245379,0.1532311906363985,3.0155892078860354,1.9249313332055817,20117384.629079062
585,19717378.004182525,0.16727902254420166,0.5070983423338018,128149619.04021303,127798001.57311292,0.5594586957529042,0.1297611614901077,3.0027278317961805,1.8579338031872692,21091726.1601276
586,18711291.926303174,0.18994825105913704,1.04035398028742,155362244.64302018,149054676.81721708,0.5189067887786055,0.15454998276991272,2.8854684752864093,2.90448280636311,23054946.486987382
587,18806980.804719903,0.16212636841903433,0.6461151619399634,186989570.879255,186166828.5216686,0.5610083574397076,0.13593511791216473,2.8867886880200295,2.8352614798991347,23970768.91409166
588,18822484.636266995,0.1945449719586423,1.383922742760236,51475906.66433214,51237125.357764706,0.5025474375652527,0.16973264145152434,3.204872937734548,1.3178042100725338,14238265.74203312
589,19775041.899525736,0.18347415615724208,1.5610412537348546,94158695.68659471,93625705.02928367,0.5474469456247146,0.14998918448224396,2.950221275671691,2.4771234068034476,18613359.724105306
590,19455376.105109073,0.17343004742670406,1.5692592991146288,107850282.33977075,106516781.66056152,0.524732660930473,0.1470726049541533,2.939736109423684,2.76021790365453,20039579.903679654
591,18722583.13259716,0.18168026467992843,1.4922799446437491,129332987.43532364,127615146.49343051,0.5291612350099398,0.15999119998423997,2.925595473905734,3.10500428144395,21892572.198538538
592,18930563.597823165,0.1731142419926259,1.4947323711815452,162007193.87802625,156707878.54098293,0.5317552100404682,0.1543594877710807,2.921311462314619,3.3547369648227146,23126061.25585281
593,19710308.829160705,0.1956738495257646,1.325824217349315,191618462.93275613,186920363.33348778,0.5555773432258838,0.1676316876240082,2.791188050853648,3.36714883568407,23201367.012201235
594,19630181.923074294,0.21073850802973645,0.3049323267057837,50950922.868990585,50890556.4783991,0.5118840590101061,0.19997960890228444,3.1176205632678293,0.19599616745411377,13051770.583360747
595,19901563.074387223,0.22511634827674157,0.11158694223899232,80474497.43903491,79372454.52149099,0.5575060634583952,0.20935401561613642,3.0575790411612824,0.616862514604016,16993612.537210174
596,19645908.749337714,0.24394798475624652,0.1260493439763038,113268659.10712934,109882392.59477767,0.5601214978988089,0.20181061796054237,2.996265995086275,1.1677092522863441,19781891.07032553
597,19353548.624929916,0.21185519528388164,0.28611763560363385,132826944.01559487,130870142.26651467,0.5453314381967401,0.1633447129894913,2.922684533857881,1.730323844547527,21330745.954992447
598,19551923.55394986,0.21902510523486518,0.38481480959403747,167741248.48823977,163360937.0804647,0.5650421493576155,0.16398012162798178,2.77601154223968,2.224994302390418,22367807.258372933
599,19396819.476604864,0.2095535621052742,0.031286530737481645,195812617.66022268,185698151.44339,0.5879242793097741,0.15606184340680546,2.8240450867888103,2.022709461679946,23417836.03267021
600,19436001.175911166,0.22456504470852579,0.7443632116686023,53552155.74497555,53055292.77920862,0.516611969887887,0.20498306610775874,3.1352578615206332,0.7044786570913607,13982226.888806265
601,19961325.238507554,0.23455688115816284,0.9672549402779917,77997000.31061353,77772881.9389633,0.5359429729180573,0.18782656365834344,3.0250869396113558,1.5145144222433933,17063255.11970813
602,19552101.461959213,0.2192185432603334,0.4839855973351645,108829158.80287442,107714890.71481441,0.5445470274990765,0.1702179427819572,3.002159204528894,1.5295481265118285,19816359.872990724
603,19555162.271084517,0.2246736866816036,0.6148389754062646,145876853.3758195,141477919.255028,0.5489802444321432,0.1729375805412483,2.777134992051972,2.311348283452638,21749612.16317162
604,18713901.613786142,0.22381188628509174,1.057441768635854,155451064.23476934,153679652.021394,0.526519236675327,0.18173381051426235,2.8084327759523298,3.0204379214064025,23091766.14480953
605,19374850.677825898,0.21917192335503657,0.40859949552215535,191926793.89298278,188075904.1219619,0.5662293569926096,0.16559470247575117,2.746433474397244,2.4965837778850712,23363739.213398144
606,19310402.490022738,0.2190666900031242,1.2772169998970586,53030757.1748147,52567582.120517306,0.5096320461051925,0.19005669150166615,3.1396617663484125,1.2498752223133476,14076981.071865968
607,19560103.522171598,0.2224359635535979,1.2694301773210468,66300779.409351,65972492.73493227,0.5344915892103058,0.18093406759022373,3.076309507296749,1.5882559219476036,16020850.518576946
608,19759681.29851518,0.21601423006441406,1.5321112833358264,105642547.01527035,103272145.89309882,0.5340577188281216,0.18144367631401637,2.8416341753705034,2.72368511977397,19523178.387421735
609,19464491.396284815,0.2515000266519704,1.5266292536842712,126066175.96672909,120724942.09025721,0.5342795678825709,0.214921424291332,2.779439084897955,3.02678548104237,20910670.055767417
610,19412792.428498574,0.21835990693001048,1.3315842049419133,168916541.0771172,167031279.15736228,0.5408251559063888,0.18786811203355033,2.780503047236054,3.31161572008302,22835814.74045811
611,19653171.09282855,0.24426347704148305,1.5540613541218304,191106697.4221405,181451556.96519688,0.5406990755753813,0.2094007186164949,2.7548077985079424,3.6197894693482695,23231268.421616264
612,18778190.821530513,0.2901263640348326,0.37629587713985346,58349154.9442337,58296051.10246136,0.5386075778699896,0.26803206269178464,3.0484615415149623,0.6024606559663769,15125597.321090076
613,19489206.801057108,0.2839834902910351,0.2821827895210398,83082832.95643602,82323016.76760712,0.5614470869260663,0.24891845040362073,3.016725828381339,0.9194956112778376,17584620.33622198
614,18923893.63315576,0.2656880271019338,0.32238388986344874,121771212.18811095,119462961.52880324,0.5692376197966803,0.2009445768599113,2.9229258559796585,1.670078595151741,20889268.017865352
615,19201917.38420658,0.2931916308737225,0.15141209032665398,126576862.33725494,124147054.5660302,0.5751774150241848,0.22506176869356415,2.9020938598178083,1.5171362402954105,20827563.487661418
616,19086220.333020892,0.2580478378783689,0.24089458085458648,176239002.6659805,171370394.4178731,0.5580216570420237,0.19097752449214084,2.733581805037367,2.25510678912119,23200715.422527973
617,19211438.391101938,0.27161749027453214,0.26415135482496505,199307324.86037016,196803938.80891457,0.5846732095084469,0.20266171329107463,2.652233903605669,2.5171563148936604,23536208.158458527
618,19386962.60627774,0.27965138701960807,0.4574691705044476,54462074.15356754,54343577.699659646,0.5287068163611006,0.2598543417683007,3.0438267238911694,0.5385588750307337,13839195.009792572
619,19891077.143275734,0.26940004112910093,0.9067939791718032,86128733.32423423,85826741.10977373,0.5506015811808863,0.2107392069068124,2.9521200524405984,1.6243677683651259,17756181.138492085
620,19353677.99982626,0.2709124877394207,0.4418371754077719,107825796.08121192,107489779.90110181,0.5500850772625834,0.20875077831057268,2.9260000783206532,1.5666223081607797,19844108.25035096
621,18964656.40552973,0.2580647841087794,0.8446692747747302,151213086.5181886,149684265.69077435,0.5311636060875663,0.20289434536534495,2.730228150883079,2.7580101989404144,22491153.08373306
622,19886610.260692626,0.25843244713359503,1.1402653034646764,164173481.72848472,157165030.3576971,0.5267904347558217,0.22011037431167288,2.6788381543642714,3.0727158923749793,22206687.100351088
623,18785195.742435034,0.27703628180563056,1.1036206003013502,193598441.8429286,191854955.06006747,0.5652959629037418,0.2356918237192016,2.7112183697817462,3.4639241087582096,23970204.67033185
624,19490638.340115495,0.2932734454870668,1.4515479079373796,52306527.23599959,51856280.72596879,0.5130452730283974,0.2514270430154918,3.026294094187272,1.4851752333827708,13633181.433263853
625,19876141.735255033,0.28715334299645207,1.4235201173028011,83422242.58766335,83272476.4727165,0.5390591794944908,0.22919060607750838,2.845379132597415,2.247038882898755,17553466.172954522
626,19921144.410021566,0.27921647362910273,1.2137361935462885,102906328.19940066,100655126.4515842,0.5525721537429504,0.22131156338265037,2.7838588688759485,2.370097562372838,19085162.31428609
627,18692421.243505117,0.2785497710673393,1.542778870488342,154190320.40602,152899547.59608707,0.5264030533092081,0.2397166109151105,2.7710993914725517,3.5513787084903834,23108176.837876663
628,19557459.338808272,0.2839983639891006,1.4224291278959684,177728777.26965195,170225537.00276455,0.5324249277682273,0.2441087785003526,2.7013007287037594,3.4888508202506756,22971281.89060684
629,19732153.438259695,0.298651358642014,1.293148378824712,190685530.59555843,188735294.28954688,0.5616141957064149,0.25995785086314405,2.658194470669817,3.4800809360869374,23015142.51748381
630,19922508.721889295,0.30059415014294066,0.2420934613576411,53250112.57664425,52784418.51324429,0.517894290337835,0.2837336192852994,3.001187226519742,0.2672673026719158,13075183.49437928
631,19210351.846408326,0.31931366579905907,0.10839289228114916,78576668.85581188,78442203.02327129,0.5541025327420345,0.28804777542088156,2.9821443712077214,0.7648135770180163,17460420.02905354
632,19635519.372950718,0.3123638651492327,0.11546617356499614,103080053.12572624,102886450.2615279,0.5599327825155859,0.2597846311885134,2.929956790453574,1.149615687996393,19219650.66601391
633,19876859.37797918,0.3040957245376439,0.2240796783659388,141125864.47864038,141058856.60158587,0.5731398144637466,0.22562635983805276,2.788701361910172,1.776353047723953,20917954.423627865
634,19978327.4028627,0.3167524663252692,0.1581047025426322,160731182.25193372,160467840.73777568,0.5529573944322158,0.23568398899685566,2.7013219683088217,1.9579344554144673,21854444.28211832
635,19257207.2035636,0.3107443048189794,0.17732683068134064,195097632.15925932,191979844.24324718,0.5723982443073693,0.22707838127107186,2.628895348937937,2.385323103425732,23191907.847046554
636,19938020.5357674,0.3009930740206887,0.5362477528473294,62647723.246040694,61860465.20088069,0.538919195234676,0.273514826971692,3.01559838495947,0.7405711165171425,14737686.362263072
637,19640903.211093504,0.32154971560338974,0.918104712354481,92400060.56178789,89688951.91262521,0.564506813524636,0.24816780346935782,2.8683817564912366,1.7977448812413814,18321481.262791656
638,18790563.31766972,0.3014756371449243,1.0253952799249708,120043202.28889203,117538725.97762908,0.5431345810839007,0.24316440199025388,2.7125975811475875,2.6577077744494737,21246867.929809958
639,19309104.103535917,0.31677901710975076,0.9634460780899687,141709688.49561647,139305233.76318264,0.541950875151375,0.2559468095793736,2.63970646661211,2.781937301957625,21723491.188709524
640,19264659.133665733,0.32039514426584303,0.887259442368095,181745471.51985115,178980454.68153068,0.556094700890787,0.2603794998806621,2.601093813428247,3.0498513598401447,23022158.8163461
641,19998827.11753435,0.31217831078019964,1.0329078144606805,189927758.2678989,186739841.30269906,0.5764829092785227,0.27280670419406505,2.5748284895585125,3.1783898240629864,22759901.421892986
642,19821708.05182513,0.30283532930454826,1.5317850500671841,58555400.44125592,58397737.590751484,0.5199899779349348,0.2537338422298111,2.960549656439866,1.7656395369337496,14506011.850987278
643,19796140.202628292,0.3219568258890057,1.267828551775028,93285240.31332655,92452270.25200194,0.5564685079709748,0.25512081709265433,2.7718075029932994,2.290195556731793,18486614.776403148
644,19377221.960555397,0.3032335166187338,1.2462238166016104,116244525.09703344,114455443.34644423,0.5358239857186146,0.24377552966846758,2.7272449848278466,2.697769160151119,20431100.12987814
645,19216898.04770299,0.31363921636373676,1.188954587533176,127860041.85753167,124710273.2667521,0.5501465310553751,0.2544177077913107,2.692619841027575,2.8135638671618293,21066750.623683058
646,19577339.31240692,0.3133604759779071,1.211896398150692,175480597.2445714,173066399.7364236,0.5553241998384415,0.272998511261954,2.6324455300770175,3.3160042291100096,22754379.723889124
647,19305748.090753525,0.3000716167467266,1.297320134960509,195771073.08151436,192694374.4196471,0.5609233034714657,0.2551469181253568,2.6853596520743395,3.558212830536223,23701670.614350583
0,7915392.834903007,0.08804311497468338,1.8335206556705226,62999910.2452302,62303832.28772354,0.38831812165580354,0.597723516070514,3.2857176058332747,0.17251742492962727,41200902.865147635
1,7607545.383175877,0.0979036846579103,1.8416382510491622,83944728.71239798,82492459.13899466,0.37292385319582033,0.5689190895807621,2.8372265020150276,1.338334371135547,44225926.29828066
2,7389658.843140061,0.10307654664237455,1.783342353225404,101614034.10944271,100893885.02126537,0.31840006545433447,0.40952946775826793,2.257530214134456,2.425255103750686,46086112.218840465
3,6972911.328099371,0.10559167674957298,1.7488357763381592,130101227.13945536,128986578.17030275,0.3545085879046143,0.3335696095360443,3.4747308305987694,2.3800998850184487,51011700.0999576
4,7593559.55136887,0.09378628786702818,1.925225969906183,181229384.26146215,178173164.97953647,0.4078608967093277,0.5403974408771209,2.5857968577013004,3.5126909863812776,49721012.58662147
5,7842261.159131218,0.10817204233373887,1.9368294694043768,194982548.42006776,193558308.70816314,0.4302730683205442,0.4970320698148968,2.9829087922927924,3.05244575535584,49295414.159574665
6,7992960.147990607,0.09588010382316012,2.3176674287115353,62019352.60398857,61814604.868820675,0.4388235592919536,0.5425923936895384,3.4573848102645948,0.3919526775482622,40634065.559447035
7,7512456.593185126,0.09529434777094882,2.4272010919863263,65932012.63869609,65645097.47893969,0.40021355108837575,0.5157393114272928,2.583600953421521,1.6792769272270334,42713142.07420494
8,7585776.664189458,0.10570901697981067,2.2534687697066955,107794836.82423718,105927193.8069722,0.2780864534899317,0.5178818131322628,2.65836270953489,2.6078504802891347,46458905.30979871
9,6905831.870554122,0.09633179694820368,2.447155871292409,150819234.28967932,146707630.8702649,0.35136076731880994,0.44317799202338526,3.251061221174513,3.7827211397756475,52246394.3445687
10,7339688.564262454,0.08967361560341434,2.67231684226892,173561231.8660042,169448064.88053507,0.4722424124804061,0.34289143428994434,2.041390081689928,4.8169230140712616,50185103.63863242
11,8135475.383177725,0.10943318219789158,2.6215947094149388,188525633.62362638,185684025.74327448,0.47324339736333504,0.3740310836754327,3.3329333883454,3.167756538850126,48003127.19307841
12,7013735.242090438,0.09026295405948997,2.8707476319928684,50920404.71894294,50640406.83485059,0.5177982649234709,0.3217723935807875,3.7932472256643384,1.1015634426451784,43248853.38143723
13,7556213.311635717,0.09857000163434837,2.959800878840336,84575410.60958904,83719275.67822886,0.27457871880181267,0.5434489579712166,2.552268329300452,2.8526073103860545,44654938.416782044
14,7043208.1443628,0.08892733589466564,2.8997794836630693,100854048.98535576,99266885.05879748,0.31356876294543684,0.21284716758573957,3.6462734051471766,2.89722887764933,49303714.33534811
15,7575199.2908886,0.10868605782302458,2.8732576456318863,150477947.5733007,149947405.31958646,0.375290072316158,0.5188959133733472,2.5610175213235973,4.300469927184805,48670461.60751711
16,7484399.299774999,0.0882881344895368,3.0574559460636563,156011327.6002571,154565864.0127704,0.4167981521576389,0.5000623755866269,2.411586641416707,4.653046529453833,49020661.4346277
17,7167487.738741974,0.10574652458557239,2.861926973270511,195327464.75938037,194177454.73355108,0.4972963998668083,0.09867604485931965,2.632318722171753,4.9800703285179395,52390371.31653164
18,8185591.84135252,0.15388411439394817,1.8214784076603017,50950644.79118498,50881830.37796578,0.501208634921069,0.3671207296676839,3.4640099526343286,5.669097408631434,38239275.397174105
19,8024793.012321121,0.1543068300979604,1.8625366105794492,66957895.58764339,66851477.37429556,0.402734289341354,0.4748459925522754,3.3702461050358794,0.13866010612330557,41200254.10769172
20,7257381.2087588785,0.12125802551601582,1.9011209833677924,121845107.91680722,119069132.97764091,0.33733300986353193,0.24659892458794425,2.029726563956089,3.386235860240803,47945545.920494206
21,7602486.819630989,0.11376894056062437,1.8864996380159709,149658728.67585889,147912447.08397505,0.3386837315359199,0.5226780435126334,2.651927077301874,3.021910458277369,48481986.40996812
22,7068014.121645007,0.150130109363151,1.793119241927456,165574251.47678226,159767204.1274873,0.4049830464197174,0.1825542416059442,3.2922388872524606,2.912964462373237,51738949.78420146
23,7673431.279696004,0.11849045837014027,1.9512218607746339,196960514.57234052,193285329.4431044,0.4349647203306793,0.5296233340718998,2.7435830865105197,3.407917102057784,49808634.40719931
24,8079621.675188087,0.1288865409016283,2.745019860085212,54363510.09428631,54328505.95904384,0.5186992568080171,0.47583625561708515,3.5592507287964548,0.3512927682166303,38759215.41942196
25,7121220.664267595,0.1563625244992245,2.579746964283221,87306477.96980806,86681277.50957343,0.33110642953162966,0.14353588802582706,3.0810654453275537,2.7045653982486373,47752425.93408337
26,7205487.98482097,0.15705477238841234,2.7360769239301743,99693610.80170397,99440666.06278367,0.34941176957486086,0.17270588925388305,2.433601054408733,3.7204017376934813,47972852.87137818
27,6899034.065120476,0.11236471927762583,2.395715301009666,127272522.17125607,125800875.27214071,0.30677017598663897,0.4235192724724665,3.2486816807738643,3.3356945626546124,50934856.487275496
28,7908506.24442407,0.14109329921052655,2.7458109300266957,184857648.23061633,178227488.81896296,0.3816790673502287,0.4382755514525429,3.080809447421183,3.598212184154023,48302887.73695985
29,7858267.526175175,0.11682478427210859,2.489845476011385,196175798.9101438,185507434.18034846,0.40411322491292145,0.48952999554002785,3.034161872710363,3.545403150614139,49262933.08956461
30,7960633.157532211,0.1321468377116205,3.134102646408457,51236483.30136418,51071873.98665596,0.5615858909430037,0.5248622003438757,3.454933678633375,0.7905213072819375,38564121.18869687
31,7984821.846224313,0.12935953180112345,2.8307947542425356,93356016.41229294,93065899.96223581,0.3494230859262916,0.42061967140565526,3.3508143542953177,1.7377902060964954,43962214.545303985
32,8183808.068014037,0.13890285608176425,2.8430666569482517,104306333.89833441,103997482.14352997,0.3485149386760571,0.3133452255459059,3.50742909069117,1.7579040990427395,44038750.32965674
33,7418192.991340108,0.1443918724500942,3.0757749418475395,141265908.5102362,140485126.12790683,0.4021712389140684,0.43173580105762094,2.3319043519325815,4.51957784172013,48236816.45307649
34,7923463.082065354,0.12003857586636449,2.8651797754398967,173175857.68149453,167075193.9755682,0.35182611598167046,0.4488666387592945,3.1007647484622223,3.6620917303223695,48207511.638865635
35,7206105.61655183,0.152523882096441,2.9151370706305513,196201713.29800093,190099374.22315577,0.48054605025645275,0.15318285923836478,2.321146420736056,5.131706080552642,51828843.21544857
36,7710360.829782028,0.16993125917513832,1.9723893766534326,50886717.977853894,50541442.33429324,0.49391842731146995,0.620201107701397,3.059106271452706,0.1784242917506659,39044321.53944975
37,7103560.6180193415,0.16518987383538664,1.9659505889513946,72074155.85412906,71935651.87705459,0.38693641225770653,0.1676330362658716,3.3597050647658895,1.2454318433099734,45993562.32267196
38,7856916.410382897,0.18198254183889948,2.0028311475156784,116436150.96457264,115821454.98656894,0.35455935414315076,0.44596226173613207,3.146339682026088,1.8254853865296945,45992684.49747501
39,7019711.852089809,0.1712902869115832,1.9232714704227678,137735850.92273122,134095355.34075008,0.3533405221891975,0.25274210088784194,3.3364225900926523,2.658241274037786,50800359.28415944
40,7632940.009365442,0.16081826701884577,1.896558257820046,160380234.0366342,158669917.35478473,0.35642493232742894,0.4913897689676802,2.68520291539109,3.076787525984765,48796853.45206174
41,7294367.784877677,0.1929915115147574,2.052912034909959,187725653.08849058,181611470.35296997,0.49206427498292465,0.2944240466711723,2.2215940553128997,4.0727408919167605,50193580.61170594
42,7750881.53843407,0.16412422533747947,2.7827835581995397,57190213.79992281,57037871.47377157,0.5196620305583581,0.5425660976470679,3.140029916788138,1.0175289530791871,40072626.49322053
43,7660980.188400146,0.1889590287455253,2.398264855270807,92701080.77147119,92506247.17106648,0.35604598548022043,0.4668655510493213,2.880183010668324,1.9607134259502448,44615400.168042265
44,7328377.253423214,0.19892974556573037,2.601886909086483,111806518.85179543,111063354.57069577,0.3494884950852457,0.322277291600104,2.27082815731292,3.613046422861899,47294915.05608917
45,7370586.265149647,0.17358629656651497,2.2859452137027283,147986182.38072288,145708176.48437908,0.36336511686779227,0.3653868723322992,2.2528198783520796,3.883828457677626,48780859.549262196
46,6908096.391035535,0.18613238490304448,2.2468777794222774,159401146.70881245,155942339.70641628,0.3672699439958501,0.38740682538540744,3.141991408519532,3.6307263131353413,52070468.434217244
47,7128962.385663068,0.1607473663979698,2.171894571396975,186338096.72598866,181430959.96970466,0.462120987457656,0.13918038261465815,2.9165175765081472,3.8911331181600906,52152929.34007929
48,7346828.558876207,0.18526659114564292,2.944010515763194,54771299.4824264,54158590.33830852,0.48418059850660083,0.3499957121186233,2.3218943223074824,2.2238264734658695,41131769.70523725
49,7744573.215932605,0.20034058168324095,2.9365263769232164,66484576.566393994,66308943.15872734,0.4659822219936553,0.47326604314700166,3.0868268008395017,1.4063833515428028,41242536.943015985
50,7983464.145866745,0.17399217209239118,2.94881225985607,106832947.94966547,105904409.82418817,0.3453220740415222,0.38684693579491547,3.2369940581279755,2.1926153805153152,44536711.78204911
51,6884341.122724569,0.1887164885341701,3.124980611317529,141890646.98880464,141431706.00290924,0.3665165871557555,0.43116942279202664,3.1094250898152973,4.432805076016262,51651455.50012321
52,8081422.233551434,0.17162259028606183,2.999584860517302,173499234.7458604,164735008.35327882,0.3681572145632126,0.34735026276778763,3.2329288097755917,3.280659514875735,47268454.74706624
53,7645768.664984736,0.19860362457145136,3.100869321205882,187917478.06474185,185053500.8350856,0.42435900721464886,0.4613979192447934,2.728967630664638,4.4278138412510435,49082268.28768467
54,7823501.475753506,0.23653075168915977,1.8455726264208772,62928567.860160515,62276987.67490517,0.443725920893574,0.5136522598655827,3.155281809053835,0.2606040984664477,40674499.869489856
55,7412694.515183531,0.24197924187080463,2.022363354855821,91727769.99475849,91596264.06190524,0.3590263160756417,0.3709526733070285,2.512335213364543,2.1028740465275524,45157380.11903346
56,6974163.042242592,0.25183898827447215,1.7733396259846284,108891427.22618037,106752642.86510548,0.36872318723308545,0.3122549634724292,3.194016209581289,2.0674764545106563,49483524.23373177
57,7991451.749513425,0.2366689775970149,1.9819292719232322,126434232.38194273,124111678.49175934,0.3699752630745126,0.3653399583034633,3.20581977102979,1.778862094606517,45849903.18248169
58,7104043.9364957465,0.24417920872724186,2.023970079791776,161712205.46059665,160689309.80016285,0.3904799380854174,0.20347655916038437,2.930716989449091,3.470248932044544,51105188.893653974
59,8160873.578526062,0.21712934288305658,2.0527410274521323,191392392.5541028,189955381.63478822,0.4111939884825304,0.29835555846655853,3.142973816689914,2.636208254763732,47592384.849002264
60,8049633.278791737,0.2221008035724212,2.1118539696009733,60710848.18819343,60632752.052353494,0.4787023934453232,0.4333018956186632,3.33950589198386,0.1803360710998804,39845654.97051209
61,8013422.797465961,0.21291785269892965,2.372651078496392,81862318.53550555,80756764.5506934,0.4298017436663326,0.40485102371490816,3.362755618929658,0.967805572481455,42391168.49804061
62,7462066.915202224,0.2148337818244309,2.367645520481057,118612803.9194161,115471087.01779093,0.315753875040301,0.4131359101157377,2.459237667380431,3.120818608175081,46999551.67395054
63,7616484.154497673,0.22606668204861702,2.2247261194828507,142707360.43713382,139691873.86580405,0.36180944534828174,0.44822646977106406,2.7077757794035198,3.1015794805965786,47671999.66684635
64,7146181.694806639,0.22020078152885264,2.3590800563111904,174011006.17906246,173734285.68398267,0.4371846798333418,0.17760940423779925,2.7950280705814077,4.110254496887461,51687569.83919825
65,7578391.808296516,0.20707647294784612,2.454307346104651,193700887.2816914,184945515.86584574,0.4304365562011836,0.45296380933949426,2.6060293893876585,3.984398162685567,49511285.08062204
66,7761184.929391081,0.24381994528632375,3.080264619615971,55188207.03478512,54527127.347945124,0.5474241706191754,0.47128354348226814,3.1549811463147375,1.1352478567192426,39233850.40123992
67,7168139.442155893,0.22611592116704007,3.0240272537803783,86119053.59527399,84517019.77872078,0.3589924101960406,0.20766752141089234,2.6856081288685334,3.2456422641333975,46739877.52720858
68,6933806.325271857,0.21389263762371397,2.824686108871283,115528431.59734765,112079172.98434104,0.3291138686880097,0.39298087592927505,3.134200675520639,3.449409984542095,49932223.75937189
69,7935974.982298125,0.2323257178114872,2.9783746423893396,137615964.826908,136801559.30351195,0.33191210968738255,0.3715549453465804,3.06836648966118,3.0704032616990173,45915869.034357734
70,7435338.176562716,0.22164625573215485,3.0224454614798666,161886821.27302343,160989815.73654032,0.40825944114023105,0.39042150622523764,2.4215364633877083,4.546693975374239,49035293.548383005
71,7990799.017061969,0.2436313973650425,3.092711161847207,198279946.49541187,195827604.21706176,0.479285999374228,0.36396190077068086,3.0597507489042766,3.846654697791074,47984703.770387076
72,7083975.598350246,0.26253421782478403,1.7320455751919566,61248072.623056084,61163017.38120694,0.5093569579509013,0.25986570413245264,3.216229132392385,0.7181294043975531,44066077.790853545
73,7419167.382562065,0.2534248626855886,2.0332600104527403,75570667.65634926,74223951.6741133,0.424501018614309,0.3871603833017178,2.6450459636039394,1.4710433941135674,43551527.56454673
74,7188803.2828387655,0.2535482842163384,1.783499467046331,95463237.53635824,93703077.03931576,0.38111260635957367,0.20984615344500976,2.618691931538821,2.031276048212995,46720386.57874325
75,7264398.485077606,0.2889809296616266,1.7857308386922104,129360830.22096361,127473580.83246799,0.3532595844636235,0.2781301324229643,2.452766466659619,2.8521893045413225,48184609.68871593
76,7347897.674161239,0.2838992657245102,1.9963313800107358,183606147.2155165,173492900.8275344,0.4461701179421512,0.33961229416000377,2.4263292183301703,3.706074986126782,50040301.400315166
77,8131084.167531365,0.26004912140313974,1.8599253127223156,196989897.18111512,195031483.72020823,0.41269617444572376,0.2887965913084473,3.0605415570506915,2.5151312048874486,47982193.260929115
78,7489698.963513285,0.29264984570128566,2.2836019717637974,60845360.067375354,60118959.667835675,0.5041557921769407,0.4276237448453109,2.8554695475354746,1.0728805245891406,41377337.67091688
79,8098430.213286114,0.25833243033493336,2.6005632537419796,69714336.632522,69497578.70041782,0.47477539593236495,0.35535294419639835,3.34394839730356,0.7775499588726783,40560658.5172271
80,8054320.661639325,0.252483794094026,2.4055239379413216,101452522.93165135,100411765.116789,0.37575968063965387,0.33541982292953865,3.263496158600408,1.4888752788882298,43875163.05729748
81,7395640.381538049,0.2954136125277752,2.0900548312184384,135567271.0669516,135106911.5480086,0.3538327473141729,0.35892465686077135,2.5117208868510836,3.1447114253292794,47888044.89051002
82,8130574.82196178,0.2737766151378576,2.1193314853234155,169941474.1630868,164685438.2966729,0.41345878895246974,0.2904118437779239,3.0661904562371087,2.4894742095397566,47170548.16650262
83,7861373.899707007,0.28497766719918716,2.4534735675336603,188517084.62771305,184287395.10650605,0.3928226605081639,0.36665173861739747,2.91319278105978,3.2908464641851323,48265075.94361468
84,7281363.72370532,0.29405851312659376,2.9022203740005335,52573135.970935814,52461045.82816049,0.525606775185617,0.31583660690250137,2.6031401506259435,1.8926566396953883,40897039.479485825
85,7975953.810722263,0.28677292901963986,2.95561512303994,93209389.26786292,91185743.60107909,0.392534461186112,0.32914437026085763,3.128020399457449,1.8755655012799888,43024744.445684016
86,7463674.677335461,0.2740656012865361,2.7991583337216768,108118950.59772883,107819906.48594277,0.32107774829214974,0.40158554688636305,2.5410882551494476,3.2456398225466936,46072771.85963616
87,7448092.838479249,0.26581772301631684,2.9920462602322613,145184022.8536095,140768080.71873495,0.3771374786069901,0.39464866257729103,2.5045019150449326,4.202467730254335,48202127.45224828
88,7553353.397015218,0.2872173212495024,3.106193586010432,180240489.1500977,174114504.05750173,0.435695524982854,0.40746952178065404,2.6561545862144342,4.367016952640404,48647280.361743525
89,7983870.963438367,0.2950597379033976,3.0082901405622318,186406646.91666126,176615339.17756096,0.395823496455282,0.3275645355069632,2.9856812781413873,3.573737308348114,47263946.79351224
90,7856934.607967557,0.3200371909457717,2.0045195187272653,57606887.3772405,57352712.843099385,0.5105055367450101,0.4483097938435437,3.1534513545616867,0.22620875789873068,39513882.757236294
91,7050991.23038176,0.3171133291075222,1.8370325662672142,80136232.68036091,79801658.216254,0.4308983621312251,0.257956494726428,3.0773052164166406,1.4785407814169151,46644476.286531225
92,6906535.946432427,0.30775722145317524,1.903162889731264,114605103.59466808,114199174.81032284,0.3437916186153195,0.3408445871493923,2.978233138003285,2.6560962557158274,50049259.38451444
93,6943102.486462445,0.30905781031116675,1.7288376334822098,143193803.32582515,139087125.5170211,0.3502836823975671,0.3064576869996079,2.9947184274801226,2.8556108296368783,51227554.615678266
94,7914475.593458402,0.31347695060905156,1.8022156569443297,181027847.06853536,180295196.9906085,0.4190748533307982,0.3441441278006892,2.9291217673954826,2.628059323534161,47802797.87086901
95,7019376.93133748,0.31361120621542193,1.777393677869957,190269828.2769942,184444717.11816138,0.4390447983350741,0.2727942816557763,2.919559480557396,3.4431918043640852,52340210.51030449
96,7574326.51731918,0.3064902121520203,2.769559601433335,56162799.83762116,55797324.86797844,0.5403639198819234,0.4312320268836124,2.959146836934634,1.2183805075685292,40040092.76778662
97,8154548.05012854,0.30422403859021746,2.1230374047387626,87847585.95884341,87366653.57459867,0.4178396504897213,0.31036264525694973,3.1776869349566326,0.9636935078392576,42363981.69968653
98,6995753.5085444115,0.2994974628275233,2.5419470093639656,116176713.18667318,115911598.10396051,0.34791187782713134,0.289619768592478,3.01546755086142,3.2534094037305406,49700151.079917446
99,7995539.574095949,0.3087976436221443,2.215223524609143,147854119.00464547,147525029.9787754,0.3785490640981011,0.3128380222044641,3.019858832859342,2.404789527249769,46501579.944113925
100,7005449.068123798,0.31937989360760194,2.191561826995424,167557472.04817495,167133234.2485408,0.3844733616169391,0.26557006410182377,2.907077263442439,3.754316195317806,51846525.43947539
101,7094632.158943029,0.3220412042468501,2.219206528138434,194140087.20033625,191512638.49301404,0.44452164736007743,0.24173767098833474,2.763159032883572,4.080294847029729,52310926.40129408
102,7620443.447046355,0.3111337863344101,2.939023082773748,59803062.310495466,59404006.652909584,0.5139077399611806,0.4147529107609173,2.9733606031590756,1.4145159216267456,40406021.87336865
103,7396240.169175668,0.3015123083112455,3.11187912087729,77178277.94279169,75956375.96230465,0.37864296697323435,0.3848985422026589,2.549408435651859,2.723088366401253,43727617.36585587
104,7402594.690206586,0.322256043320553,3.0366627168010685,123472327.99702652,122150374.75365637,0.35154928413743225,0.37481211526256925,2.585424537420316,3.804488652788904,47342513.20906064
105,7134331.065818445,0.30380189488551324,2.8347330207812282,141005988.14147604,136575947.75238186,0.3978040563081831,0.24251795104737933,2.792880559344464,4.184760673621085,50448907.47756859
106,7626869.978197154,0.30211388013597246,3.03140665468928,180690211.0334015,176902847.93186873,0.40505713498816664,0.4021187698588768,2.744097538039182,4.141984907792027,48435667.05572565
107,7294372.741015863,0.3129511131047757,2.8070020157766815,191009545.2589357,189831847.77053392,0.49987129027685634,0.2918057802651624,2.495197331194972,4.636328434712317,50491555.61988366
108,9988734.031761952,0.09728737350944983,2.0492065173819283,52138137.347527474,52034393.968247004,0.4365668882216886,0.5796562453827457,2.9870318646937193,4.689403206174937,29912101.40959229
109,10135868.402641732,0.10490285975191456,1.7921034154635693,88451593.2543137,88093394.82790487,0.30524765376223945,0.544244417191592,2.946362220485811,5.68183530976613,34359527.52609075
110,9385390.843160052,0.10783857534572858,1.7579233619603198,123940946.16850778,123834767.07256846,0.388033706027653,0.4900181881525641,2.4108786018932316,1.2969025139814396,39152871.45914514
111,10226976.968231289,0.10247913218486325,1.8560810722488776,127611184.9027422,127297244.95519099,0.3481403430667939,0.5447426980812377,2.9613532892485983,0.3316751175733737,36563050.41156806
112,10181886.292311657,0.10784423614052246,1.8392738190684697,175164433.91451988,171991073.98733574,0.4427612716889373,0.5393188959802048,2.9202726418068745,0.8915977252000806,38491993.83258481
113,10506072.009758763,0.1013981887653862,1.7871441310748815,186059958.50209814,178863420.66642308,0.4396619650898838,0.5288332410587566,3.0552823079999305,0.5192312207214901,37916551.54823919
114,9910242.631251995,0.10074485739296724,2.3859484535710664,50425243.461387284,50239589.12433878,0.4276592087422232,0.5820881932028703,2.8911203774432686,5.057022996261978,29712005.27594029
115,10250355.478403015,0.10624024348031746,2.301873366636067,82357584.49653578,82163988.1749493,0.28256007552991136,0.5447710636578958,3.006551090781808,5.869592610363439,33235578.11362235
116,8938657.253207712,0.09802054141191602,2.6596689885569065,107216717.02763128,105285429.4995859,0.3493443274412174,0.30264231788695983,2.0573828257640274,2.267904015039771,39462156.58553732
117,10258805.999478815,0.09055322298752026,2.628820399478103,150125697.14679584,144117039.38065636,0.4302584646309794,0.5500986920575085,3.027176250894413,1.215327327010175,37140969.41053167
118,8293792.467320507,0.10796316587815664,2.2187715094819054,166499434.15042982,159511213.98493972,0.40870804659983195,0.24586805993842223,3.5230014545449264,2.16971436641433,46916781.90225371
119,8375598.3026949,0.09628939658090058,2.4681381658951196,195952251.55752888,193444449.1953525,0.4753496755913135,0.1981428370282727,3.4809197923334656,2.7299301835890173,47310999.89093514
120,8519696.726211525,0.1071185780194242,2.9598835710250038,58210941.41190402,57565330.624236226,0.43275181309652094,0.12440971727021595,3.4102109204202007,0.49855001937242266,38110213.89265764
121,10429508.03620108,0.09767296915453663,3.0431366170561414,92251781.7958065,91776605.3346812,0.30702243125800005,0.5596612656394362,3.125267933956985,0.4822791461420224,33116843.016068846
122,8226124.482862458,0.10300554895770014,2.993218174008788,104286956.96574435,102932011.62934469,0.33923646775904276,0.2915521588726988,3.6220809081668284,1.8069802417860201,43961572.6182713
123,9473868.62445931,0.1098539196795584,2.8263971126379492,138485460.12169024,135985277.0361931,0.40350396547654266,0.4878714861468816,2.4619752507673307,2.3001434142603805,39615960.943413876
124,8710625.454742683,0.10003120034375994,2.9990271946479465,184584542.2075975,181405797.81786644,0.4471906206872881,0.1542716821203016,1.9869923855574734,4.134600279813273,44630651.60827034
125,9466341.820870996,0.10690693095253537,2.9650451639424618,187958312.14816654,186093595.82372823,0.4519801015473004,0.5037957353064797,2.3521265397477658,3.097833539712745,41586245.74161856
126,8249121.554133546,0.14288140161272128,1.9968134672927176,60299025.12108614,60125861.94148754,0.4525466656620193,0.3289821992266221,3.507772276584521,6.089579946364102,39666329.939774655
127,10538117.727081126,0.11180279511594798,2.0728738639566147,84521511.77107796,83398231.12060937,0.34067112008095163,0.5078569652825166,3.1882137561542834,5.287985902682715,32541782.140788473
128,10128517.406373363,0.11487486511316959,1.8008742869217824,109665140.66756563,107020448.5467866,0.29811203774408085,0.5366625629974632,2.909840057315417,6.261936650598575,35772843.421451725
129,9778251.566914711,0.15133194307680128,2.0284816332928526,132601263.22302525,130904958.58985505,0.3760918613545516,0.5150674786738513,2.695830303913533,1.1335006166526338,38140037.46308149
130,9648421.219214536,0.1408846901464234,2.0365321100464855,163856996.03643668,158087621.20133305,0.472478899681902,0.4925268898873137,2.5564924887712195,1.6828805171558745,39986609.143151164
131,9012325.848755447,0.11954837286252047,2.011020774855019,192719509.80763447,188359067.3270962,0.48345511667828023,0.3564936323013098,1.9465502816127538,2.9647955904859375,43365510.81363039
132,9181867.698531939,0.13390491159624673,2.475554642430682,54637730.308670975,54543679.717758395,0.4318515712071325,0.4902633299475445,2.37314556972212,0.16250026489782465,33053151.743708845
133,8392298.65959577,0.15019962174628598,2.7098141693548685,65426776.85201149,64740163.65176181,0.46457005220250863,0.233956240980922,3.5471474947582857,0.45794781900549575,39532713.00175081
134,10538899.656563565,0.1506889042732375,2.10007094149369,113920201.40984407,111634094.17546333,0.3444789032320062,0.4841974978064239,3.0843385404095667,6.125138389724773,34551889.07452616
135,10445255.475615624,0.14356543793750687,2.256146023103949,148678978.87818322,147850548.65145266,0.39421571188957505,0.5017750969770999,3.0435110747079674,0.7459989934308873,36785141.198123045
136,9673223.391006341,0.11621703241264768,2.5278613763168045,184928164.563816,179222173.00235638,0.44036415047494176,0.5074150022722788,2.538093199876232,2.2176637591294512,40502196.10254191
137,9467541.274803411,0.1486123539932811,2.6049178744290766,192818115.0311861,186699089.71280542,0.4513993663862849,0.4548441097484336,2.388173010401183,2.6498188026272644,41306068.703917354
138,9300822.85390986,0.15431358823043295,3.0123046789134245,54255487.80775005,54235882.94042067,0.46064767341314244,0.5223320781552978,2.538629882098653,0.43430939147352654,32456156.72302544
139,10539780.405898917,0.1411145910075521,2.809749893552563,90860848.93485749,89631837.98335811,0.30994524642542287,0.507859290962088,3.121677471607074,0.0247180827078239,32704669.72647018
140,9924759.842253616,0.12040007608912663,2.818541622859715,116957808.63765815,114454481.56924604,0.3751797500021425,0.5558527755468056,2.857097348563866,1.3148666658875405,36537020.83282907
141,10380615.739587046,0.1292639439443237,2.9902799718629147,133507199.61154872,133282130.9344933,0.39771251636164123,0.516459960561655,3.074670974056677,1.248596131950675,35956750.31680958
142,8937306.279026624,0.11625135152277352,2.9639808560468115,169693607.67359054,164257812.83060881,0.44102641941832055,0.3074472778028873,2.0047724921210395,3.6619068225353595,42664910.12399511
143,8938158.1197151,0.12841544214352407,2.8369843878378465,194112565.14428663,193007604.4968665,0.5043996239322331,0.30536676963176695,2.002993456856923,3.8326735652729456,43657062.39189525
144,8410560.006635314,0.20222718626586647,1.8383958053444902,55357962.0857455,55128552.34158002,0.4888196005814015,0.2298538117757617,3.201207664224916,5.90753405153822,37960073.354162134
145,9766049.530139133,0.17297570063604933,1.9533728870119882,70643211.73788512,69663578.71277991,0.3344540850334483,0.5094374080440499,2.7050783622953505,5.6293134240600615,33510250.661527827
146,9621937.578890322,0.20152167587948877,1.7529248817588405,114640956.30938995,114188797.48998399,0.3269121436993988,0.4754254026195014,2.6022098170316337,0.776164403434657,37700706.8100443
147,10609823.84371259,0.18589534605055216,1.7300875136872185,132972068.58543488,130691184.60420102,0.3639366088243282,0.4465326421895952,3.071206307419942,6.008090904957395,35473107.499365024
148,10746369.193814896,0.17820266730272327,2.067078720510152,167178402.5380865,163620008.7408664,0.408108525260375,0.44988940954110407,3.099059375558438,0.40715045927870425,36523104.84553267
149,9231709.264175065,0.1938123279079146,1.775484577999964,198376149.39230865,197901341.80512717,0.5417381887760654,0.39782832184265915,2.155852043448707,2.4250712432311663,42613832.959713966
150,10420194.427026689,0.15897519400295929,2.5148230525286577,55291407.09508803,54816838.18450263,0.4535252840359915,0.5071177910992174,3.194163505880898,4.756573818582441,28822894.094615094
151,8772088.373724181,0.16396496294443166,2.719704412871214,80437323.90270552,80313285.27246904,0.3821700246080436,0.19725990778371763,2.321678213052405,1.5765238800761272,38739065.210888885
152,8251549.529030153,0.18823242656771022,2.2024037852416334,104767845.77885339,103732920.83373325,0.355787313276656,0.2788392946570212,3.4238407082723135,1.2379499630602604,43886901.5589581
153,8926920.434848076,0.16281204296602478,2.6824778245381173,147483146.82480046,142326868.38302776,0.3662246962044386,0.27578448372498393,2.114297535707951,2.9688413825429967,41992923.90589217
154,9293177.053141782,0.2050719977641,2.7333376901857296,162173856.91573232,161293265.71529707,0.39405170674152795,0.3946718198493653,2.3469603738402327,2.77262740572517,41389151.990197
155,8535305.91494245,0.1791522926870859,2.5614535706698116,191558910.9472276,191065064.26393077,0.4590856481578845,0.15776764057894616,2.8103621781288144,3.269932402201388,46158652.712122574
156,9769685.892346613,0.19352830306409363,3.0882879344742205,50756197.76366186,50247063.15880293,0.4360322623597748,0.5723233813711902,2.7969720825739857,6.053632729354263,30122267.571786784
157,9715492.918781903,0.1594382677589729,3.060310985324092,66016415.06907139,65951113.99028207,0.3605516323709412,0.5784579080962537,2.768492469799828,0.44821492639674565,32885280.403880335
158,8535894.666857434,0.20012432096986027,3.0320015401526255,99239165.36187881,97934630.88405891,0.3396556945718127,0.15760491549498293,2.976350161399532,2.2425454475002295,42565241.58898735
159,9796453.191182908,0.17536617543056038,2.875223659895286,129040741.29706134,127201148.2427175,0.40968130209311254,0.4946862974178258,2.745047617807895,1.7376783882469429,37802588.328428134
160,8691258.752193078,0.19024404960098923,2.879253023421269,157622425.838189,157424903.44872147,0.3878469671400856,0.17058084012925692,2.3875133715390984,3.441016576248603,43994701.741516024
161,8290671.674741816,0.194029700317231,2.8053937510818567,190021303.69068286,186653054.73334023,0.42654072865391335,0.23806871861641382,3.204391041643026,3.1341632567367377,46816285.69470586
162,9368121.99676846,0.24197534897150416,1.9645214037038707,64828556.92424839,64257163.70633106,0.4047130862511244,0.4568097329709031,2.535260496036082,5.910581415811664,34080409.055841915
163,9413969.37611719,0.25134253615361885,1.7860248720332215,75643689.57563528,75521846.93328713,0.3406077628589893,0.4420337292045929,2.543410439695,6.09483739836237,35409406.9492705
164,9923424.02288171,0.21875675973623382,1.7821173764686202,99089390.95948233,98660627.89100257,0.29370985003843353,0.4695049190138853,2.7748882113103113,6.221034277255492,35793112.572946265
165,10797805.330397358,0.20653629311855437,1.9527198086757984,132043659.02403206,131621255.08542083,0.38147445508233185,0.4222666920268516,3.106864140940747,6.096021006519056,34676357.96890673
166,8615143.965642711,0.24491851172510615,1.8175969403391645,170372261.92691028,169923266.9600873,0.43482431902772256,0.1953609337504394,2.559471858146199,2.461065285560932,45334267.98849153
167,9643605.939475385,0.2108958345230614,2.0650882296160793,190875228.76876003,189042090.26999488,0.4895432964193973,0.4306237135059225,2.5846605618653475,1.8171047654373607,40644192.14542641
168,9271168.253377572,0.22347857888163916,2.3991239430972295,57358680.40420018,57329140.619740255,0.4409131620223256,0.471427896249363,2.525367825204783,6.2536068941831555,33362675.51655367
169,9021831.03466608,0.2335604830980737,2.28694661834485,70141962.60503337,69435651.00338353,0.4280621021134962,0.3738800666678941,2.485627162745005,0.4996990469528692,36332195.38362844
170,8448075.939328643,0.24300111430462518,2.2466672110435795,107711421.56884964,107133689.86320885,0.361489006509006,0.20749383790996911,3.0329608404348356,1.5250237448358306,43032431.05644565
171,8415559.877840009,0.23393986313746135,2.543601664288688,140025977.24437144,137203382.42202327,0.39168283024332134,0.19881090879081506,3.0438350955010742,2.3513758442697434,44806669.25484124
172,8402439.086422827,0.24460844173342938,2.770111554036409,163400576.6590162,162639117.24162394,0.3919689057952161,0.20771263197359116,2.918886555188373,3.057875013898083,45775393.177510895
173,9237995.932270998,0.24234477583888214,2.099991004083258,188155237.95056054,187905976.56541598,0.47126553699992285,0.36088874571902924,2.3314635046145606,2.3911742332862334,42024030.04638995
174,9181753.46306109,0.24797734855917228,3.0330574788942313,53531680.71081674,53060298.084813945,0.5111031681913333,0.4380400279693187,2.634830115014889,0.4669484613853779,33095802.517326612
175,9231148.16016152,0.2157787614566676,3.095975394872114,70903357.44395706,70518270.38658302,0.4250997433361144,0.4097350493613092,2.572612205753395,1.0767442441706891,35470953.93909048
176,9260691.277778914,0.21262269341997392,2.7890252265675985,117827911.59035203,114536735.22751515,0.3553107764600841,0.38207604683514,2.456436587008811,1.9874279193245885,39315726.05204131
177,9953411.15254464,0.24209867027930732,3.1279630065414468,150144867.7646758,149720306.72641522,0.4195366981176934,0.43707656126119226,2.791163251461702,2.0955185121928652,38131840.61585432
178,10714146.860679492,0.21002458600189589,3.0481163161028935,156130547.96510947,154486612.0217231,0.4338377978533938,0.42300701683928704,3.1041906555425873,1.2456505845275205,35801017.393460855
179,10260228.282550544,0.23974441569168317,3.0691030783007016,186048146.17791826,184060525.36143854,0.48549513989584225,0.42344807981021554,2.8176096398695014,2.109980425599466,38587335.57580708
180,8730208.951603888,0.2555288825800519,1.9506218428163808,52016673.81533027,51545276.2990363,0.526842348072816,0.28780597864666785,2.598888742195224,6.1588567594578025,35434831.00483546
181,8743772.256358009,0.25407425040445136,1.797663520463863,87381475.89097905,86903578.67427264,0.38010194069211045,0.2567127172659899,2.5941708280924622,0.8129877475393416,40118476.79780466
182,9616973.258648265,0.2788896583285831,1.939217690635179,122753990.443255,121164415.26099275,0.3379404788130823,0.42938760691178074,2.6768879905044756,0.9100856892532657,38240551.92539411
183,10570813.637463396,0.2816810213667931,2.012458816049173,126567560.40728258,126018252.66994129,0.3616139423575848,0.38940408782006714,2.9895400516063586,0.043327835956170256,35099392.86977342
184,10810365.45374078,0.29079406157527155,1.7496683770665593,158562423.9693047,153091043.1833402,0.40411252062723585,0.36314528874051516,3.012233400002994,6.194811102305222,35765034.93398916
185,8961655.402818492,0.26049482499472565,2.053723417450301,187438514.19588476,179850764.41471663,0.423698615839345,0.2883758664251482,2.3259550352007983,2.548089231743355,43629946.39539478
186,9552326.647556271,0.27813857218769156,2.758754255364951,51594687.777027585,51029883.11286616,0.4714990590636154,0.49202159306753473,2.7368088647748845,5.997547125432048,31357776.184447717
187,10804175.080337264,0.2648291401935122,2.1042594007255198,86796259.72981331,86674400.0706783,0.398059622641796,0.3769815614167072,3.169762074728217,5.149099049936284,31636092.817297444
188,9092210.66571078,0.29057852626849145,2.3559397010546608,112621603.32997328,112200049.21954726,0.379537410048832,0.34359444211647233,2.5703771252933345,1.5903401638905537,39858654.32466781
189,10333695.704919577,0.2811236909388141,2.7024692494296185,131332711.32049163,129809010.25872889,0.3785225178820804,0.4168298990276324,2.968117380600638,0.9725709835582537,35749065.42485148
190,8384748.9002773585,0.2586603797479452,2.23647685811849,175486691.4903744,174544856.84070557,0.4132340926990802,0.2139889943557247,2.924164774470931,2.6611969211367374,46080335.544814125
191,8918291.428105272,0.27564959051092147,2.7881015941139187,196687504.24128,190275612.76060018,0.4365464984251561,0.28979924975921145,2.3498142293349544,3.441015292962348,44209178.85283517
192,8915176.014981877,0.27416668399481753,3.098916378650174,54909633.88951874,54852536.60938552,0.5498009555648538,0.32560272254507155,2.6745735560499555,0.8068634098889063,34835304.503478035
193,9234542.766544778,0.2825944474669303,3.09121647112588,88452510.02386692,87369957.76308736,0.3880872595411768,0.36523951533436194,2.6310323312964434,1.5220843582272867,37639840.33647166
194,8256050.580699128,0.29535491846015033,3.0572371934283638,113512704.15362994,112585446.97173797,0.3380433455149188,0.2458959387369391,2.9982076891010814,2.4556523986782093,43759067.52485814
195,9696720.808774617,0.29123776688060293,2.8351018340435274,151675250.51844966,151423002.9039871,0.41963637798351383,0.39719066039919526,2.7241899933135407,2.0392093183937887,39499528.71647091
196,8780550.705242513,0.257527386528424,2.830121501467017,175926743.05888683,175849251.83816907,0.3993133384121307,0.23640330390456343,2.375718530293176,3.4612512577754067,43994152.715324305
197,8580335.816548716,0.2684057743728592,3.0170891095255,188009709.19695663,184586410.34612972,0.442581974104756,0.21058892480607155,2.621614160951344,3.6722695278267263,45358026.05604506
198,8317236.053934974,0.31964828374633797,1.902751747616129,55390328.070118494,54924600.69942175,0.5189302482772954,0.31658568801179815,3.0001944379028394,6.175694768407951,37736851.59410821
199,9917155.53740624,0.304275127125688,1.9032192570950337,91054185.0662102,91005176.48677996,0.31957778013371,0.41412250109614823,2.8131104740372987,6.040325597549648,35012224.248475835
200,9140204.541344823,0.305154559209819,1.963188744908256,118897842.64799598,116092934.80044392,0.36893822781351293,0.3657486137262562,2.5774664587983227,1.2953545759474812,40080917.173390284
201,10442006.071101762,0.3121616465179598,1.9695752139140865,152149436.09624594,150598983.9270413,0.39993521060667536,0.3784045547478376,2.944108442071225,0.42189496227906953,36574804.79853743
202,9007076.882989485,0.3201072688922964,2.0171640251158047,160376426.44728452,159405445.33323443,0.40801260144246104,0.31800451611579916,2.499816202356134,2.2176025619719004,42799190.98803729
203,9463676.954131398,0.3062239443673252,2.01233532763396,192944601.07754138,183551731.86879656,0.4562303564271061,0.37393261067874023,2.5861498861239554,1.8681474882942144,41465912.63490415
204,9988714.6675273,0.31584027976839407,2.5811854584389198,63614607.68186182,62912970.67759621,0.41581580604166485,0.4294137918562501,2.8943803892400304,5.684120925077685,31584741.080692172
205,9160810.812496213,0.30196946242221967,2.569580254975783,73747215.58827116,72859100.42864051,0.4188558624560605,0.40245575843511106,2.6813647689683453,0.6517414622059149,36558191.31491161
206,10604368.456557509,0.3093180251790946,2.4062980621373087,104853113.82591866,102428929.3138113,0.33566400403225793,0.37196541062269595,3.0033343406792286,6.14592649496599,33528477.931118734
207,10676100.028300054,0.30299175041176085,2.49461375427296,149718344.16364005,146667655.25051665,0.39026248582144757,0.36893517304827395,2.9965891197620995,0.7274681352778932,35673346.528107375
208,9273032.417253364,0.3041143231532213,2.302380729396734,158872885.97893405,151975666.49005952,0.39821138739403006,0.3585216319339526,2.5583129146634946,2.0437434983282663,41393766.60173832
209,10763812.890443169,0.31653050028872076,2.4409196159053757,196312930.83213225,192703275.60096902,0.4773129310763091,0.3492035057046359,2.996509545886928,0.9828195809545357,36680165.91907957
210,10810724.959622592,0.3097834763394262,2.8292172929379498,50312932.27130355,50257164.60772778,0.503501313860965,0.37582877356867195,3.242755901310739,4.661561074883901,26499319.448668435
211,10631436.783341957,0.31363516521600465,3.091215482101033,75810821.19551627,74828898.03344941,0.36211417687780056,0.3948491743716421,3.0461547870807255,6.088732552889115,30986246.31769568
212,10440605.876015509,0.30484177360483333,2.9529600048254823,103036593.51916513,101972254.82873173,0.34416119165462394,0.40919100936111075,3.0097611152751997,0.5649343361609321,33958765.159108594
213,9427945.892108187,0.3225256592681605,3.1053976126506986,151010960.72932565,150238223.8497434,0.39182703284760406,0.3665181934552874,2.6148081594313823,2.682749476713483,40716877.760888495
214,8574503.417309469,0.3033056308697455,2.8998654163054716,165207377.36119828,162679011.45920834,0.39081764008389946,0.22956006551396618,2.6003510090011166,3.278782595220201,44564147.34008442
215,9943872.241408149,0.31658557202470916,2.874175802325572,199984945.15497977,196399530.49868628,0.49710170921370395,0.3677775848859308,2.7681870177623304,2.2349273007646397,39713054.06300092
216,12995528.644434055,0.10806270858138625,2.0463364125581247,52714681.56947982,52236342.62637373,0.45518970578574264,0.2969096219531785,3.7723772700261478,2.675892940537903,22101139.836536217
217,12477230.780764405,0.09991411448095215,1.7288504565596137,79683812.08663318,78815829.9908064,0.4082140635496031,0.34565727327118395,3.7217567990581895,3.4628580288655653,26994403.6530507
218,11970521.155593457,0.10617107496256294,1.9291690899028828,122255557.20899826,120921491.34670626,0.44039773292221557,0.3547775807746324,3.6336198962850026,4.732202895203317,31220989.14986796
219,12342172.2191851,0.09656598540402349,1.8422077829432872,138235608.90644172,132570269.06427197,0.4456673264197219,0.31962114667283553,3.687781979535793,4.625958241479753,31198930.051563904
220,10831527.974511623,0.11019724166784074,1.7384590681498462,182905328.02456138,174939511.76998928,0.45007016188517684,0.48030977931132063,3.1736365589508617,0.03004320681505033,36716926.631233856
221,12324404.605589949,0.10917063330205656,1.8212792717515653,197286507.19683805,194053763.27756327,0.5095314953730194,0.3007286322053443,3.506412364334406,5.338296723237522,33221307.72478605
222,13242651.46900565,0.08803117527575352,2.349222668738027,62492790.75052591,62417582.14551374,0.44557287151430014,0.2902179984720286,3.8350906303355052,3.1561114055894643,23253888.55472561
223,11882535.2744287,0.08762588169826759,2.3301528814957337,73551848.08059025,73503975.54188414,0.42423700672567194,0.4121845522953475,3.7375926472167595,4.0732628972580045,27398127.869016565
224,12061503.063615786,0.10197857845146704,2.2271489736269827,113310152.44879168,111210915.02425893,0.4297251698994414,0.3468602691493068,3.6585912208325757,4.793685946287197,30323553.616999984
225,12625131.378427073,0.09608981203304233,2.5999975396073123,145210511.63696203,144525746.71152082,0.4449957207833506,0.28379409864095184,3.6246618901747407,5.387239410527638,30853057.758165013
226,12637102.558273338,0.10765608762587217,2.1730929264575662,162563468.86926356,161366114.18201694,0.4864300445692414,0.27427440261130304,3.618562169144931,5.1327874251995596,31320230.677040473
227,12943175.145791706,0.0925833938534959,2.2154754163739683,193063281.99194226,187524879.6036163,0.5193002498849494,0.250106589738963,3.6395592685468214,5.242485543795475,31608124.081983835
228,12466679.4851082,0.09057236287381125,2.8383753435112755,56763130.39396874,56422337.37133375,0.46304495176764293,0.3703866309108699,3.8492205565036235,3.6611705734146778,23634925.25693958
229,13350808.44235654,0.0929231549298218,2.832117983417928,73956730.33186994,73250748.41141523,0.4646574129535771,0.27829372479827835,3.8810578591672997,3.8334631737857605,24415335.68865996
230,13180239.59683701,0.1101777934874344,2.8820298661281103,106112815.57469949,104964016.64408569,0.4532832547345916,0.2520599105811693,3.7463125190196145,4.739293932730848,27508472.745566152
231,11782766.819040457,0.0960739279581186,2.9509798090044628,150590266.13250077,150301715.37299347,0.4407328512538523,0.38404985809730496,3.4757977578415713,0.10985641650364768,32589379.50739555
232,11595895.718820909,0.10821400777943732,3.061669630054022,170029575.98377988,163886739.28027788,0.4311764690678398,0.39564099076775006,3.4274622396611054,0.5095502363927114,33856571.61064318
233,12153144.83606381,0.08826924408853852,3.0806651718333242,186714101.01644167,182952462.47262996,0.43629837142472716,0.33672510313970566,3.5000329076708256,0.26780934945937984,33101695.23386876
234,11661310.332333202,0.14598784911585327,1.7937773596431132,60513812.842788905,59891661.0175945,0.42856190441836034,0.4408747426142719,3.566339611232858,3.410508873812933,26339332.460507296
235,12204631.022354366,0.15140713440208156,1.7467734610221302,82093449.68355592,81326243.22514084,0.40224203768379196,0.35516276116434203,3.6034035518716894,3.7416746919763026,27798235.115507238
236,11888158.083004974,0.15000904117551178,1.9195948604971305,101410209.29451898,100363998.80109829,0.4208428783296576,0.3606400213582604,3.569862911548525,4.489378924297102,30031089.74523292
237,12209943.322583202,0.1292238055466895,2.0144048105813543,140064441.27811068,139567007.60774642,0.4677340893783225,0.31227640840540916,3.554165846188994,5.039418280083521,31724844.732534677
238,13266102.473203149,0.14736572541468154,1.854349217082408,183256462.8896817,180958452.0809034,0.502128247371787,0.22542498827649216,3.511556843821232,4.888358961873015,31217336.31984082
239,13006591.308886645,0.13736622553641503,1.9786093362938422,185246745.9870494,178307094.94289038,0.5060167921707706,0.24166984521851487,3.5283453895464425,5.054918113095191,31597597.637481507
240,12583222.193476506,0.1309094594018215,2.6129449385269536,64671262.15694252,64057027.72800641,0.4587141731095598,0.3393542826311038,3.74484874246946,3.7736702632843464,24684329.119435214
241,11597661.811780524,0.13528106118082225,2.4819462042524827,66806618.318207994,66530982.45611662,0.4461571262376117,0.41942576970122264,3.6238541686142294,4.204862080540863,27196370.314616814
242,12789822.73925035,0.14098460272965468,2.3144333209389303,112158251.6881667,108667484.04412359,0.4390013881492965,0.27976403842463204,3.6604387402800285,4.484971503398949,28679046.725211762
243,13412452.693931624,0.1136270363608072,2.7878072249973713,141184294.8315568,137480480.62469575,0.46563239139535556,0.22566458969648553,3.6683965229599145,5.084657210441332,28996721.951680936
244,13366509.627782851,0.14383994504768396,2.7471837864871933,163645914.56579262,160663614.3862208,0.4956403745650141,0.2237552544513689,3.477767103989434,5.522795056990184,29812162.80798058
245,12257757.48361588,0.14456285561491672,2.3405338963365176,189218217.1138881,184359455.41548035,0.46307999589371723,0.303332816961818,3.388108572243569,5.927032416694981,32830684.112739515
246,13132042.674171403,0.14309635281684058,2.949256104376787,62670186.91641756,62138963.68402156,0.46978514606143246,0.28954402806510054,3.7511801523400417,3.8054707092848847,23233284.85890807
247,11732207.598098893,0.13659705841268915,2.8608510003352654,85031249.7619099,84343033.15487519,0.4081413181722768,0.3628474487680739,3.5566904649820548,4.993850183368566,28888736.151964348
248,13214460.390594209,0.15432106275035465,2.8100722115764323,101509750.5671357,99564593.27852508,0.4642918025493081,0.24637589813379776,3.642777497121592,4.631469889461931,27039393.30638741
249,11752504.42676549,0.1252904079327155,3.0194555404172605,139812940.5451265,135004815.37472254,0.41679015250270063,0.370927026910949,3.4370818041323012,6.269045087748247,32214018.813963916
250,13270813.533155706,0.1577497124482444,3.1216798527804723,179495461.50342026,176890944.6295514,0.45796263555638644,0.23381862287417302,3.38697070762386,6.191394228448537,30449137.86987284
251,11027283.494597165,0.13675569189418907,2.9871696190471795,195480850.73787242,192630193.86273474,0.4923833474085969,0.4344291569029646,3.267290369329363,1.1379626450715328,35912433.226231545
252,12914963.773658887,0.19645712828221665,1.9169257907097748,56651045.16096581,56618836.90385653,0.451223132886428,0.29648567077078647,3.513549088486664,2.9875872914500072,23078854.791820765
253,11624006.562475972,0.1822635328413976,1.7441853651208497,73413250.00080678,72331294.26258272,0.41048133471194637,0.40967361349246756,3.509960989898892,3.8097583599568106,28138332.097334556
254,12836045.634034753,0.16347937517016636,1.8443497122204002,122115563.01275128,118039411.67824928,0.45219960368044626,0.2736734075013876,3.5692405104290197,4.34200311016011,29384150.66438023
255,11489310.526476584,0.1731192781568321,1.7560898945905767,130775725.26144361,126288136.6676548,0.4148428900456562,0.3659992510355382,3.379228778823591,5.132948966144717,32841913.554147474
256,12218213.569846956,0.19714968025698884,1.776016896663612,173643719.7888681,173314463.86313275,0.4667448800907965,0.28759229927112406,3.308971072711557,5.398799669873766,33032499.513637144
257,11514903.232652811,0.19585990704040715,2.0154734848783242,189681180.10454223,188589410.0402015,0.4675683686525616,0.3629668697762359,3.202335576026864,6.219275030635097,34688418.03719893
258,11705529.816777177,0.19425472654364562,2.1285305377460526,61865452.61887693,61798678.19711173,0.45258054338995307,0.4041677915988103,3.5346348778833114,3.764760905016398,26322964.795856
259,13168014.500215935,0.17622028702279222,2.3471628304691134,75620324.5138928,75240909.32733357,0.44976591720058134,0.27888634422848996,3.590985883896641,3.7720209042397057,25040796.936849385
260,12832787.086579923,0.1650600807125782,2.153323275661489,121455841.0684207,120473327.31606254,0.46553096795982185,0.26674768487567696,3.5745482492422727,4.593578347311793,29227966.27436944
261,11528581.630150901,0.15870978611130113,2.690600368070991,139707258.14552143,138360126.49002147,0.4041088725258715,0.3745106562270057,3.3297020249003566,6.26174491132331,32791771.813209735
262,12765721.161161723,0.19552190566435704,2.541692552141087,176468838.3793172,175379785.10275438,0.4827763294832891,0.25396818171856533,3.296197786444342,5.839698211417537,31387993.236519348
263,12586112.506608557,0.19873017450212535,2.6506188217160935,191167876.68652475,183541616.30377632,0.49793133826313285,0.27271263756849307,3.273377006415098,6.1173581415494835,32130229.572266478
264,12361469.956744619,0.19432538042974995,2.8016069029570385,64003912.62442595,63465412.09081585,0.4719681280222664,0.3264863208210053,3.6017531157279756,4.113723980099763,24923764.90348494
265,12951784.99245978,0.19582734555274958,3.0291954224452886,90735286.92248262,88306713.98244141,0.4450185629742888,0.25327055686666544,3.520356545190252,4.783077828456195,26613597.33719463
266,12880092.092623524,0.18956747059271656,2.9239405968343113,120555768.35446876,116807950.32515185,0.4292489344875478,0.24936042042359594,3.432314475362226,5.339233338580669,28846738.86402913
267,12146917.862523543,0.17400639678346416,2.903639851085627,152798860.16728503,146345655.9368852,0.428824278444971,0.31161210959786945,3.368450038333076,6.142426835936072,31876568.238436084
268,13008024.729065832,0.18717160337269448,3.0344796355893173,159020662.52879286,154273607.04255018,0.43924465321315564,0.24741951547504668,3.324613610396954,6.044230595571148,30389790.642067917
269,11267748.910795934,0.20336565466797207,3.0996388966573445,198971105.45828524,188683840.32295802,0.5161310949745721,0.3568947565310348,3.0494167376635564,1.389550240610374,35514604.71306721
270,11291990.516385272,0.21408265050642233,1.980986562919226,64872301.76124186,64674958.638528705,0.4362126691660151,0.4253203732658997,3.442161751825217,4.004190806357395,27907990.62477304
271,12000912.180314198,0.21166054706472043,2.0579519983188943,72486273.09383689,71390127.68604796,0.44328234444662695,0.35725774523714204,3.507926911819882,3.9126880887877773,27014134.86030475
272,13084138.42058755,0.22895996479993166,1.8085077777699348,108475190.07659008,105674808.23199736,0.43309411171933615,0.2617916224089664,3.393652022190383,4.130496768493308,28068165.336319156
273,11388445.321064528,0.23129212751449468,2.0628474896320577,139303857.22476313,137645599.55259153,0.4121124765703199,0.34449574793935783,3.211120410382195,5.749485396752945,33386403.04637596
274,11897692.939931002,0.21116280604119764,2.036821159286436,169854970.17518035,168372728.39606538,0.4616943316208363,0.3102803943541564,3.2494338314092626,5.763037346796256,33375532.1871
275,13097493.552822446,0.24114745050051736,1.9305209788784858,185731959.75359026,182422384.9776182,0.49924337483415626,0.23129790537930714,3.1589680725587383,5.36630277574686,31591697.824050166
276,11634623.341518681,0.24544793586014102,2.602795058508785,56756546.04758376,56361220.741896234,0.477102131885627,0.3701279851006388,3.4639582575648555,4.093284110610338,25445147.38563312
277,12644581.966062173,0.21558913973172822,2.762635639767359,87145656.34444898,85055572.96779278,0.4542516424869163,0.27521469994830233,3.486097170586596,4.625117547476634,26951830.747709025
278,11501776.70572747,0.251026918354149,2.5134902768144296,100547727.15608461,98214069.66598412,0.3846449544816403,0.3276066175977806,3.251426522406616,5.3805262407446515,30672448.803328484
279,12745209.230992865,0.2231798479562168,2.3235331264053958,129604306.20751026,126466704.83238089,0.4641488315841251,0.255359738450235,3.3375770765697723,5.1024540513533605,29704255.81961526
280,12189978.843383051,0.2266598454832186,2.2621407526264115,163950730.6971066,158604949.36946356,0.48147881301579476,0.2934847591943159,3.21519865571345,5.806693883063694,32297322.248084687
281,11469846.960853135,0.21360439115622004,2.7820820811630607,191364156.0088971,187746999.99340725,0.4764054334675723,0.36266918112727814,3.2255902970134493,0.664402901352878,34540807.80199492
282,12929913.053446567,0.2363902163186251,2.7994154517735192,57290314.93773174,56972788.2992661,0.48596309095593365,0.29751575959887616,3.483962721864102,3.8332952135178964,22786143.40907406
283,11796144.150336634,0.20971331715545313,2.9821197891916023,73222799.17928001,73134523.13407645,0.43585272748973525,0.33322453320479173,3.446987833308896,4.914893999817664,27404736.695517115
284,12182481.424612232,0.23648740947090785,3.108867683096367,95142311.91734423,93304650.83888732,0.4025747880822543,0.2888014195099554,3.323173842756021,5.474512645881248,28585959.91295233
285,13067111.609037032,0.2328250396412796,2.8023643324599177,128492993.83921023,126998163.26665942,0.44777211638978304,0.23689210952222156,3.2725919713229583,5.442337264910034,28895190.786622494
286,12168809.606734792,0.2192091975870742,2.810665800569662,164048733.36437163,161365279.23827225,0.45470734877956454,0.2996068330509385,3.2468096905654535,0.027970436558167177,32034857.949495923
287,12345215.660760405,0.20694954576826646,2.9485342930081524,191049229.00025418,190261847.62920976,0.4778551215418042,0.2968244829996744,3.275720276435052,0.3443376693289891,32425061.679980986
288,11569180.022931702,0.28257811524565957,1.868661908103702,54854719.95032254,54807363.53026629,0.46622888910043786,0.38436081751453477,3.3520742749186763,3.5267617141811,25541779.15473128
289,12160350.166519048,0.2842137907722371,1.7598623767846069,76724169.18896215,75938467.53165329,0.4346754457691213,0.3219406743252828,3.318553111462431,3.8732633847448854,27253772.40203967
290,10852722.150401719,0.27061114357265936,1.9233964971160686,108326130.65563856,105381236.65632637,0.3687825439198507,0.36746640277239345,3.125023397432872,5.447553207707032,33183261.03363041
291,10927469.931286313,0.27276674495940434,1.7699281518031675,139996392.70675367,134296077.6543433,0.40169684207122197,0.367555901730639,3.0719918145232876,5.891628134434093,34739246.3701268
292,11278139.144022565,0.27560513883116744,2.0535555632215114,155258019.48570904,148661503.4759532,0.4265350566893053,0.33386981199245236,3.102001966120225,6.02661763478135,34131717.06918493
293,13341947.814939683,0.29349416298277237,1.8755647769197152,189981141.51059404,188618826.6930743,0.4945464705930352,0.22976457990620133,2.956609985223998,5.443236606229887,31211043.804850176
294,12502085.93531292,0.2836263117432653,2.752747514237444,54783809.437723264,54511001.666702576,0.49255827473368,0.3135526148093347,3.380348015877043,3.92644641737151,23106965.128645472
295,13092504.653740162,0.2773911078493044,2.1756645461706623,65131379.92060792,64585656.91616235,0.47944447764968606,0.29489087645301765,3.2976239392274986,3.595312002251645,23792232.10051031
296,10874304.717712276,0.2678635158820276,2.644017021760724,100520514.22416778,99731552.9432048,0.35694238052208593,0.38313197345191335,3.0938713824971695,6.113245347739863,32428410.838339526
297,13140573.402296849,0.2643565358786486,2.1545437649391004,128530543.26900226,125766879.81830463,0.4646458849149082,0.24024955563889103,3.2403762434347168,4.827274786512265,28910839.242763035
298,11819951.618709661,0.2944372792055468,2.6987459069413062,167474032.372008,162262781.96248025,0.4288923707181571,0.30173635117577685,3.0673793085923453,0.3573045698617795,33253742.520034097
299,13417357.329476042,0.2936195098227589,2.6455403822252057,191618964.03939366,184739398.99154836,0.4795310531551988,0.24102688858853832,2.9123602588877056,6.132669089391632,30500882.4186889
300,12882032.665168004,0.2974087922524131,2.7943935108199818,59005631.059926964,58586577.92832992,0.48469502551864563,0.29240308274310733,3.309168247781948,4.044269572021313,23139157.596419014
301,12641168.250432355,0.2938558078516156,2.8377203965862363,93846281.39749566,92658414.22909752,0.42723428564341914,0.26076882678850577,3.1731494901843504,5.18485815517059,27632012.769293733
302,12768834.464229519,0.28365335719678125,3.0217955915357035,112355706.24520332,109567677.64727767,0.41276585235909535,0.2550984793385694,3.134240937406313,5.660735654684265,28583584.213478073
303,10831327.804775225,0.2911230033741845,2.8063320865235046,151744090.356152,146420581.25937384,0.434240053467462,0.3681044414274615,3.0483141050419476,0.9147478060022115,35151078.47088601
304,11320874.313680004,0.2942825950205856,2.839869602165164,183063545.22808474,172819352.4139265,0.4709420728182528,0.33579138709294154,3.095477141328358,0.8047850937905151,34826582.515927404
305,12243571.42235644,0.2777223185454581,3.0667894925479815,198852383.66110858,195036865.6561256,0.4922209363142539,0.2896964053049307,3.1138728451975783,0.6925581906571685,33323173.01564137
306,11091947.632219633,0.31251349101678005,1.7317328090668183,52901349.670354575,52700108.47132046,0.49291895624431403,0.410213286316065,3.292146493243579,3.594871207395859,26388802.912675384
307,12950481.365746226,0.3009698334326357,1.763898294742721,75018627.64823084,74252628.0171343,0.443102743240999,0.29144044950933257,3.208071653217201,3.624951200860828,25469298.451117802
308,10915875.405025419,0.3124823563007246,1.9999876058499018,107087910.97221345,106174323.5692861,0.3660842439961849,0.33625021765597785,3.077482684592428,5.546865516007562,32920019.117995255
309,11785117.20883053,0.30926408409667433,1.83496176911551,151696952.59601665,148321750.93459395,0.43735733446788094,0.28419813390734816,3.0685773456614225,5.5953968976215185,32887140.773372762
310,12023262.28616226,0.3068539322024151,1.7634562060952184,159425052.70181033,155402125.14988825,0.4570808925494297,0.2733199595149707,3.064891132563629,5.516043020779758,32577534.587108534
311,11374466.330162702,0.3189088763151951,2.0166113871652103,198715384.70737556,196186583.00345513,0.4387573321437198,0.3048522220126072,2.951411698804109,0.24089482208789814,35281028.680982016
312,11845745.523203077,0.303544634578149,2.2606512867429727,55273280.67417141,55165102.66000906,0.48669192363398206,0.34737678590003507,3.3333344409329944,3.7932238581713027,24749979.151794013
313,11707088.790207036,0.3076904073078061,2.0844224564557785,85689471.53268674,84876768.75619978,0.43740805876367,0.30741410857334506,3.259819073277015,4.572237161679827,29062499.37413901
314,11790398.499147268,0.30018319694282214,2.3499699023587683,102378403.89166658,100072070.35485314,0.4132674743861661,0.2909321746280255,3.178701687280063,5.205569452763182,30057765.97239822
315,11745789.753756892,0.30559663614491445,2.5656772169891013,125464369.40743634,125279422.0656423,0.4020124259119827,0.2944166849996325,3.0780239167558916,5.97827907525183,31474725.86086756
316,13128952.00797786,0.32248638086650855,2.12503644768985,155129638.61553976,151461367.1744792,0.4544498568847424,0.2444618815419379,2.920962038154306,5.461676724672432,30217971.44646784
317,10996148.514499603,0.32097677399323843,2.7360643779923968,185629818.86134917,182448234.2498276,0.4561635119056579,0.3325727694226021,3.007417041400676,1.0618383374498943,35662433.040425956
318,11123904.238056995,0.30602084279640274,3.1073971119613146,60638581.91577735,60264828.70767741,0.4457192444034386,0.3493800019546467,3.183600052373366,5.227971906519859,27544843.34153395
319,11137265.773837727,0.309042950463739,2.9024528350224705,78125378.28256178,77297091.30039386,0.39550344335078486,0.3406846941535087,3.115102569174476,5.587125800045942,29710254.906391222
320,12630480.690372974,0.31247933902893615,2.9962376595679645,105926277.7747862,102867283.06836359,0.4068413582160108,0.26167589202840463,3.0642787897995016,5.641345938610471,28430574.81985704
321,11532794.906121533,0.3207825759714505,3.112458318147618,140743170.91203055,139998197.9276599,0.41440606319628187,0.3141807258661084,3.0541752661823174,0.6921126062304533,32938223.10588269
322,10839564.682881705,0.3039425090597543,2.8019140701453376,180193950.502331,171858269.85326004,0.43591477242994836,0.349725270518925,3.0141569566222137,1.1409966199123245,36122562.36812534
323,12010517.824854612,0.3049458303489053,2.964142910478873,188212323.1051913,182449645.03329507,0.45043255508222535,0.2855377016454637,3.0115305322959203,0.7237567747631928,33089582.920921557
324,14211662.381954014,0.10596821606813218,1.948443490796332,56920099.756972596,56620386.19756416,0.464192946930519,0.2043384080324883,3.8104364842791307,2.313880273671951,20907006.292495698
325,15461148.274763724,0.10096953516961943,1.892678870139079,75832893.34421909,74769753.35582617,0.4764196119494599,0.15327436044622866,3.7013757903215008,2.571258526446067,21669858.345655385
326,14607612.009814654,0.10166280864669056,2.0683003861191733,124642302.7504873,122219574.04882212,0.4786537068247161,0.19019482998991488,3.7341754413197585,3.780524800463566,26411029.837867565
327,15799210.895412995,0.10086562751767017,1.9456851954673127,146418956.56868204,142653897.29712784,0.49336195879716566,0.14562003666351375,3.614949310040234,3.6971350799613534,25898430.45512598
328,14043931.647156782,0.0966050778327191,1.928507437013402,181176036.21083364,178430507.89371648,0.5465003322413489,0.19334194773563662,3.7004138757924254,4.52195913940451,29601768.010189112
329,13704093.85970287,0.09791396303203381,1.9867521846609053,192301181.0173026,187077322.00142127,0.5239735310899586,0.20440521157048605,3.6566356513199425,4.759575436677148,30397900.3823775
330,15163605.56176756,0.10759160244857743,2.2039565950278304,55468232.05275666,55033634.55370502,0.4863230677347838,0.1691147893451767,3.751051965719321,2.35552548897843,19167325.207046427
331,15359385.957166098,0.09647469457059962,2.3398412166982188,85663372.1301944,85220463.15497428,0.46577770923534084,0.16668353869784583,3.720371397379588,3.242457135247123,22791289.832525324
332,16058431.661291886,0.09632906544915669,2.4512315219206164,117953641.9705866,116258287.98649234,0.5017929894484273,0.1465615829683119,3.6773665507407425,3.718176770196365,24087336.19249077
333,14302100.994806068,0.10834522301136049,2.1686764667537197,137399147.12294796,133813000.25176263,0.47487435724751187,0.19545873213002882,3.7011833439091175,4.193456549572403,27540649.842580117
334,15046039.679805737,0.10114002643840547,2.6430167461186267,181129572.91367972,180125276.96698746,0.5076799235144246,0.15151125646547506,3.5890589780639064,4.952257367067221,27850319.00375372
335,14862535.313425496,0.09723351164829144,2.6727978806762005,194900654.72891778,184293204.51853302,0.5091773882553826,0.1547349769881466,3.58843627094553,5.067972709690293,28685465.517086156
336,15229717.827861458,0.09187640400541475,3.042140556107282,62016353.57090311,61402214.925255075,0.49396382164944863,0.1819723638385776,3.8398969419720883,3.26252363583958,19996583.479242034
337,13754278.096037026,0.09021553580090129,2.914082539398491,77547412.19158463,76525689.62853153,0.4660539576860315,0.24924545502118792,3.9016102020302084,3.8263791211872977,24098679.885747433
338,14936553.187035007,0.1090236078606399,2.8724169230199577,96393728.85589328,95488812.4382978,0.48478409755913937,0.1835411770903317,3.770781380342679,3.95999211924795,24049570.70059344
339,13572969.504064241,0.09332607206975665,2.839059161347003,147062781.82884914,144755830.5808244,0.46848436961768003,0.21756891229406689,3.715235007235779,5.135251359131737,29116877.241530992
340,14536621.392728632,0.10918824570061936,2.991139122179829,178754558.54757652,177977514.56202444,0.49997759242069073,0.16928747521599694,3.5527990879893423,5.428695085610453,28445862.188898545
341,15647970.668150587,0.08985057494167917,2.973198724343668,187575978.25286666,181585008.45552868,0.5348811044240861,0.12969756283593345,3.649088134146653,5.019272796740305,27131814.601731937
342,13921188.664967116,0.11307331538060458,1.7399374819276887,63527063.30078731,62935523.69691295,0.4437147959003747,0.21723256942031882,3.7623276584754066,2.4494575927688964,22416805.593257397
343,15508522.932182783,0.15480055446961735,1.9453471858097962,74607929.12232412,74017442.24575636,0.486432842976298,0.1743643967207742,3.4260347778848277,2.852885527026893,21387224.31977833
344,14909839.607355174,0.12412002614103564,1.733939258443061,115829189.94001092,115066213.76044157,0.45808379535598265,0.17789405793881585,3.5872139266212617,3.437529401771855,25621044.48128499
345,14055765.15190782,0.11564034864995863,1.8936043926629988,126535070.7863866,126365724.63911568,0.4531376043769905,0.20997495796000004,3.686051580906036,3.963755922529087,27603651.00312362
346,14269781.671906687,0.11194901250484052,1.965699564611657,175963208.55240887,172224389.847271,0.5130340271926711,0.18799593951551286,3.681348662846081,4.384303494607736,28924136.937691063
347,13693965.367271218,0.15516102997478393,1.7839075721208277,188286224.96180683,187983939.51032388,0.5197074992038845,0.20229434747828015,3.451542828243551,4.781241762246733,30339600.26651191
348,15123599.728133552,0.15273712548553664,2.325285965533041,60253152.647714645,60225918.11991653,0.48252103977875155,0.19074525134640807,3.511665356784388,2.8831460713269914,19882259.31933817
349,14939167.419055829,0.15124246497040714,2.5588672418402436,69776903.10364836,69126356.45811903,0.49309019318063235,0.2035803383945456,3.552769525701005,3.3234865096216732,21484433.15342434
350,14944925.107799638,0.12737995769625557,2.6282930654104697,105313587.5761055,104477450.80455224,0.4762906600881148,0.1811734506136013,3.639172080895978,4.055998706358159,24826380.961651266
351,16000619.380605951,0.14000294022385304,2.1793136191043567,153191271.6395542,150628448.80195037,0.5033462421011404,0.150401711277665,3.415076774189766,4.125476322176633,25744451.20837131
352,15254516.488415835,0.11726575377282386,2.2270565116370635,159353260.98598826,158247750.75636774,0.507443799016928,0.15598386722866495,3.596113618288349,4.304533022282348,26946072.151587427
353,15046369.944223067,0.13289249812265988,2.17329769062024,185303478.73911425,176846154.5653461,0.5032009120247991,0.1575912226080158,3.472478960684593,4.5944902145891335,28261162.47572815
354,14181816.2834137,0.15669160180601255,2.943289397951248,59834779.685570516,59022609.158939935,0.4900951999495162,0.23602098658345255,3.6542920432415005,3.5016226246325095,21087179.79343168
355,15137578.782688417,0.15486912938108685,2.968589961193711,94874185.9260476,94408937.41597049,0.4788504744326534,0.18071855715683158,3.5591316218895592,4.171531905938609,23691448.674897175
356,15639233.3064701,0.14101252194859526,2.981935153935684,119866081.57392178,119099707.13385062,0.4927756154774965,0.15380779853174406,3.4912559535341696,4.5632957577476745,24802422.667077612
357,15487011.818099583,0.13245163180331723,3.028379307902995,149174899.6973077,147465912.9761971,0.48612103308142046,0.1460549283747082,3.4812131511903424,4.978001663223351,26379508.401994877
358,14122675.113575723,0.1339623250759451,3.0591686132975897,170834850.47935587,163046500.62119052,0.47848998181785424,0.18881584713222635,3.4850521661363256,5.5600119025449874,28856602.291317776
359,14507285.24487758,0.15142343254704996,2.879112337024165,199404042.22586158,198814589.9034874,0.5216771610070782,0.1761179464192237,3.3293416604888155,5.685987226101826,29302010.64098881
360,14579013.641403917,0.1678135539802304,1.9616072059717689,59119453.67450067,58614983.931626715,0.470395907107067,0.20206293947177506,3.506175963866305,2.6015218536905187,20618989.854561687
361,15561172.349164102,0.16514511792526024,1.90907302244092,93500455.49146636,92220308.51338735,0.47044966036025565,0.178733074905571,3.361700512441682,3.2473106189438306,23214587.25636134
362,14157958.113166759,0.16541931584214362,1.8147991909851868,100575744.82748915,99683375.9046298,0.4499954626568718,0.21774308138714166,3.5075331563519567,3.5488282953041166,25710153.5081452
363,13648134.188636612,0.18292443389423435,1.7804628493865684,152134800.33193848,145908554.8250264,0.49447941203960816,0.2176952544004664,3.4267893584220737,4.48824199526735,29383568.853150487
364,15684590.944689736,0.18100175133560062,1.9537730338762131,184136214.020744,180827423.44762895,0.5529443575543388,0.15788933865524202,3.1325372935000053,4.617270189247451,27200240.81177443
365,15538394.77035753,0.18586298480962812,1.861697989909497,187118802.10210466,183831942.92304838,0.5168692979984656,0.16122937075648264,3.1333328041271966,4.566505935891895,27772100.555381805
366,13959552.549150882,0.1846159373000077,2.415032600602063,56509892.853499204,56402582.07849405,0.4813897574885909,0.24689469794972507,3.513059727531638,3.124592936908922,21023869.629300054
367,14231721.74856784,0.16379434554663846,2.1316103029067888,83139174.42644836,82193872.06345774,0.4729697104521804,0.22532759158928645,3.5353022720381175,3.4526399153875023,24070092.84055071
368,15224392.728433901,0.19502698524021092,2.7548396342042594,119268856.33080655,116198490.71710286,0.48205175573429043,0.18227093544244838,3.307597616835978,4.564670886860445,25120491.352515027
369,13874832.129716685,0.1687375077750083,2.331183192009317,126720554.94109839,126618825.43368967,0.4581475922596363,0.21132612334019701,3.4990950428397025,4.560167015625454,27782741.974173002
370,15379214.718511013,0.18525419531192297,2.7615390155065485,167324757.5876288,166869476.70397845,0.5136758934938414,0.16170230208732997,3.1819082080054746,5.207490830700598,26813929.54346364
371,14427172.36655407,0.16115577247744278,2.277191212460227,188848010.12907985,181666898.49826667,0.5187541451334768,0.17722106749828861,3.3822164746912473,4.990675814928184,29265993.054879323
372,15615207.915010098,0.1798652575459983,2.8038157652262905,50768042.64414832,50740278.2735368,0.4992891106120757,0.20016990346804303,3.4098637104456695,3.0547702295750585,17403407.672967087
373,13982649.092646016,0.18252036112620618,2.9398878338261683,66580245.93736436,65824715.518971756,0.4879052313995027,0.24132844241114534,3.582692931445578,3.826744012049092,22371174.760391317
374,13997973.090908205,0.2023646170172949,2.8366299506374735,121076628.93091021,121041036.88234149,0.47004382269006484,0.2023646405679607,3.3572041594893443,5.00407491017622,26880836.821792386
375,14815188.425181758,0.1759608725799376,2.8286609692050053,142626901.84632236,141315106.24714234,0.5023545268255507,0.17402951953063112,3.346515970021007,5.0331723259726076,26979790.449958123
376,14428368.076508656,0.1752988118383555,3.0604883443867865,183885524.25653216,181267274.36564785,0.48349715892223644,0.1886133368834634,3.2536453557276563,5.877045001145235,29067293.321131818
377,15355391.742408156,0.20494308356302904,3.1184085132273784,198004265.7561013,191489853.64541692,0.4624221844632725,0.1877594800482784,3.0069870009508275,6.008473426723199,27879754.448424384
378,15567012.7727666,0.2094807088504693,1.843616023015429,50420276.97918959,50326573.848014034,0.4872477487829402,0.1936559361167705,3.312074472699483,2.196436315219251,17641515.1327323
379,14371961.486001808,0.251652132542655,1.8334953755685965,94240517.03672388,93701378.19349952,0.4599857442362448,0.23887948815569898,3.197354365541986,3.690284918408422,24904239.550627355
380,15530593.126886446,0.22106198895912885,1.8022273915184557,124361019.03784554,123643449.1540135,0.48560785508216503,0.20132434225308388,3.153335533840125,3.835253398987316,25163135.722075563
381,15832381.173834642,0.24827872880521568,1.8923504080261067,140324478.21953523,136812974.74237245,0.49025409446297624,0.20792031350850368,3.045559638621415,4.10031698658541,25546174.620712854
382,15720043.226114899,0.24716364315172473,1.9523083229777058,181315476.95882085,178665090.88895592,0.5633065891522319,0.1894886805734294,2.8968967706935427,4.787636521105347,27083502.310277354
383,13930876.259746447,0.21859722410471044,1.763613323934854,197878743.5296536,189485704.92326182,0.5287050899696659,0.19920477010490642,3.1922852872540863,4.913731523726463,30239821.174100965
384,14253426.895441176,0.2063111423866001,2.7832278046938304,50047340.292135365,49951896.49265457,0.5068523870082352,0.24927148425202794,3.454038065306377,3.254221112054655,19206855.385618486
385,15387488.274845462,0.2380403478912593,2.163554970927331,73057613.569017,72510005.44191359,0.5002120731110157,0.23121356653479755,3.1640773015046424,3.2906438738169017,21277645.739685006
386,14256685.11287951,0.24090400722423996,2.659113280165612,112191561.03563103,109590266.09000078,0.46396661502857095,0.21340166036049227,3.254142843022374,4.664992134584241,26066337.465457655
387,13600584.064615984,0.23108097187828167,2.3933952248722083,151512207.70188904,149142690.21058223,0.48561839905387477,0.21531656972669855,3.2335107659175595,5.17691351847171,29150549.19788924
388,14873570.312994258,0.2203820789045035,2.286862630351827,160247455.48426765,157108795.64140943,0.49639073666362626,0.18798083204017468,3.1318998386055963,4.884491265314953,27602956.06718345
389,13520251.145541469,0.2171194754197275,2.5828176822802758,191738718.95678425,185358102.25618464,0.5013880393495266,0.2250800036344766,3.1367560729055457,5.833211095804358,30562447.896291576
390,14585744.638935432,0.24717900531538975,3.0820611789922916,62184912.66017026,61938286.078351766,0.4981867853527494,0.2428441624877196,3.3311671975439365,3.9171682539959423,20824097.633520138
391,14209212.657777093,0.210428431171906,3.0222081332306154,74851750.91311617,74676534.80174631,0.47618426626135596,0.22580173009990392,3.4599464463934786,4.162197736920288,23081675.570310034
392,14432264.656140687,0.21707049170304818,2.8671209287141037,96726782.00070933,95163393.92786823,0.4792106497533881,0.20923183144588015,3.3550190547035075,4.499018396557907,24756729.92754964
393,14720172.560213942,0.21635730178168305,2.861670360538964,136278800.78379232,131945871.97053817,0.4794168086835557,0.18836277198776713,3.220798007379954,5.077397906205131,26678296.797575593
394,15118930.200171543,0.23532835066892346,3.129523923415773,171393696.022083,170309214.64479893,0.529728718700442,0.20662509310475213,2.955279156335687,5.95285059116482,27494668.860499464
395,15638760.357525233,0.22556872285728458,3.097977258794678,193724776.48439652,184470610.83145773,0.5612791930714888,0.21056652913189278,2.8736659300749805,6.014020134386289,27553155.20912925
396,16058856.838665448,0.2592905289747701,1.741045858225139,61222046.72153463,60771158.94588486,0.5053016208781089,0.2228414300882754,3.053000778543509,2.556235017792126,18892247.53411262
397,15577086.468999196,0.26853338620499734,1.9311356516841491,80371943.73451987,79915531.42303847,0.4932582617355265,0.24421772457547947,3.0400256055530184,3.330470202660911,21881292.3401842
398,14008891.445572034,0.2850640823962199,1.8098057812354644,97886405.12313266,97425843.08807456,0.45539811868053387,0.25360181351532696,3.145658310373388,3.8741222574726115,25764763.031624988
399,14270207.84689689,0.26139879118187254,1.8496735281152934,136835554.00314313,136248698.71513683,0.4688646983386794,0.2198528968998487,3.1298229748656565,4.4395342855425275,27670271.38375906
400,15897852.673475983,0.29846041002347223,1.8065154955176197,177062290.65186498,175903260.8582003,0.5346277797000422,0.2237280988532775,2.8996450267807883,4.486373354162357,26549778.997103542
401,13724883.28485988,0.2600078340176514,2.0101733176589365,197550625.6248244,193418682.71322408,0.4929239463967869,0.22145482834796298,2.9821356601990567,5.456095135618148,30630892.848247714
402,14375440.228231955,0.2867218540415236,2.7161945990043086,50956659.85851511,50716323.145688236,0.5167213869608704,0.2822663750215364,3.196397165046295,3.4234093408470616,19113405.614244863
403,14014491.258929366,0.25927833922700155,2.3167608193363503,79886407.38659674,79639984.26282871,0.4815225740423478,0.25541618386257164,3.271550233920341,3.848850420998555,24023271.174945656
404,14731488.351560954,0.2556916921367498,2.6734480143768,107854351.59027499,107231793.9782029,0.4755958922647193,0.21477623081141012,3.1592858248977644,4.60705946663172,25140888.526979286
405,16047663.613458462,0.2770546702841116,2.507655126610557,150881860.41791975,150123440.95455685,0.5110045881807452,0.20878225286071592,2.919882150391303,4.8436859226967615,25505524.93803881
406,14750636.858901013,0.2786153128769066,2.395631853598688,183105729.79758388,180645857.67345503,0.5023336572776882,0.20963243457627392,2.8921741934356566,5.421824949825931,28217099.64586857
407,13933811.176577438,0.2955860857755807,2.5869703749708606,188756440.5778086,187365246.39985877,0.5339239530241155,0.2394344098935834,2.851796805826428,5.988411387001456,29743270.924619853
408,13754271.253684472,0.2602101290298187,2.8706454164513544,61405624.88731446,61165143.60118693,0.5033804093599201,0.26771998715351425,3.354665324738515,3.89677919681251,21964081.215599403
409,13494068.07582916,0.26374355370859914,2.9707791443471363,84126733.98148257,83018489.11532082,0.4594019686231359,0.24040860035055267,3.2833658304106015,4.686645802318993,25124247.58093384
410,14933376.190974561,0.26569547291149875,2.853264411496684,118177484.29656091,115128478.33480209,0.4726797841949327,0.21023832603124326,3.0703293329157915,4.924431326704646,25385402.016862728
411,14977036.482707167,0.28672684626368544,2.853083191032489,130813916.22465636,129652655.82305138,0.4784247157453646,0.21533120813414,2.9681302971863106,5.184626770790544,25880305.6747576
412,15298928.290621819,0.25791490761018754,2.928009902590599,167870691.4099404,165619863.12289238,0.5262771452514052,0.20887933826580862,2.8741824374879297,5.709925635618321,27244277.84937848
413,13452819.579477135,0.26854779131390477,3.1390659246309887,194915927.85515684,185864670.16385216,0.4431901767667069,0.23309992286105252,2.9902301128102935,0.3612609794781556,30499008.942276914
414,14195599.407562362,0.3216972968663585,1.8391460871888166,50478246.17279663,50067045.07540819,0.48945025132322406,0.2813153289712574,3.0486914133007867,2.7744664043221823,19510698.449286904
415,14805558.186981384,0.31625314321944314,2.0246566045157692,65773878.56406817,65450797.8516356,0.49608102330556814,0.28426985148499545,3.0078468065782173,3.2652098736711546,21130111.56403831
416,15838166.090403374,0.3024159427134389,2.059341773576656,124451459.40326141,124304472.95103504,0.5089060226934182,0.24521004642562066,2.9431519760940614,4.200444603046167,24634183.821308315
417,14832850.963193381,0.31013526496464733,1.9975848720264677,143294770.64316285,141153168.93406194,0.5077840073789149,0.23347811780642672,2.9639630775661097,4.586998120501081,26782368.382493805
418,15473514.461720617,0.31547695870624426,1.7868740829710517,176221104.070275,172422644.60253707,0.5190753286498946,0.2289659883186109,2.8110670768453097,4.676498331592725,27456090.60173922
419,15283205.929266842,0.3088028060226935,1.8724898841595181,187469032.87204874,182286238.5404314,0.5073147908222143,0.22325962468118743,2.8014656065801806,4.88330234263369,27874351.142803684
420,15784820.137968048,0.31417713529747265,2.7563175450011492,64982540.62962492,64713532.30542584,0.526869531887081,0.28886279817871974,3.0486804852775697,3.6870128409747656,19459255.139179446
421,14491412.69047849,0.31910632177730053,2.591298548305389,74021622.83242597,73669925.17994729,0.49292315668568887,0.2755460036532648,3.0873298966801883,4.007283547672973,22488882.131487347
422,15051239.567406913,0.3170213544597047,2.1368987822683008,104695916.07763839,102244942.88184838,0.49141382488793967,0.26118278495367336,2.9880990963412755,4.108435652375485,24455398.451845657
423,14896517.03585338,0.30282043364095373,2.157639635754736,136963846.78248253,135294351.8070375,0.5032672337235438,0.23182361451207925,2.991168395187734,4.593910917771172,26468754.028043192
424,16031553.102514187,0.31139758485657065,2.4738361000917806,174601931.30505496,172215738.3535617,0.5171266632657145,0.2247987005841075,2.773870517692646,5.175622152116437,26600783.684006073
425,14045461.127812374,0.3202180120339039,2.2176614909852637,191905495.88024506,191780988.6456155,0.5413406112677609,0.23651886273953696,2.7727241425807794,5.708475111782953,29646044.67961949
426,14122779.203009384,0.3118450703166605,2.973359619931932,52030233.840993,51924748.04719587,0.5160261843683585,0.290633334779576,3.189829308468573,3.782570513180916,19710813.94721997
427,14953034.100811785,0.3035580964210298,2.9118275758612135,72758495.40049963,71462823.1782697,0.5106426121858347,0.2633936740717609,3.1321958436174544,4.084003927867014,21580002.664243158
428,14604871.288987592,0.3065043556265814,3.064384863049697,95949875.09793596,93067222.56529112,0.4845664097204196,0.23510033678585102,3.051254990061781,4.844261609730172,24277243.776076686
429,15916195.136040863,0.30390425482977484,3.126173207295155,149172055.2281619,148701888.12279242,0.490369654062476,0.22668117799098356,2.7901874726281886,5.5957199462321565,25587472.15231517
430,14294468.920435207,0.3088997391246945,2.963409256727357,182404230.53364003,176996686.37283307,0.48963514697517085,0.24053057383177623,2.828713317416989,6.140697243142968,28761125.913241334
431,14591664.605665002,0.3211204724912483,2.8241846460965445,195146180.0862028,186905964.8570769,0.480339984027683,0.24805218470381782,2.74983218707759,6.111720807305485,28951173.383178785
432,16907974.70633365,0.09222236001954424,1.7954867719376484,61893388.49791926,61457126.43859428,0.49140871787827595,0.11440424594786965,3.7647740188073415,1.7394875234748266,18199122.388591796
433,17799622.277604453,0.10329492416234809,2.050892425321224,86204344.75089926,84606730.36993107,0.49923962168085023,0.11155109228140306,3.4275092430787315,2.7054190163772605,19931821.281738818
434,18360818.209666412,0.09195522799252101,1.8780523676511665,98104468.93910317,96025197.45254071,0.5051199381939426,0.09636109103814851,3.4230089419553282,2.6217367475446647,20386416.955632918
435,18420171.21612795,0.1055075135713152,1.8011657892997985,133531002.59072052,128734075.98688303,0.5076913784607491,0.1092207486710264,3.2582317202780526,3.1745036940419853,22470820.711810462
436,17150327.012867842,0.09870312091354652,1.9951259282044151,164238425.914437,160644916.70204803,0.5228860450537842,0.11901043267370558,3.453656592245476,3.780217460620878,25018416.76730483
437,17405937.585795894,0.10533140703218687,1.784757012068839,198756569.60053992,193940189.07645082,0.5445767987820973,0.1177247733489718,3.3666184699739827,3.825304067099494,25663905.903266214
438,17965015.439455993,0.10819108118068518,2.43628812035985,56069252.95741898,55395218.57412611,0.49901278588336806,0.11491579324938736,3.5111433614392764,2.2926554967657737,15893359.41318779
439,16718002.126331374,0.0882002371033628,2.6342234486687293,84970493.40909702,84309603.12573011,0.4950131047822847,0.13163243166554797,3.675779752080214,3.2206823113096488,21036485.307636768
440,16228534.895057544,0.09848933792705473,2.7460953162843253,112861046.03448719,111430771.05204159,0.4960731846985685,0.14129972399371607,3.679868767845112,3.867217583253417,23552689.386189174
441,16750086.442079179,0.09254254330042436,2.4158407368826254,136406147.9767,135876863.6228213,0.5210771568691618,0.1280385576527942,3.6212756165785223,3.8251873975198105,24212330.895347137
442,18307268.54359339,0.10724791606254712,2.1658567139604097,168314048.39315465,161720026.63738397,0.5417869892987532,0.11340421720011354,3.315089507506701,3.789311148188671,23909866.67326982
443,16537709.072232919,0.09194530237871344,2.693572937417087,196241777.0920377,193636299.79997393,0.5416233715436828,0.11354475021882965,3.5244655654208383,4.784043870953286,26941154.85867291
444,18095523.06853713,0.08901316652899634,2.8923936987249133,64339178.969871625,63670198.728322156,0.5163952157297009,0.11112728825679281,3.5862809638707462,2.8781200729870067,17099047.79022006
445,17305701.582123473,0.11008411729411963,2.9177890471654866,83181453.99077141,82885967.9840563,0.5163627255293608,0.13401288831828825,3.5360837988768985,3.4903657150935197,20075500.65294978
446,17711000.9978931,0.09957548537957676,2.924243108731989,113968596.10120182,112498259.07503226,0.5202512567274469,0.11673966993520966,3.5393621956420187,3.9157456633369803,22167315.874140184
447,16472801.52837742,0.09452129549193646,2.9602428109294836,133113301.24859864,127377489.41242862,0.5114989678019717,0.12797323417368703,3.6924605529064376,4.236210364414127,24369703.75383707
448,18099866.40901597,0.09219952264687564,2.8947998882841324,169723993.51466736,167296058.44324803,0.545089749663683,0.09760738644996414,3.468853403514455,4.470126975215905,24434840.671864178
449,17150184.464303996,0.10531303457585359,2.9925146228202735,191843118.92262518,189548563.86119074,0.5314621574973778,0.1064465333654311,3.3636250533589482,5.045395453458583,25648399.583645716
450,17677333.515694916,0.13668618647236164,1.8706557984674208,56380119.62717408,56089508.79010837,0.508720939517996,0.12870442234792226,3.4159174044480682,1.897994567554062,16355869.231095113
451,17497894.062660336,0.15447905192076233,1.7503160118098564,78084125.3316711,76935294.03562559,0.5033597377460683,0.14047115666689827,3.2257561821924168,2.5102062383442605,19436215.471680075
452,18147533.446492303,0.1128251113830405,1.9001611550519628,124418587.53571814,123735427.83784871,0.5171903256460155,0.11700224313937024,3.2691015071334744,3.2462025275311372,22225265.327234976
453,16790231.942353558,0.14484827113624904,1.9903433471824126,141596628.21307233,140973971.95505458,0.5226333364521837,0.14878007632379264,3.303533584747504,3.802742558669216,24404244.2469764
454,16229352.442349296,0.11486677515436405,1.7613628474863772,172141079.85933664,167730079.30830467,0.5255882877643668,0.13995848854977191,3.4824527646780563,3.8010455579597617,26482906.203644834
455,16150544.533947458,0.14405915896846502,1.87866182204341,193502376.60604805,193348382.03748605,0.5697504173869924,0.14522818726008227,3.34516270307103,4.271765376466727,26968025.97102153
456,16967824.81457324,0.11230471878299436,2.7210919346434355,58665115.83763687,58182280.36291455,0.4997378573831777,0.13702888484598388,3.556453005384016,2.799638593824996,17363345.793124475
457,18175923.3441285,0.11144510967569385,2.7096882431022173,65649796.43413386,65617272.38698875,0.5172905924598791,0.12323904629854206,3.422106934595968,2.9042668654720165,17115702.289791346
458,16471196.812704662,0.1573268282450127,2.3790456176872636,113036578.66026135,112086261.53204866,0.49473363587431773,0.16207598262786063,3.335940583938346,3.805920767949215,23387149.320989475
459,18532048.052644342,0.15108391985023648,2.20124731389549,138128811.22892115,135866609.90388718,0.5411674282823884,0.1447620725331495,3.1140623897108783,3.7286014143129695,22345212.240011625
460,18367681.222636465,0.14065272640223858,2.572151438752083,164647231.58064398,158875806.794737,0.5441563145362093,0.1282990511188116,3.198261429057229,4.220293019264514,23507269.694664717
461,18136572.798317432,0.14940742566002027,2.2515589911923106,190814674.95080724,187522911.2862795,0.5747927560765993,0.13354359707433078,3.1486666073217537,4.269739219389839,24545403.218132623
462,16722845.953160834,0.11479419204962202,3.090069447464158,60123861.28621073,59984900.13033276,0.5045715264744729,0.14655444871585488,3.6044882337701396,3.186070159162564,17918023.66929306
463,17402682.241066396,0.14912109568656043,3.058413488675168,93984122.63582578,92728483.04727781,0.5152980164030238,0.149442698907339,3.3739862917266827,3.907728897204219,20864597.981725767
464,17987030.900108077,0.1179751438367074,3.018150646243176,115803309.27259292,113111879.36630534,0.5320572709228732,0.12255650095760791,3.4401435003911374,4.035784681768876,21912075.03165119
465,16540993.470245352,0.15546633046159272,3.043882183615338,149280436.9002749,144917683.32514042,0.5000697659092389,0.1409722301590522,3.231144006304489,4.975462850945956,25034664.44286951
466,18489491.716882464,0.12078084005911649,2.9330970360179496,171421751.91449502,169516623.88584453,0.5313977352875668,0.10620924439151588,3.2438400553814133,4.6384611689470425,23981048.042527158
467,16316821.506115535,0.1214928617390643,2.9962771040180236,192290345.2227481,190377572.0819093,0.5314930461400099,0.12318813384003056,3.369290067782083,5.199452689777334,26488270.47296778
468,17263552.82781462,0.15998256110137468,1.7373269595179004,60066797.56408867,59715954.382303946,0.4959019725059419,0.14360051838703883,3.3297172184779735,2.0230201516480255,17406162.813146535
469,18017956.176508877,0.17358409104792022,1.9906342971814843,69612556.10768047,69172329.06161222,0.5078458872991266,0.15515711716794922,3.1391583818316207,2.5628565636168266,17877196.997175306
470,17284471.736368712,0.16476092423806807,2.024970190977036,113443829.03479953,112577952.51652934,0.5034865086750987,0.15946785077512188,3.1690197801399616,3.482867325394531,22557412.02936973
471,18526247.343719535,0.19123922469187435,1.9887126330545741,153825349.4135602,151415426.1312069,0.5321252189059495,0.17086461880322812,2.976865611314217,3.798576456987986,23193786.77572219
472,18217157.516094442,0.178989213589783,1.7834203754813303,165787822.38224766,157949473.6967172,0.5429298282105692,0.16194208216174952,3.0158861765747287,3.6898168250524503,23842126.326431252
473,16344545.542093724,0.20241107116943166,1.7587811852154598,186837001.77100575,178726484.13475144,0.5367702543444982,0.17419505427603743,3.113083501090575,4.152601587211726,26347091.76974821
474,16336384.198043687,0.19335414506351195,2.3465031284398075,51596554.52950614,51269373.54134266,0.5036751854502656,0.18875745325377521,3.2672222912100732,2.6194336426290605,16753053.998223562
475,17097442.398828276,0.20353317754822883,2.517273220995781,66151296.39222757,66063258.72802606,0.5120101390364596,0.197421858992762,3.1542046919026614,3.1398196793615956,18242443.11314387
476,17172249.290247858,0.1817075446090268,2.579516413591109,106064773.26341937,104373972.676293,0.5238955013248291,0.17392390212441253,3.2078401477454555,3.8650638747433423,22031673.10087644
477,16812893.310394544,0.16575031602331117,2.491696534664472,153759153.69912437,153709937.7388159,0.5195033731745703,0.14672246975442307,3.1850297689300735,4.486449155435654,24892545.219235525
478,17743041.063278425,0.19224988337542376,2.7408404743097092,183202264.9234728,179121792.79680395,0.5502746488051692,0.14827368331911273,3.0108117333139948,4.852453442415262,24450774.150873117
479,18550075.514575575,0.1677169933111461,2.766943348637577,190231649.15546197,185244351.63221616,0.5628771790718256,0.13407639339222852,3.0175362947525106,4.767429062371209,24321699.844091892
480,18298110.172021624,0.1703210916526536,3.033781603841776,63218017.0575331,62446280.00709557,0.5312271948041613,0.17020758519032636,3.2264804712667017,3.282342873587366,16493075.724575032
481,17910668.217895336,0.20334833202163788,3.1116225987545394,93249764.15838972,92508600.01657473,0.5392040478674849,0.18224684181030013,3.164583071910895,4.061906702818771,20080566.369735815
482,16687372.722791338,0.18679261424084057,3.061407783705737,116579833.54303421,112650359.91177239,0.502295758029409,0.16190598274757156,3.23835981980673,4.495701053009638,23075790.791764453
483,16370934.388432236,0.19352973453906996,2.8503185877404107,141195871.42656267,137389079.45861214,0.5327647737749519,0.16200697811027467,3.1839742577447185,4.733321033091582,24626313.873995755
484,17910284.711334266,0.16832133872047012,3.019077479176604,175066371.02785656,166159284.60548908,0.5423584634617098,0.13428530938182032,3.085663530516584,4.916155181511691,24274787.730984144
485,17710892.255587395,0.18836061427002776,3.0471985489508846,191508476.74373716,188656344.80675343,0.576390651913707,0.14562811095269967,2.9181119869597323,5.342997341469642,24852541.788836356
486,18333853.68951289,0.22762509991798105,2.0302025573777724,52119522.424617335,51629855.274055205,0.500185439238444,0.19806390120757006,3.077280470802981,2.1770194633241706,14665466.410192464
487,17314730.150395487,0.20933720975969905,1.9388715975725868,68998905.35874099,68311326.61783086,0.5104231191861778,0.18507510901402646,3.07921313497425,2.656684923408091,18481282.071159232
488,17461982.59549667,0.21944342559795701,2.056360642902537,124556259.70949289,124244794.82765904,0.5100113627182621,0.19574097797304904,3.0083149014668273,3.756823542068928,22929996.754748683
489,17822674.37149029,0.20665075196251428,1.7935130529803027,142922790.54182744,141943897.7575297,0.5287261406020795,0.18378395765633962,2.9760399069808936,3.636623420943724,23272061.408830807
490,17732322.817601375,0.24291501585327807,1.756821685775825,182409037.46247113,181059044.3001786,0.5632698771626783,0.20352793518934006,2.884728791468383,4.07358038344283,24903436.046611417
491,17162705.944369264,0.2067320185932794,1.9388859017940383,197783755.1414792,193460508.74144006,0.5231165281938136,0.16454247161951985,2.9707931843758995,4.403016117486778,26071990.23058764
492,18649608.100174766,0.2059863641434752,2.5701286835183343,62265925.425791755,61651832.40567866,0.5187992464973135,0.19306399874574198,3.0657464977448328,2.9200527599481303,15967210.03322782
493,17028589.21134111,0.22263353452981988,2.3170852312624093,70344089.25712807,70036944.90221366,0.5232783782368434,0.21149072271609096,3.081269929693189,3.1192744506763286,18851102.333588764
494,17306029.161008716,0.2267646019786858,2.780645963618567,101344382.46253443,98323776.64363363,0.5265230185572912,0.20398800023183683,3.1181823239291484,3.977835699526415,21345844.772766437
495,16444658.443960449,0.2300992816900687,2.2515289782572108,143564053.05792332,143441127.35842004,0.5209765847244825,0.19045825780363543,3.0428635212322197,4.3669578681653025,24720970.246413767
496,17741728.155370757,0.25037842861063125,2.7712247519123476,174357185.55297038,170093519.1609352,0.555374174491035,0.18691615042143941,2.899219723966263,4.881727182615804,24167412.372009527
497,16799598.843107548,0.24248939684290854,2.2289072007921926,193101348.7516125,188916872.3055889,0.5369836041582668,0.18376452942436527,2.9023932503632004,4.743031948262284,26044024.381900325
498,17507995.58627897,0.23573698585180886,2.8988219864574187,52439864.95168795,52270254.65475638,0.5066767835475772,0.22431389670158694,3.110409808400542,3.1370659320134826,15313216.781282134
499,17152087.70236455,0.24892539999996616,3.1067033360176946,69508614.6680926,68935468.12171726,0.5301769797517726,0.23102347641210919,3.1329327775840157,3.7578641614161254,18440138.030208997
500,17821562.94569801,0.2164960663151929,2.942650399085737,97499466.0231701,94846750.04841599,0.5311531028873283,0.1948626086789414,3.1192462842921374,3.9882450935317335,20482232.521230925
501,17775235.292631086,0.20600635918057728,2.982498500497518,150412847.65270838,146785296.43112504,0.5248360658325777,0.16078791740942205,3.012336457870386,4.786494364887817,23549423.305755347
502,16144601.891985636,0.23856345041792204,3.014079840614278,164795691.08814198,163546543.81975117,0.5078542166606472,0.18299891142234512,2.930176615014727,5.442864437720061,25776007.995562993
503,18178013.13246148,0.23089358328890658,3.138143362717525,191053615.44917333,185955677.53177238,0.559319396272827,0.1711263690300036,2.8183410974846854,5.353681953340036,24325769.96846442
504,18526192.372783422,0.2916581746310473,1.7500981988899817,58838188.63315565,58187844.33387931,0.5159546147033415,0.2424824504408653,2.952732206036575,2.1495109859585906,15715703.18406891
505,16671945.014626682,0.27243306140957635,1.7579780354334513,81379141.73433435,81021803.26793957,0.5001157399507836,0.23554713731309546,2.9377579757066474,3.008961312053262,20581066.150288753
506,17115580.830422107,0.27297373456005997,1.7679046333145974,106407750.92814273,106169575.17406735,0.5042292198457271,0.238962563639976,2.896218705683409,3.433546728416501,22208757.509945363
507,16472853.741338866,0.2979064580366432,1.8481798689938411,143989445.0443794,142983029.67216882,0.5186305782123577,0.24084922417720186,2.8858399540000224,4.125607057279565,24744258.482396718
508,17622029.404954262,0.2953203181317148,1.7651552357668427,182144283.48627907,177645027.17288655,0.5370581427251215,0.23811153355397255,2.792972901523483,4.150333588197061,24775111.648297656
509,18424087.35510204,0.27169437491240833,2.066317319782347,194184267.1221504,191141101.00891122,0.6100548077183914,0.21861163059684863,2.8244354390278783,4.355099611002361,24407004.14418109
510,18117375.183454055,0.26863671104327974,2.500865522719401,64894460.829110414,64602992.633517064,0.5275866766389253,0.2528449711500122,2.9693111729523274,3.1172939457749,16898631.400995675
511,16621656.784655416,0.27259341331397596,2.577079513950804,71562557.45648858,70426433.63361165,0.5297814901729235,0.25723829875834076,3.047297773909406,3.4884044965082,19356461.49860312
512,18674705.480615366,0.26106962919909954,2.7641750795213804,120957759.07147343,118967758.95944665,0.5510870890000569,0.2245912614515703,2.9731824902235977,4.109454075016917,21128300.541508544
513,16719722.167731175,0.26219723825108543,2.6740663258034907,152813302.68787068,148383015.2244372,0.5411345208745728,0.20081517778634153,2.890009651568258,4.882218955937795,24688965.457485802
514,16219449.047299435,0.28168260585107485,2.2694661238759277,183942486.65675414,179520375.799743,0.5372613469625391,0.20717579632487673,2.854287576547815,4.9203079557954235,26652766.250866283
515,16162563.953748519,0.28198145897118226,2.560735728673228,199611589.5255892,199355497.16287085,0.5482741835331253,0.2026653925331361,2.7402788357004138,5.4385979769029635,26625150.655727565
516,16439929.41253509,0.29115317417848274,2.835087218202026,54380829.15792278,54169582.22026516,0.522724797996063,0.27599254668260587,3.0596537289446495,3.3571834238871046,16951786.05673676
517,18141164.92643935,0.2942698036909993,2.8034433542483415,94249734.29625766,93047468.14947063,0.5479614155271756,0.26344088661408077,2.9724843838296677,3.9187750505502623,19856407.795709662
518,16981953.14895021,0.29314851160277455,3.1176894729725335,113650513.39375153,113590060.22439018,0.5210624281724856,0.22337816685490003,2.9221261752324166,4.788457256881349,22486321.913639314
519,16882257.24723129,0.261751768790233,3.041306043921828,136836883.54599023,135965026.77711195,0.5126124874354958,0.19633675621411512,2.9300399397673287,4.990881466500367,23992223.2559197
520,16521537.003651533,0.27514776115999745,2.8440542964312012,182443633.45407513,181548923.10913312,0.5248185752934562,0.20274468856963312,2.788515729325515,5.442586279704176,25853597.165844694
521,17031088.325040907,0.2833124360587181,2.944646695741225,195577039.7391468,194443194.54840943,0.5190816804819861,0.21083295934396754,2.7001468279717855,5.619508036195838,25531841.330817096
522,16908205.30348498,0.30175953221320767,2.0370246564343053,54037584.260999545,53936671.45652899,0.5120761650998936,0.26280120902535303,2.9590616495462325,2.5909935056848665,16588961.898277082
523,17999753.585835703,0.30455659164935617,1.7531869088953032,94406760.7376197,93917636.20818228,0.5145987435234444,0.26467371122713906,2.8146101742797973,3.106349042634697,20246556.823206663
524,17997507.68015778,0.3080893503672104,2.044419300671392,109186507.20222002,107040221.82931575,0.5355129561088986,0.27825219652578864,2.84938425782507,3.5322504990970303,21222468.71885786
525,17081298.22533746,0.32195245037511117,2.017190848710234,133355397.85121685,131399231.12923324,0.5199078802376917,0.26836792358597633,2.8614891444446977,4.005612998486133,23722123.996410802
526,17530494.632123757,0.30507703933475655,1.8811511721965612,168263034.00210935,163108771.69998875,0.514791603930866,0.24238347239748184,2.763293984515131,4.227804120305594,24595170.433516756
527,17521516.066043522,0.3152650943073782,2.0387435889892567,198585188.91849208,189672542.56866428,0.5196742429414306,0.23558551558626664,2.7122597842506515,4.614239903402203,25490728.954098396
528,16111797.152750032,0.3217212805527712,2.3258330545019716,53641059.57494522,53573185.811360344,0.503747683438173,0.2916126034244021,2.9652388244714425,3.0086560591561433,17288586.961392894
529,16369360.951789878,0.31615321552860154,2.4769327891206703,76870603.35312566,76165369.98721267,0.5150684587253807,0.2866564908208312,2.9725593510567414,3.63078256159298,20253785.35349251
530,17401223.669061594,0.3197404601428329,2.293044785390589,95587132.68405324,95273144.54654972,0.5253975241947658,0.28777486319936024,2.8991101154214394,3.656926680662267,20844564.568121906
531,18155618.545088187,0.3217141606686985,2.5219298003124253,141303921.9977303,140992199.21094006,0.5352488175167868,0.2566928596661386,2.8311045098242857,4.393493161273252,22849503.88395191
532,17147342.733237524,0.31508767850386543,2.3881572986639825,176563233.37557286,175589141.47199896,0.5469345472185775,0.23280524664976152,2.767914794301523,4.836687916714476,25076067.9333316
533,16267484.476157995,0.3188365777509893,2.1178632918008087,198641880.23742825,195014092.37514874,0.5585190255142743,0.2269122694969425,2.7810408088736334,4.924081956380151,26741076.07505448
534,16671040.745872691,0.3175811974449364,2.80999136384976,54205169.28869583,54003049.099521406,0.51970929517505,0.29837590423449656,3.0047730805912907,3.322093835331554,16587160.037659522
535,17638399.339652687,0.3001407715191575,2.9364694586640074,66766407.4013199,66382328.691389486,0.5326003946328012,0.27976999686512544,3.0067029014033193,3.6043396227789906,17573464.853761826
536,16626826.392215656,0.308909763859283,2.9611916691948954,121789461.49475437,120898189.16759542,0.5061579342381756,0.23211698648938847,2.898595046274729,4.811942007075398,23447454.255696386
537,16845064.096083377,0.3225157571710442,2.921940074779205,142557024.1367552,140858757.92676768,0.530146255041878,0.2357286885755764,2.8319376513626535,5.000342516039165,24049383.403964527
538,18498404.409950085,0.31591814790912914,2.890699316745763,157020815.21010756,155298360.10925457,0.5506770527173626,0.23690477225114628,2.776321319233121,4.856935585666485,22860170.08889687
539,16614986.833775185,0.3172591158520799,2.839076284539706,197401275.49975702,195126672.10001332,0.5388638564753511,0.23158989038322123,2.663689939102229,5.610611521067612,26125895.75562948
540,19183773.721405327,0.10549724555646088,1.8927379368813315,50965812.5230982,50697297.125189826,0.5031910588966214,0.10364386783682385,3.4966663793297252,1.4517737815994194,13849044.371591393
541,18988566.898897093,0.09507954067568192,2.0565033428853523,88092695.48479143,85559584.73087114,0.5280161462093523,0.09650966167384678,3.35617224275595,2.5850442180731594,18925315.583101995
542,19462400.035022087,0.09658903392572359,1.8386460968364615,114528020.57193798,113644337.58791594,0.519049826230646,0.09368782267602968,3.230003575567911,2.842505848030582,20569809.36082622
543,19658202.523706514,0.10459957371569671,1.7951457225609877,141119254.10960758,138340694.68204057,0.5620507121270556,0.10532644718146887,3.126584462846823,3.164031527260844,21583492.801481023
544,19594100.30709271,0.09906293900758759,1.9218026977737463,164369583.69513634,163547479.49542898,0.5504843377327704,0.10433581119454191,3.164193018106414,3.5139328031337596,22493356.643629085
545,19818288.9200851,0.10355686097586425,2.0052559386043183,192434785.30213213,187392933.6203691,0.5373184076888522,0.10066609728422578,3.124395077275038,3.7655868314842453,23421532.877515018
546,19697191.048152875,0.09149963192306396,2.1849087920531485,59372591.450544715,58942445.873907566,0.5071485876017565,0.0901076999470228,3.4588103974441076,1.9464362806872921,14887339.440326579
547,19002325.261456702,0.1038980874862034,2.136562335448106,92097142.28272866,90148034.74461748,0.5294305628459276,0.10680706816929766,3.27994167964703,2.8291769165366314,19236825.854490828
548,19800130.365244366,0.1044522875633424,2.5809994273654486,112540384.82453647,111206550.67205468,0.5449324812513947,0.10959535463188227,3.2429580869780943,3.462381812576858,19987760.256986745
549,18796920.564056333,0.10509234233005517,2.4489122469939177,150337393.77421898,148690954.13170573,0.5358716244268148,0.10944512441499234,3.2985144493902543,3.865551279138579,22835254.93270959
550,18958975.953458004,0.10804286305724535,2.315130419868525,156925317.3446334,154713727.1304163,0.5399086029471059,0.1102022564683222,3.2457327473154445,3.8159455215746148,22772566.246613182
551,19593672.164149392,0.09855654647778062,2.3456763331787442,197133644.79183513,192870164.94176802,0.5513073593690347,0.09628108131402778,3.212258754768449,4.053719885322074,23707612.876162548
552,18929279.376908038,0.10393903826051419,2.8415484184547988,61454654.87822072,60747957.82169428,0.5086358621751678,0.11022890578466522,3.4240079328726356,2.7793124728217387,15783921.69164883
553,19788831.908120953,0.10865785905523936,3.0943368742759896,69904223.96202174,69429706.28726588,0.5329636966285058,0.1124322442365218,3.344016822132047,3.1670394528499624,16264768.398471873
554,18994061.458644398,0.10738496890460257,2.836902239669651,117981895.92887305,116081722.17044091,0.5322868123831765,0.11219768117532486,3.3604311423353654,3.7626317757412315,21031153.281323902
555,18896478.66316859,0.10822888091956182,2.930499747881176,154604745.23755333,152142243.92008677,0.5418532886237425,0.1028796356148629,3.315677067707785,4.347567193453598,22716759.190173484
556,19148694.447886493,0.10794482980717052,2.8440792985479675,174886763.12516153,173632862.75750875,0.5478597211179245,0.09950272782160673,3.258499792497037,4.4262793078276195,23181919.32236386
557,19618350.423110273,0.09316577021773152,2.8004840227453744,196352564.5183591,192296560.57488793,0.5400006438531836,0.08452895186246993,3.2201437461931284,4.527675106223782,23759723.896121632
558,19305914.734612864,0.14605352193022647,1.997214897210467,52479547.095516115,52196823.968593806,0.5069334466990687,0.1314903085853421,3.2681416515524684,1.824550857750637,13930749.175366923
559,19140074.190761402,0.12885318595717848,1.9739617042433673,74030638.12696292,72976595.60554186,0.5156111951040159,0.11650677266218296,3.2155980539078084,2.3840961875832716,17350305.240001667
560,19603282.131322786,0.1493568662814559,1.776993116290149,100807653.26302765,100059467.39246994,0.5400191942103376,0.1333025522429606,3.0097469616199524,2.7953396987553623,19307695.617925078
561,19645009.914811794,0.1450528366482215,2.066006513293354,125192596.10052216,123865574.87602866,0.5397826885844235,0.13776787274549743,3.0248080299799143,3.3325444054118405,20865198.26225187
562,19703260.866103485,0.1287423068719419,1.8261439545452016,163880927.4372752,161741875.70289582,0.5352813778895932,0.12098081298909036,3.012710905064964,3.4982940807732703,22579229.02873028
563,19263873.534886677,0.11812183917634701,2.0026575399202433,189889820.54211247,181326061.6244864,0.5622920294747152,0.1161896475657956,3.1277842771483058,3.763702515555086,23573584.96338189
564,19926020.36595839,0.12293340611542383,2.603685088800425,55766389.13845224,55319723.45831208,0.5095993574089779,0.1167217014245614,3.2729866697266585,2.4226330426721336,13907500.46524926
565,18935609.773041457,0.1374388875081865,2.6913626038563736,80004936.2057398,79903914.02366379,0.5291000416394358,0.13867742504059763,3.219917280482428,3.23484989786084,18101268.550333396
566,19452801.47309831,0.1542496789174752,2.755417476075496,104841682.6980358,104143731.40050332,0.5501563804263014,0.1498861092321748,3.13350986590769,3.690863265441622,19724370.77286292
567,19322418.549071457,0.12868732991161216,2.205806204649913,138089995.79798377,135929347.3988373,0.5501074129017833,0.1279580210650196,3.1213284087431585,3.6248512844626415,21863177.7110105
568,19865178.37123764,0.12157786194124501,2.6265288152021538,181646406.5462599,179722775.45900023,0.5401615734611613,0.10489818397294755,3.03653452758181,4.374538019786122,22949179.271619856
569,18903282.829374835,0.13386625169200272,2.5564196331618176,197538237.99609238,196396885.4252459,0.5788483180217048,0.11812986956156031,3.1515915731999122,4.415645643152455,23876148.33250018
570,19791450.91084233,0.15391020178701903,2.977141233164533,56254272.73266023,55799275.11318256,0.5146822322714536,0.14829844806709191,3.182514387143955,2.913107276976565,13941035.746672984
571,19327499.917268924,0.13471008571839913,2.8008218492874004,92147064.55649461,91151870.21181299,0.5487722151887034,0.13684993171396354,3.2192293898054554,3.454304091854913,18860835.123099692
572,19857687.939429633,0.11605105236611614,3.1206815782490294,109647315.78088047,108541585.32401465,0.5450805845917823,0.11285595030168284,3.2928375628906488,3.906149418024568,19862132.39109771
573,19787282.88097524,0.12084539452464169,3.0261194095822397,149333357.40060356,145103128.07906994,0.5661985676666089,0.10907280346815175,3.231698995650437,4.291704737964774,21919869.926
574,18944353.801395737,0.12796748224427706,3.109889430730271,180120260.50498497,177472838.358485,0.5426547054528561,0.10517811699175701,3.1515276587943375,4.870167964381421,23490999.199442495
575,19310763.91871077,0.14458156829364513,2.897139180579771,193590183.77077618,189783307.0112352,0.5612006148469894,0.11722263504533924,3.045185254812905,4.737140524941356,23395996.679468155
576,19547214.330546662,0.20064574839828297,1.7738367169062719,52361899.1233706,51817587.79720504,0.5049392756797785,0.17372809578038223,3.1327079974095855,1.6931715194082482,13643471.509732798
577,19678777.605223168,0.1942236050888067,1.9626376109734978,91965189.1998573,89632705.12463784,0.5373229215635378,0.17274291194003588,2.933119720143457,2.8489823210691854,18486241.08679279
578,18921479.22038318,0.19211599127329443,2.0761373303729167,99285846.58311607,98971695.16373885,0.5336082524773582,0.17846093584468067,2.9707705591219855,3.2096446839767157,19719236.964010596
579,19763173.716760647,0.20157097398881205,1.7385050667890671,131061153.98840898,126112760.03192613,0.543678846660421,0.17930538577912217,2.8541821307157997,3.1818762482519682,20903745.239261393
580,19787087.839176405,0.16762934381022176,1.7606083778041262,163626967.33674052,162121121.47696006,0.5313784767036454,0.15105412768538454,2.8903837547048967,3.554310851431654,22466884.661769748
581,18710229.63903523,0.1864843380438745,1.844418312053747,198908645.84198704,192765273.19925487,0.5933730815517494,0.1665834279419421,2.967313990752212,3.9671306158967186,24271816.673995964
582,18977024.062356424,0.19669404962682005,2.6966696217774757,61787722.76513709,61527333.050961025,0.5187047594588401,0.18591292536861875,3.0799845718437098,2.986099903548336,15570091.248146366
583,19318180.826666348,0.16249104956850713,2.4114941317923435,88587918.80575255,86722653.00525743,0.5357651194889512,0.15607809356841867,3.070963881503691,3.157822336725351,18460523.58449892
584,19795782.703614924,0.20441362864230733,2.31398009429748,101727906.61698774,101623253.96434864,0.5626600625945911,0.19615250449441637,2.9422345066336657,3.342669798909978,19018222.598072037
585,19487144.21340061,0.18128857088413214,2.5669730608693246,149001997.34852642,145097508.49332657,0.5734522864194357,0.15796122345705108,2.980177392383947,4.157661624788171,22001482.06692301
586,19500322.53807035,0.18468083736551255,2.368533221332558,157795577.44345313,155624204.1713535,0.5633679662032318,0.16428835899500555,2.960720833370899,4.047180362196689,22415017.437128708
587,19848935.322852604,0.1697397387086393,2.434799068134021,197997844.36389747,193015914.770757,0.5836337484342476,0.14314892063606827,2.946484488965035,4.320374262960819,23368503.31183716
588,19056789.564603783,0.18613076862863404,2.9415593505443587,60378997.72289432,59885735.56418121,0.5197682404713749,0.17943983404810085,3.128168566415393,3.140978543377094,15247132.20620255
589,19603842.187571757,0.1961865889562783,2.8928979077819386,66861384.43140254,66170749.53861022,0.5286870944399436,0.1878765060742763,3.0686747381102957,3.205706930996927,15699199.766091777
590,18833284.664241135,0.18100556084122177,3.1174670346346813,123481089.16164969,122613982.84270507,0.5463139400057879,0.15273369745701026,3.1270509833815483,4.334875197127648,21273328.338139556
591,19505377.45360908,0.19627771268139776,2.8149683674705264,132706415.45566691,132299334.45050462,0.561617672528757,0.17183770610300814,3.0339940900277176,4.115216517207188,21010484.508331783
592,19761979.99754018,0.1612411485053888,2.9228058519617064,158076412.8729041,153312111.9486254,0.5811836990462612,0.13745176939502607,3.0897644687792396,4.3385210605562134,21846887.619975716
593,19249454.842417426,0.18689355470799524,3.140098777445138,199846760.3627982,199122181.2747693,0.5610743415942405,0.14100505400133795,2.846718608882754,5.224967963712711,23519068.30059247
594,18788219.000350952,0.21262518615312606,1.9834681495863282,53539263.547606505,53321838.36525228,0.5041952818988714,0.18462855205238274,3.086867575900692,2.1100063427843185,14571110.101293573
595,19342557.95314679,0.2368290833304257,1.9522965049937249,75577059.37779361,74945132.50119485,0.5272188416556353,0.20653674993936005,2.907735783180207,2.66567672655271,17220354.760156877
596,19978548.926668786,0.20828651439868176,1.9866225140494196,100235830.4254605,98147400.52958146,0.5551783398642859,0.19151459518000724,2.8771962790688126,3.0208642185301082,18888560.389394127
597,18980111.583073378,0.20945830831774462,2.022135778954084,147242095.64939573,142354024.59773335,0.5345404588570947,0.1873176413097642,2.904675308063062,3.745364031637366,22372532.322627775
598,19746246.94459042,0.20949977872840356,1.8744119756458992,175726913.25841153,172571744.79915747,0.548150923572654,0.18349076133434636,2.831328289247893,3.770124815346157,22675092.584702782
599,19922754.41926026,0.23278771515939214,1.8491345672094994,193901977.1956324,191004048.62142894,0.5550929883581668,0.19928525350196283,2.785996616979415,3.886449422833484,22862503.561787415
600,19770625.728759564,0.21830625608661572,2.552855335277035,53475606.048334084,53415031.3895243,0.5037915899907283,0.19826924416436773,3.043590447941361,2.566026258047244,13491039.466798086
601,18768053.78218483,0.2140407758293464,2.110775116435625,75465095.6418532,75207588.98201784,0.5215045052933651,0.19242867578391393,2.9733075069171164,2.8454544791475684,17749281.318066686
602,18927944.54703291,0.24073056637595103,2.1823987512815335,116939622.25322469,116217181.68283404,0.5404176609930518,0.2204491285605435,2.9084030542903387,3.5676310741147135,20925025.54723662
603,18928796.87982993,0.21868222581781388,2.1063481132019386,135918022.99283558,134649285.71393922,0.5435389041804118,0.1969971325716963,2.9086830206027376,3.7461666979437815,21967515.331375495
604,19363653.945328277,0.23223773179269097,2.253819069564628,166845702.86475748,163982535.5194127,0.5712051491515265,0.2007048900800603,2.8827128075215813,4.087688696163626,22552066.01314117
605,19802640.12057595,0.23079995216539062,2.4753869448958783,195506624.9472136,192817937.0100803,0.5881773828063539,0.17984340010206076,2.7789619918260966,4.5341250592476845,22938900.279700905
606,19414450.077453893,0.21592517795494806,3.080208377254107,59835928.084403075,59196138.33055265,0.5284485722977272,0.20710951959132504,3.0714892157238336,3.2702869365358063,14760991.413392108
607,19624635.875753354,0.22651360336995785,2.882382800129615,73777773.72927508,72907395.76767036,0.5528288772698774,0.21904805443061004,3.018393083017666,3.36543251520827,16535226.764595231
608,18912071.25131449,0.24169543666977839,3.075743237711831,113256772.10184455,111909067.95954864,0.5478913822603688,0.20227118162501995,3.0040593882704973,4.269506183175461,20507986.371439885
609,18846369.57905358,0.24440451892787993,2.8883057027517824,132499420.13485569,130444729.72051577,0.5641424889740271,0.2016513838587568,2.9764323373963393,4.345151589082608,21719415.63775845
610,19416678.334398903,0.2186457026178813,3.1273117168767715,171207597.45128086,165286746.08041984,0.5538447305671622,0.16666092585681652,2.8289207472237248,4.95822564088014,22727931.72342302
611,19319559.194372,0.23168123618840208,2.926974703682132,199260503.49114904,197851509.6755742,0.5529434449151562,0.17343053189801877,2.7065904571381445,5.16365593649417,23830918.770623658
612,19082630.55446689,0.27860460842293483,1.7773397030546922,53657194.80686119,53606795.24049091,0.5117709636485415,0.2365470371277705,2.993042244270786,1.9586279945246803,14264383.270098152
613,19131203.82748179,0.2554831417879182,1.9551941532177306,76105554.13185638,75886637.50542729,0.5244641232875067,0.22348907702613088,2.886180704698161,2.7381874506577737,17510250.632053923
614,18918408.98454032,0.29138630609676125,1.7804322220190782,117521015.76443246,114192592.04223093,0.5349040549864746,0.25798192813677884,2.788251785549728,3.2727246443830897,20896104.091450717
615,19534286.678022142,0.2890713823532666,1.9076892557411211,135208738.41870785,130308551.30413319,0.5547675715300063,0.2640425298494653,2.7857459175857464,3.4966850342090603,21321750.83694718
616,18786694.537077576,0.2855642735511036,1.9788820602527806,169962432.0122503,168718318.39688516,0.5541601544476266,0.24053824119866093,2.812003113288493,4.019941190039619,23430472.763579328
617,19272415.522974126,0.2688964158513852,1.9281989413820173,187193380.21401274,181648299.7512147,0.5597071883795585,0.2271575366521693,2.7922742492022823,3.9889082611997675,23309983.763694923
618,19299521.02129241,0.2990471343265555,2.4857248372413747,63301933.23462254,63164752.09196456,0.5188216290686863,0.2760193566475182,2.90938480298729,2.9429493055413576,15556636.360468853
619,19771792.300310336,0.290201888923071,2.660565535832138,67481031.40720582,66943109.17544884,0.5298528577972381,0.2728990845081937,2.9194184763904,3.115829865331029,15586284.837937808
620,19000493.666778598,0.27689241193741393,2.261680178024367,102818076.91853158,101452597.08737952,0.5371113202187093,0.256526321881743,2.871955915750962,3.4957146806267128,19908455.590167575
621,19598433.02694524,0.2714914203399662,2.701682826877388,131157944.52836709,129216225.96290398,0.5535791573976617,0.23428144613097684,2.9127749831310346,4.092466125024058,20973553.578508656
622,19234577.913115527,0.2750987228061645,2.4811129227279562,171463823.6575302,169196422.3283374,0.5565879343823894,0.2209471579166458,2.817930809363876,4.401795714506514,23015989.53525065
623,19613425.737402342,0.2590486999981827,2.4603034579724703,198266346.73486966,195112581.94975656,0.5660824209328709,0.20256444240849752,2.7834769547430573,4.531746026260539,23121432.499690954
624,19742835.10853994,0.28978855207404053,2.80064930213707,52772567.32925416,52589089.01625968,0.4990677519523028,0.2680585009972269,2.972261196318546,2.8709427789061968,13250483.228729129
625,19113318.40492515,0.27178640499217294,2.7920023924217574,76198856.74205926,76169133.85863273,0.5460604441087317,0.25827333572998973,2.9656191564540966,3.478007322168092,17296921.2322615
626,19964895.594976664,0.2753708902773378,2.803649350079755,122387684.96013531,120050369.08456154,0.5701908356394395,0.24337503998941096,2.9152648164845285,4.032164591868065,20014217.075826094
627,18784103.828646008,0.28663534228014365,2.980387879297853,133615224.10118377,128241483.58442518,0.5588137050949209,0.22854340904400078,2.917816269733016,4.4676790074125785,21677466.42601232
628,19434430.920562733,0.2616628581820451,3.035570644419219,184411531.1593785,181884868.87495685,0.5586488256114406,0.19825910178415215,2.6734203094073528,5.145063087719979,23096875.939203277
629,19123731.00271866,0.2752037711181009,3.096349404373142,191485821.48128,188324877.52328554,0.5529363584804903,0.20508053224143766,2.6496140407665902,5.338150823042085,23714659.829102535
630,19617644.807093613,0.3096737727265742,2.0018020826306047,58595405.66882655,57917512.52162758,0.5170284965701801,0.26872683213835774,2.9094318760347044,2.3049162530956684,14596280.409709994
631,18893604.840027515,0.3049706750488492,2.04559992095487,89597674.15948935,89432709.44536048,0.5440505048784049,0.27997454362541146,2.8214457351141555,3.16158033093984,18933077.791876182
632,19056753.50570826,0.31287952933511254,1.931035768480516,114904698.77683328,113299990.37408058,0.5338755450303267,0.28177563996017607,2.7859934061327696,3.388856973242067,20682158.22208763
633,18936010.398590833,0.3114631204049672,1.9164569631954955,128850741.14969686,123884147.7804409,0.5556937897985403,0.2846127403706405,2.7920611736255823,3.5402598202154536,21508093.487973318
634,18709278.14915638,0.31538153090908494,2.029784603008727,182383813.39784068,175127132.21369573,0.5554716817543413,0.25845011714343713,2.781915101471179,4.179348036389364,23910639.655172937
635,19200892.94526333,0.3206665421839236,1.8706881302991858,186221225.9864941,184145828.45051765,0.5577557858892794,0.2672344459546888,2.7441664974029796,4.026401347170898,23296381.635248665
636,19199080.62203092,0.31669204371886944,2.527634422844588,55784828.94218166,55353758.78364754,0.515194735385602,0.29194189516013597,2.920796356810451,2.805929258968698,14372187.278267022
637,18884352.307053164,0.3180362797864837,2.4888007628169806,85635429.57889633,84790297.18336192,0.5398365537653784,0.2987816831640126,2.882863648742164,3.441119230104504,18570802.14647965
638,18789576.16693256,0.31365607256489914,2.42941747489455,96805928.73086022,96299298.25394674,0.542019666053962,0.29023853885155376,2.8740773946858815,3.616053336004554,19638413.274748437
639,19535652.96006202,0.3117407321340266,2.398575277913052,137618123.16936707,134809400.0168245,0.5611573245364827,0.2765528596830238,2.8480763234168784,3.941018975310055,21396842.410894223
640,19580576.20520601,0.3147007755195374,2.5388293681736935,180681037.62892687,179089631.1270691,0.5897483283398093,0.24474985083622966,2.749280949647698,4.548238448519321,22754453.32707306
641,19188148.669971265,0.3008761492512795,2.534688227884204,197807641.05291295,193468228.82203925,0.5791476940792969,0.22738925888253822,2.7425028746033533,4.6923229800823005,23555409.14394631
642,19594008.837424796,0.30768163204998045,2.9493734240532614,56016071.87977528,55458862.24037821,0.5155057900177884,0.28963011789668863,2.9596273526618395,3.1160282342351056,13898077.005687606
643,19692972.567426953,0.30690935765840804,3.136072375331705,68362022.69918995,68069881.39112902,0.5426705029047773,0.2890301031278958,2.968125931772232,3.5562118841568884,15740966.333871089
644,19477297.910348896,0.3040822352373779,2.886078015601036,111321195.55582365,110140540.75429586,0.5605364557388125,0.26537086089861556,2.9138506901030095,4.078152985537253,19898554.88736563
645,19557404.21096262,0.3005432814656205,3.0737418324885937,151277926.04576033,150993435.72315967,0.576672748327356,0.22705636945191215,2.8236437658646545,4.728164410101481,21638377.590852298
646,19413269.264180835,0.3039819539115714,2.853120251545451,171410991.95030066,170940408.38893497,0.5629932987453199,0.23118694090428432,2.715216884901935,4.863802585629996,22482115.527397566
647,19897859.53962962,0.30587244498514554,2.8764612420761284,191447456.4527743,191381003.70844975,0.5813816800763997,0.22937397655989616,2.7216960132959076,4.883799945443736,22730862.48805525
0,6932660.013044807,0.09175129505704001,3.583733984527683,51511083.59009351,51397950.260547586,0.45559076364519957,0.4457663427958537,3.4694807704067596,2.222393385606341,43931350.32032889
1,7512833.538546697,0.09998513771444745,3.511748888764224,71050824.73281999,69716883.14672099,0.3255513134219981,0.572351309845382,2.490926410955465,3.0807787191653393,43035656.67623417
2,7787280.362958625,0.10506078505709014,3.4067259238903693,118972545.7463332,118198052.8305718,0.27550482504550894,0.529429227545479,2.9717447713736327,3.766606970532912,46313440.95786351
3,7168579.342646149,0.09250883902376372,3.319390955817032,145017196.2351009,142300217.97536656,0.4087709383031484,0.10052175875375202,2.4956691794402155,5.124240973206208,50790715.75421831
4,7145682.850966177,0.10074146063239964,3.6124411346515335,155475905.8849085,151884312.88600823,0.41656901632762355,0.10179424032400688,3.005854808463413,5.072735523644367,51551280.24175392
5,8091300.736090938,0.10424890748100157,3.3858762009509498,191693890.46742573,189220111.4725853,0.46538539688127245,0.38709562673270653,3.343477975570852,3.9217335047495085,48071798.48921026
6,7090647.464141632,0.10078672808217946,4.028571147861471,58721776.13652058,58357782.63266679,0.4228107049949886,0.16552352603169038,3.515659236608702,2.7676424575442415,44277853.26737037
7,7273999.313558292,0.10581185494922492,3.707045460468014,74352815.4011143,74177973.0567775,0.3978039621476624,0.32748739089820933,2.172076767054673,3.844046595876679,43943933.576118134
8,7451568.360015958,0.09501824267620376,4.187567149674955,102377574.81391424,100826424.15050921,0.3557123699859028,0.4937233004000571,2.4302436793754443,4.725283187607889,46029187.86200246
9,7430209.805504943,0.10135127317746799,4.301786062735155,150784421.5317953,148080178.1583271,0.3723777632578812,0.4534571252235965,2.2666965434515935,5.86690796095449,48805167.1786783
10,7345019.748518537,0.0928476191666899,3.8423507598681863,157948166.6362174,155420421.1955424,0.39487441033714316,0.36246679851911756,2.054449282701606,5.715552364370941,49316337.71354698
11,7577141.360359723,0.10273815664329233,3.658013526173923,191119504.25590572,185475446.95400974,0.46095929680626685,0.5100697824972913,2.5309511455013984,5.259515548281458,49948372.12088818
12,7985510.690246201,0.10502087646646771,4.4455149756814345,58301582.55615027,58003820.945854045,0.43885972080548685,0.5080049099342969,3.2835425618998038,2.4386252205858043,40073996.3117889
13,7010027.2471817825,0.10780934401602099,4.593617862858014,84407607.3032612,84106688.42454645,0.3772919149490855,0.30748145333761434,3.672412625291475,4.032679876287042,47633104.943815835
14,7657518.51582339,0.10654912240636902,4.4007028637778625,122486111.25217763,119925988.38799359,0.3586575432462654,0.5515056008154733,2.834430533512987,4.845965400338075,46810203.72250048
15,7596492.971134353,0.10335437536588482,4.6553801393998056,131431934.92073281,129960752.45751238,0.3563583902346517,0.5210088638303847,2.6478970845399052,5.439053435246457,47493239.06936629
16,7879535.193153265,0.1071779454660271,4.706090904033645,171221353.4470459,165861616.85802662,0.44661254822102375,0.4851828058037567,3.074137097027547,5.4416658059868785,48543383.44486825
17,7032096.566461248,0.10363474818417777,4.67909173014953,188415764.154527,186031330.58762044,0.4535552295538536,0.25104821408632455,3.463151469188441,5.97947289443022,53178236.09023377
18,7184032.284439661,0.13475928894289002,3.318060214324459,55852155.379864134,55828778.298152015,0.4712064538686097,0.170814473233876,2.4404266591001935,2.884219874440681,42782722.15106197
19,7446316.989013563,0.1331422447009828,3.318469544604164,82849829.97611876,81339563.88969722,0.3257620781638978,0.4878927578794229,2.364195469380988,3.3995001297343075,44416251.344128355
20,7312133.830240404,0.13261085763677352,3.37237928143838,99242382.17796846,97666733.59050778,0.35907322282486087,0.348001492943443,2.212829350269277,4.141471573471938,46138159.13796607
21,7104284.948731258,0.1305443002316442,3.5824464478864,151905594.5795938,149902627.3489497,0.4259658803471732,0.12842870231032746,3.092709319431121,4.896503961293287,51111637.28925105
22,8076603.027425956,0.11260907945168432,3.602361946514571,181965743.01754153,177036604.1258896,0.4122767443464652,0.3816792836295058,3.3304373125330238,4.052225659081698,47848745.17132904
23,7900082.360072966,0.13237277822595395,3.4139880419572113,191388735.31635058,189679993.3183837,0.42554247272432477,0.4572257369665982,3.057788109547412,4.382913137453211,48584817.43327067
24,7619951.132601124,0.1539346588096071,4.356754106469587,58233531.55158434,58033804.93013627,0.42375985688739753,0.6117674329146168,2.8055546291354894,3.04890134200151,40458687.509085
25,7660936.602433324,0.12696916530939378,4.339058765443399,92811458.31399594,92014866.63077068,0.3279187278442391,0.5813323653376883,2.881146559114168,4.079951892844479,44550203.42691313
26,7402329.610305328,0.14964089039345124,3.78435909596654,123248032.66152644,121525215.22858097,0.379066081251957,0.43003016162664964,2.398605247378975,4.718159665550758,47142656.70516194
27,7947313.997879704,0.12013153062977491,3.97189479982112,138062132.63268033,135674809.6811256,0.3454905647045497,0.463158367691473,3.195246577272404,4.17364935472213,46280925.2783058
28,7853149.635345542,0.11149972185908702,3.9348612712753672,181142260.5063814,179045656.2212054,0.4757842893613491,0.48532669834075565,3.071804399099125,4.7636117243032,48250089.48597337
29,7261007.127149774,0.15541889280074034,4.06748334495599,188808463.5391893,184467656.00094023,0.4719532967557563,0.24740290373856724,2.0607879183462368,6.277044377832715,50773067.16524318
30,7218679.646325514,0.1579503646797651,4.4863236270619105,60746846.680853285,60319807.00244315,0.49118093786911077,0.21830249879481944,2.459077237851565,3.973529611542519,42738156.51562181
31,7101841.254919971,0.12620773646474198,4.424043936995349,67083712.30923734,67045170.19236143,0.42167385967198484,0.18324668322158771,3.46157983492885,3.4761543301279048,45289001.79851713
32,7275001.4423156725,0.142810536417831,4.528916551860614,111362709.31843124,108753827.54271214,0.3476435109048909,0.25961187825489307,2.1428618157797437,5.519826671137743,47000417.1033376
33,8157359.8208464775,0.13389688754144663,4.473433278666944,136335969.64307556,136221165.98747683,0.37177263567992197,0.34920140879642597,3.4072986763154534,4.5172378914694855,46441042.596098825
34,7492955.591599138,0.14313775821952068,4.431480956749471,184296858.08434486,179107794.92266372,0.40487881736127257,0.4830131366581926,2.430147478188764,6.039014026400446,49514608.291502826
35,8053025.460125629,0.13634657205293674,4.362436430777605,191544131.94675112,187991562.46363467,0.4944140998018586,0.3788809726655466,3.259423880233982,4.975977365229444,48424872.44046239
36,7682919.19352208,0.20032886530883454,3.5536601189236565,63004845.68833422,62906458.323949,0.43393768916035236,0.49724244791128214,2.8730970937472224,2.161985240215115,40887966.56540838
37,8078413.335707899,0.1924213926756888,3.399479838840817,81672142.71744259,80764036.35015601,0.4082915990153186,0.3424066883700112,3.327156977962007,1.825703544698906,42148190.495352425
38,7713538.234656108,0.1717807200924182,3.596551657356196,113637672.08257863,111879956.35083893,0.3183385960202841,0.5169412180372824,2.8787944079783188,3.771214552263482,45505758.09495087
39,7521538.494360752,0.1641443747496515,3.3966417164455116,128559676.57148081,127527099.79292384,0.3651353947833197,0.4912431095050349,2.553977488837286,4.302353510350358,47120619.5623103
40,7371937.860399018,0.17497438681713098,3.317668965000752,160620952.45095742,157257126.9283865,0.422430657343546,0.35646658039643053,2.274910108351099,4.937010548396456,49049118.86635658
41,7238967.3596205,0.16974161936432164,3.53778184364769,185391560.05465943,179055652.93895456,0.4953738920181152,0.2348287316321872,2.1026974582038314,5.68995858288525,50694661.375773504
42,7560465.627541877,0.19025902867108485,4.159783161233497,52831540.50548445,52616041.81282224,0.4615562159081986,0.5630578522345074,2.7163214616310207,2.7325005976804224,39544456.42043971
43,7677160.255668418,0.18274520060942873,4.050366318675753,88104520.92196977,86830054.04096793,0.3256696979278602,0.5471280866288156,2.848864566927566,3.6084114922650357,43779144.04566488
44,7383068.4151779115,0.19988587840449473,3.814518192933081,114648132.40854633,111540287.6098926,0.3616902383736687,0.3945043192460988,2.4352051267487296,4.520047771506428,46661789.23826748
45,7263080.837307406,0.18045903309169492,3.9826492743687565,146401985.71390522,145974498.03064036,0.399977939333565,0.23783146682376002,2.213247289152084,5.621020597690536,49097381.09407472
46,7628304.838301567,0.16320330148903464,4.1015153396606605,158470216.58537027,153268029.01719177,0.43933663909184606,0.4915068855582095,2.7364952505899742,5.039149657819166,48121452.76272775
47,8067233.227383832,0.19047008459357034,4.215313617840896,190280225.7687293,180359689.51869282,0.4559917211682655,0.3507490519069135,3.237632553258014,4.740592587724882,48044352.490221635
48,7917616.893044333,0.1975793900846281,4.4477007531983155,57104777.69418563,56991599.82965621,0.4588954328636655,0.4813643369923995,3.169270911096176,2.559598895490767,39684798.27385859
49,6948726.291263352,0.19093079967453586,4.387807732564591,66630260.79222578,65793953.77241722,0.44603026924273753,0.4373621534510056,3.400159460768448,3.6059763773082563,45867657.10767802
50,7838287.07821541,0.1887132630991618,4.605067596184325,96070073.23833692,94266904.0347583,0.34173123027042956,0.5006346487606618,3.1299014977055655,4.018280678161634,44248438.74548908
51,7841761.115006926,0.17844894496445532,4.596157453857598,142861293.89664498,139740754.87515944,0.38943729443599356,0.45847357049564363,3.0815405680804733,4.91159288020989,46986676.08915143
52,7139807.536312186,0.19942363241780203,4.554013431491806,163905957.10584056,161664185.82670444,0.4387246173765033,0.16805171705214264,2.720293666889392,6.121377554894431,51016195.031326205
53,7702627.59761048,0.1995982384109093,4.513865845600003,188950235.62821758,187986063.52418476,0.43786441769959,0.45703630400213324,2.7927992530191665,5.625038590253011,48633048.50233568
54,7468095.814258827,0.2475412478110932,3.488251683832774,61115101.87537413,60477835.631732315,0.43556165612311076,0.4555135414711156,2.580423791980768,2.5282315659967507,41312092.510925815
55,8070220.52645233,0.24270362589628303,3.633811082689348,94762162.35068849,94395576.88698615,0.3535333409608796,0.33201850646699077,3.1451303325863766,2.654091977172603,43057727.93418965
56,7128505.6356943175,0.2503393063106775,3.5032655071104153,121713717.86982377,119801961.36993392,0.3699193706748294,0.21134324922936895,2.87921306300033,4.390444397612137,49387549.634630255
57,7235047.082900115,0.22009399151968226,3.3719211033689778,154326569.240823,151483319.74958837,0.42097387742531406,0.2201313743660296,2.4154910044226456,4.98938377699484,50071353.6382776
58,7876262.477795198,0.2137426521361606,3.464649715696091,177148970.64337614,176756033.75293875,0.4277975308856824,0.4179282346219637,3.034866394691266,4.171254978266811,47797127.488046005
59,7100187.905265699,0.24579049694109809,3.5891320144340413,188713282.97183856,187933358.31948188,0.4535658883309,0.19552556749413127,2.844756953450534,5.3627360820424315,51970046.35116929
60,7167520.910271319,0.2318829864719275,4.241825934036562,59026056.7135851,58676437.1200977,0.5002024145997024,0.236657857773353,2.848117684309015,3.453601685690283,43059714.8672734
61,7409261.011477326,0.20707357999121678,3.8803223828417663,84503908.63489333,83374646.4618381,0.3660411785767236,0.4472480465678466,2.5099645547190192,3.8174599029926792,44313853.33597042
62,7904480.115596686,0.2279895616381248,3.8582753870893733,110636927.77985892,107361881.2353174,0.31489144399111035,0.42568386357045546,3.0610847002835047,3.4274302549765516,44592557.57858311
63,7917075.813743979,0.23483166431798938,4.262346240154151,152820226.99389866,152659299.25977176,0.40283932070186446,0.3976043996420493,3.0989934508956813,4.641358428563281,46932029.173240826
64,7560862.590029892,0.2105640646107469,3.923695148797327,172877225.58249378,169195592.18442723,0.4563761678127037,0.4504997177976344,2.6023438143575373,5.174282468436936,48536338.163413666
65,7189540.135743377,0.20795836654089297,4.024420908293231,185759672.4132247,185077801.61084417,0.48401204464752584,0.2023635057504757,2.37765079361716,6.115113741105201,51170893.862307
66,7153433.642259901,0.22934754180728661,4.371546589371804,53561514.74766935,53330005.353426486,0.5254750495274159,0.23545886559927628,2.922839475752212,3.3345633235828487,42198334.22433882
67,6979393.599084753,0.23775898065253007,4.431811337811687,76083615.5109379,75713804.44613658,0.41824025437840134,0.36199432633104206,3.3533093870685593,3.912162664922202,46838950.56665794
68,8057289.412222102,0.21127332160471335,4.430990619652113,112073841.6714282,111434789.66504908,0.3457984355496376,0.38992459905983473,3.252465405224054,4.063581005194293,45216860.67440614
69,8017978.987471687,0.20867702668779964,4.566432931975678,132543093.79932582,132104433.37830572,0.3878336774700593,0.38788830552804504,3.223006606154011,4.622034609143171,46245788.15693618
70,8011985.413939272,0.2345603584963227,4.621330759229922,179278014.54359555,175689733.60021406,0.44659155392629,0.34842111453702285,3.1442347707212925,5.152861961943154,47828033.413125046
71,7441521.766099464,0.21357140472737726,4.549370809995494,189303343.71612763,188785485.49392673,0.41882647827148234,0.3975533353772695,2.3490336932718363,0.05309329177875239,49959948.56522982
72,7053973.371999283,0.29621781653510165,3.3206099480581748,56835202.42214304,56668891.35934708,0.4732290631232107,0.2854550609531586,3.0515915084333907,2.4738326309100067,44090069.32895252
73,7636709.203306599,0.2726389618056959,3.615277556804012,67049163.39181069,66958643.82967967,0.41159679145035893,0.46019568040178205,2.7952923593763326,2.4696329424665193,41514377.94706485
74,8041037.202230367,0.28545415056981727,3.474884669867342,96820747.59300688,95813791.33766463,0.34912487802193165,0.3246463590941186,3.0586954798344532,2.5937655359967393,43285544.667820394
75,7194523.806738477,0.2705672907723164,3.4890347810544853,152405134.96914592,148821885.45762995,0.4149933768135821,0.23237905426378405,2.563527619335937,4.962046035945702,50178365.98456238
76,7183578.950406703,0.2979103558243664,3.3280942554724007,162752746.49032447,159263126.3453255,0.45496638357220504,0.23954488913732375,2.6134892930182447,4.97060227191511,50688317.02728815
77,7493093.691603156,0.2712548854200717,3.6343429074001947,197617836.52686992,191585016.015864,0.4584667497260581,0.38507857255335204,2.5246428645720624,5.160648337766466,49663373.84490898
78,8070846.6505289655,0.2765665566066894,3.998302195402143,52313759.133692816,51946794.49602286,0.5382670179750466,0.3422234880661535,3.2368540024475356,1.799770453649845,38247492.02488455
79,7841867.771395806,0.2802234952538607,3.7608076010248843,90706073.39351603,90275555.10458072,0.3484375123842725,0.41507103546460306,2.970151779948209,2.999704673802435,43228061.28861294
80,7467083.305809131,0.25834820210861925,3.8772831526352585,119050155.57283835,116585892.2433271,0.36362143426786925,0.4284488071391981,2.632375893806199,4.412453471333638,46494797.613446034
81,8150387.124862524,0.2726140190619784,4.302256869573689,129908567.83105472,128592463.93535778,0.38403024317823264,0.31588549905448254,3.165014955460104,4.242642994678421,45579101.95256823
82,7366069.073304885,0.256239211291151,3.80681705433754,171391219.50389242,165012404.1623046,0.4249025531631656,0.33552440146920237,2.4016766475718048,5.312097474606459,49335849.48113382
83,7154063.258423361,0.296748422640165,3.8517292807029238,194787438.67173967,191599004.91307548,0.45568877957269904,0.22571266589981592,2.6067862377746245,5.755209421905402,51652517.9587654
84,7539703.149754589,0.25664516876173754,4.691175806174914,63486046.734121755,63027299.644460775,0.4531271371345054,0.5010350534132617,2.8062478307620538,3.6695241349791914,41615729.53770546
85,7550726.083577705,0.2846073138816816,4.377097022416534,89679125.2232434,89315435.45599388,0.3766021005350755,0.4488129903900716,2.792124825518127,4.106449378532405,44572084.41134876
86,7342766.769444765,0.2762487430469796,4.368323478703521,122474505.00666381,119544850.28154409,0.3749113070245125,0.3115747237558507,2.5046360786970103,5.183828134673149,47758735.11885697
87,7005580.548418988,0.28035707792822323,4.636912118575863,152243569.15610012,151293924.5730273,0.3850286463833622,0.27295993750423253,3.040081780396198,5.905345097183781,51435118.86884242
88,6935647.203611717,0.2613977553818241,4.705819926626971,161534685.50205395,161344564.8783954,0.36744500897956245,0.33821926502460486,3.0487331249645333,6.201626423339907,52401083.07456894
89,8086278.084999735,0.2850388886581836,4.373304198496938,186396588.9742331,183164913.5221966,0.4587882716050572,0.3004886956071909,3.0772236046218087,4.988267625638234,47674094.076940395
90,7352129.083334844,0.3003793731916625,3.3385578214602156,55756157.773189835,55690697.48117349,0.4856253349118408,0.3736872593164173,2.570799335454019,2.3889085614845156,41070673.73623202
91,7859028.126829691,0.313832641680397,3.3402287021759305,86259397.40542035,84770099.93284886,0.40029747042071434,0.3578492336357596,2.9873349470630624,2.3063667419053413,42674420.674599
92,7343411.901691503,0.3076173523710299,3.392336269620384,96694983.8887664,94552443.82502817,0.36168524349594333,0.3703892958257219,2.564195219193063,3.6489490138551592,45700183.81468347
93,6950438.323758548,0.30350150254345537,3.417450437046951,146617589.22476324,146137103.53220963,0.39905706083062986,0.31830221453613794,3.0732195472268686,4.7368106576132325,51607218.12727281
94,7521472.828511361,0.31488120027759275,3.5975204232292217,180512082.7133889,180330795.7203726,0.4415100066322209,0.37989722364556444,2.630254897957668,4.904435753670867,49005335.04131994
95,8151322.347926982,0.3210174866340838,3.4305402056231933,187972907.3144989,186297556.17306677,0.4284601111949221,0.28542314027030846,2.9494843168052767,4.082402145969452,47201293.9879988
96,7874203.722328208,0.3211494841941817,4.193309208843648,50550456.870583065,50290820.711677104,0.529323826380504,0.3958523128324067,3.078808900954865,2.195737188398673,38286974.781426445
97,7339029.671624508,0.29964732901460034,4.245709968864834,72158453.04699303,71915760.66023564,0.4314710804149279,0.37730304846786195,2.6653660947350115,3.8088539627191413,43687966.23020181
98,7003402.247276002,0.31725256313737515,4.279261424865813,113716206.59565309,110658026.49031268,0.3736247831140355,0.285001777926527,3.095318124057782,4.764608301581949,49436583.00304918
99,7819810.6331469845,0.32009876905754114,3.928543528543652,140716308.28584635,138754282.57743934,0.38226360475773075,0.3795084093198009,2.9594168039200497,4.259792136395203,46189369.36559826
100,7737184.276517886,0.3147721692668288,3.9741746204618416,156128068.19308412,152723270.8999807,0.40253664487134877,0.39072767115712126,2.911612260436373,4.530738974037465,47143453.525513366
101,6931070.947653765,0.3002669041395501,4.168723027358176,188175455.0694481,187795423.91820914,0.46156541239602866,0.33324869601973645,2.9483629382520324,6.002690680310619,53414663.38529594
102,7883947.7260114765,0.3034910501685885,4.474026345523765,56468617.637491465,56004970.89162793,0.4763206127206944,0.4257622576493507,3.0758224900784654,2.6792986008832034,39453028.94330141
103,7548566.68287215,0.3103061803036076,4.523844016738928,93548034.73722854,93094988.92923221,0.3900013408921675,0.42639206444245803,2.8441085868256537,4.267712342117944,44870109.92985333
104,7878684.020335804,0.31351990315205647,4.558256208373407,120186719.80570927,119050355.00270452,0.39461862020929933,0.37528785526677905,3.079127451122832,4.469159240001342,45654060.78918623
105,7775138.944024915,0.30258993625047853,4.3984100528731105,146425652.1497301,145983437.97875538,0.3937073667979121,0.38617939426281733,2.9567941907871034,4.895644495061197,47304034.57259855
106,7609542.627915977,0.31223861603631176,4.517433777800092,169828698.73239776,168473786.01099053,0.44885490131602224,0.3889528725788609,2.7154548132269762,5.626108459608588,48594361.99765694
107,7647632.51457973,0.30538158053979386,4.614820587487403,190852140.06375763,190483822.9569439,0.44049194947723047,0.40372520180742966,2.698384738816235,5.921499259242451,49450668.911473095
108,9993552.564635612,0.10222919852490317,3.5875122312013215,51856525.77061594,51696493.493316695,0.38527428907625283,0.6558583430374264,2.96954030382886,0.010497399012599884,29482053.679068528
109,9456106.577307545,0.09240730826896572,3.5587012318165616,77641964.96610835,76706750.62916398,0.3641319493272774,0.5246770941587892,2.5860307888110876,1.5704296639588469,35215974.40592837
110,10285195.326131186,0.10343361641733104,3.562472633012204,113881441.98986691,113789213.64398131,0.40264428256890983,0.5466604440156355,3.0946117154289117,1.5252100267040603,35108624.52743213
111,9418180.912022848,0.09892240451648657,3.3262969770782322,148328452.81771165,142405309.94324127,0.38420559380052643,0.49482487219319937,2.3894502677803064,3.016175519128982,39999254.82495987
112,8549485.08498826,0.09595327098205267,3.5527180877440996,166079304.248949,165794865.42496717,0.4461412406979206,0.09466175802563662,3.203263172294875,3.878773206617101,46107895.306318894
113,8871355.542254739,0.09180772986779455,3.5101563132699347,187558221.6750467,184991690.27420282,0.4890063803299304,0.2663517997311146,1.938067916456471,4.484658679754381,43117195.27260775
114,10637514.689113393,0.0931164611364058,4.121386843590343,60281962.20016661,60028005.93281286,0.3598509919091628,0.5934824530924907,3.3084224147873456,0.17740907077032522,28887737.151458092
115,9182459.74995282,0.10659104149858621,3.6781621393511132,81144537.67087074,80908194.66512835,0.31913979312090246,0.41538323466993066,2.2719086979732572,2.220446391455958,36567539.217960715
116,10667204.816730108,0.09542765337638479,3.701074727512971,104128833.8338199,101622980.39450537,0.3622388037807173,0.5371978422307047,3.2752802574769295,1.0596883035281712,33257208.554037735
117,9808104.440280665,0.0973568808182846,3.874368440374997,146665762.46843836,146150263.05281758,0.36959016549275936,0.5453965672032277,2.690003165985828,3.0796209820449203,38812563.15902093
118,9203417.57549708,0.09100909308979568,3.8295807713212313,156675242.38192078,156270358.73126692,0.41953122089438877,0.4335598843379876,2.2069427037662166,4.15507113817446,41039234.230692595
119,8510907.417885637,0.09535529950997845,3.9857983474961403,195282700.1504707,194432420.08322,0.48565106727914514,0.1141825642985022,3.4389903322123416,4.328180252657069,47739090.125745885
120,8242085.81124762,0.10679848258315773,4.3876301252617065,61486973.436597474,60601905.26053998,0.4249854438493101,0.31229026271608257,3.5826633519635838,2.141895888890174,40268795.60536513
121,9813566.731385877,0.09847150688308157,4.512445469008967,89912666.71202224,89439761.08030008,0.30048774176418247,0.5480356128550641,2.743331695959785,2.622470602701158,35538416.13769969
122,9275776.500355164,0.10940550436513159,4.617901072125873,104669412.79672961,103593891.29968396,0.3255391790458581,0.47136533514497164,2.311433742256222,3.994202299973143,38366083.77200687
123,8510287.626230165,0.09572513415264575,4.36441366140108,149470444.81445342,142802731.86615875,0.419733746782081,0.11862983971668664,3.4496951253381734,4.205262235606997,45720656.850761265
124,9178965.886879856,0.10723598249694358,4.503998850955491,174012533.84191453,168634653.54216754,0.45150688060393207,0.3992691975054203,2.1722725703868586,4.902557769660129,41976591.334649935
125,8498453.000508456,0.09955533564534486,4.370561802020887,189341783.76645887,187250789.1953807,0.46601204093803306,0.12444327052504013,3.4296911687541325,4.703506698763954,47591970.09673967
126,9649422.84294122,0.12610776424873327,3.366861284052117,59747583.18005981,59163444.05811399,0.39916105900857124,0.6127550548585361,2.77126864035222,0.5063135862043685,32011866.86683535
127,9582433.98789216,0.11206718061646921,3.6461005918075067,81436244.18368286,80387325.65709183,0.3629634422427962,0.5311255588306827,2.6833329481044723,1.599468068362938,35230840.4607504
128,9347821.998820089,0.1370253159549372,3.3478692309071936,104203961.93758313,101182317.91574903,0.33509397795448176,0.444407373542887,2.421546338534035,2.2759850784880378,37941983.48100405
129,9752634.637615167,0.15794427487744966,3.5668035951039117,148006112.32899114,142286336.20754912,0.3752929281377164,0.491344514160672,2.649074198061551,2.7258635452955478,38890836.57531093
130,8478985.00022161,0.1415428130714222,3.570233786637549,173033420.09603143,169190080.7580571,0.42512826364016576,0.1526133688568892,3.3124824542809326,3.8222509378283185,46794399.34118697
131,9433889.941334408,0.14108087603664882,3.64357992308305,188788194.29255384,186570468.0186419,0.4206652120538852,0.46058942359497246,2.383405620261332,3.85854911645082,41617308.546154656
132,9850653.156385493,0.12723968083804135,3.891086432852812,53802864.15418181,53378622.108149305,0.43015362849194055,0.6351862760996974,2.9407352100701187,0.5301332371349234,30279167.480792224
133,8284376.9916195925,0.11734984180664222,3.819644911380517,92385537.94707051,91829678.72879715,0.3253955058589776,0.2616378821708987,3.540565045842829,2.470694029026653,43105351.91772407
134,9934407.368377453,0.15327507941197605,4.0544458447551275,110544687.62968564,110223538.67985839,0.33920270376684564,0.4995338797026814,2.817432089125445,2.41649839582422,36568424.310976446
135,8664449.504496593,0.12202827998173593,4.101653916590419,127352076.7429874,126265146.63912891,0.36242186256175274,0.11599983027582196,2.472177022294849,4.468603934537201,43749754.92502349
136,9438138.523835555,0.1397377509470095,4.337041869683796,182874470.6990057,180883854.65829524,0.48117732082114817,0.4536914133445777,2.3999819400906155,4.485765761973653,41502693.19617671
137,8774015.558661183,0.15543419189578964,3.7092469397120746,195284957.63114512,194870123.9962379,0.48510616304282594,0.1743798226640986,2.1543536584258582,4.824883085695656,45290389.35167889
138,8748998.190846417,0.12451810564552576,4.653182593803083,63624110.56453423,63395769.75102397,0.4225289634785398,0.20533288995972943,2.1849914172862857,3.2869839445600326,37056827.59128712
139,8432525.088045556,0.12447182403388965,4.375037905444863,66040197.36540197,65872167.22886965,0.38752043842009687,0.18573761857777757,3.535762366813956,2.3002612554922255,40373448.21335144
140,10523837.497376047,0.12888572626695657,4.646822316787915,104754985.51842885,103898571.01442948,0.3625922285565641,0.4924371835669433,3.1623244488161446,2.152746453078409,34269271.81545226
141,9823735.240945227,0.15226087243859904,4.575890188635431,143744940.35293984,139180674.60747072,0.3728020516220746,0.5110639412717553,2.692454941344132,3.819709476636321,38605977.62816934
142,9111802.879603472,0.1443722114227289,4.695471363291962,172217453.02960768,171747899.01297984,0.438501904317027,0.3543593302039087,2.145109858686192,5.18021111944817,42315194.66408028
143,8444873.748380644,0.15473053848834128,4.61454307713316,199587332.87984,194539011.7697438,0.4798681503788778,0.16710237360555372,3.256590563596126,5.0736143452106885,47490145.1338497
144,9186029.118277052,0.188083030694993,3.6197543724230785,54539159.031805955,54229924.953175284,0.49851661554374166,0.4044804698266333,2.5190728190254914,1.1249530675398502,33231821.199252207
145,9625592.200346142,0.16192374446869656,3.5099822642337477,65123969.45606158,64807265.45913251,0.4083376624766765,0.554938927178603,2.7810718941233055,0.8456111529883524,33001776.684937343
146,9927827.440119812,0.19361197183025503,3.392072317572333,116302989.93248558,114070585.66902308,0.38248198658487703,0.48417784348265475,2.86660854301194,1.7373888809869698,36638585.989990845
147,8702476.832323013,0.1842376561940603,3.5461900780480144,145337588.62618062,139686373.37529337,0.3657578405908033,0.16021460310744898,2.5086558571010853,4.005849884527955,44420798.53132177
148,9342910.909226904,0.180079211856108,3.4246793326512717,169799925.5441717,165889634.2169811,0.40500855042572337,0.4227517544062195,2.3533301455325164,3.505091818078588,41030979.70080149
149,9243452.808353258,0.1648263545455604,3.4180513446759533,193089622.20170277,191171708.57366022,0.4482548455494805,0.3988317634316415,2.2711672940194125,3.829060879600495,42104518.64484608
150,8997636.006509332,0.1634727715367928,3.7074246202974477,60548182.66297084,60340054.387819074,0.460701893987562,0.31343809048107024,2.2596335610420373,1.7981082281421443,35057111.697819546
151,9557885.991393492,0.16556863151299736,4.017360325236985,79128396.78192951,78513390.84999889,0.3553887394899046,0.4720896208527167,2.627363792842927,1.9317956864567853,35295875.330553696
152,9663847.79991926,0.1765582384812369,4.211540578091955,105051241.75536683,104257832.23702268,0.29754024455581496,0.47468733379009087,2.616513276047925,2.846645326581889,37248980.48754573
153,9467756.911891272,0.1638847673718276,4.02629321951924,149415901.75793603,148101024.4881323,0.38172104828400527,0.4594567666799742,2.4501342761187304,3.7893076340609797,39962492.88119042
154,9936585.718489628,0.18525647615463575,3.862309744767416,160404759.18457514,160105856.3503318,0.39612568708745566,0.48564378476666414,2.7292677714130726,3.107457794109548,38814429.524622545
155,8776803.820081882,0.15825960410809226,4.311451562108601,198824879.46975344,186739974.8504166,0.45513191620379745,0.1783253945348969,2.1336230598180244,5.359112269445659,45108606.77251685
156,8998333.640235905,0.18863398634105288,4.36834651441676,63923593.18422967,63781127.16325616,0.42295614886817806,0.3390001666280035,2.235988970443314,2.6617871035899543,35626481.55195522
157,10155079.898152154,0.15852588182075486,4.637711730926228,79382133.64146104,78482340.64377552,0.3638669951590373,0.506945948139244,3.0089767902772633,1.8334415245117386,33351459.488873325
158,9725912.325131448,0.17177693345545303,4.38720063624099,98193613.55213618,96181301.56947075,0.28867825488843524,0.48494441318985765,2.6631462268429793,2.747283057354384,36449573.99554467
159,9655256.990474446,0.171037575160277,4.608470003149404,147316067.00580505,146228294.42031997,0.3792195438178735,0.4823628577540694,2.596174465489759,4.122049072342157,39456893.77985044
160,9213531.39239934,0.1990722523094154,4.6494190528538795,166285723.41382638,161385007.59218433,0.4230010250659642,0.3745791896609375,2.3098105889574216,4.821293945423073,41627624.27165524
161,9700811.528354514,0.17631923959780285,4.50355150286746,187581090.68789703,182095121.2792426,0.49447681942573085,0.47941366261934143,2.621553647105273,4.278564257176669,40745541.67093101
162,8572464.93763585,0.23181759861519177,3.4111964962554158,61905442.773795076,61194711.603206724,0.4548461926773185,0.18537660290121144,3.0176031371141145,1.4304766283833308,38617057.32242194
163,9105689.441509144,0.216585782364133,3.3987556437154725,82650156.3526497,82543445.95021668,0.38219488990701994,0.33044123534733433,2.395074860719118,1.9540245341829885,37426169.58940352
164,10083215.376686582,0.22128955174288692,3.5981652270208735,117948341.12618737,115032754.15622677,0.37513106120507766,0.4603827604743965,2.927869885910122,1.815753417857301,36383785.84898337
165,10039935.076365594,0.2482172723971635,3.5279268646222035,137997336.52319783,133234732.49671896,0.4166414090642958,0.43159729390722434,2.8693777384008006,2.118385765848477,37582211.47093955
166,9084898.219993126,0.2180117975866571,3.3786835195408798,183453238.21090484,174231060.9515773,0.48788696349175265,0.33486079900451743,2.2613285247713213,3.9616061417838093,43037073.96094626
167,8541721.442418225,0.20588330887414993,3.424188656795362,194320777.56240565,191659369.7092721,0.46145352960240066,0.16829413635369744,2.969746424778701,4.091128378077153,46879195.333015114
168,8697026.575555114,0.2215429711244531,3.9303329654673336,62637501.599711634,62520146.797885165,0.43556511199373565,0.19627566507090227,2.577878105693406,2.352057945930489,38040586.60709787
169,8412686.11627682,0.2401026593670626,4.046554858705038,93345232.67254579,91977496.96289994,0.34145690398761525,0.2221478812832092,3.060192223335382,3.158920033796484,42762286.5231667
170,8709714.177488629,0.206339356785255,3.8200005647447015,123263308.52658722,121462792.71292982,0.3615215970505814,0.18151734333374128,2.5378834503475023,3.9675898905006926,43266529.71848544
171,8195552.578917113,0.20572179825424916,4.316627883426247,127876138.95810546,124463288.39581412,0.3669478418611852,0.31000876308199693,3.304529937011308,4.07829548699999,45516320.00305514
172,8520626.842760954,0.21523392300001518,3.684779969718693,172000372.55056104,170750914.69680542,0.42218136848679444,0.1710063064322356,2.920260074385117,4.291693134246131,46102808.030194595
173,10561510.050806487,0.22381903581702173,3.9184501034358847,190617749.46203008,187183448.32526708,0.48493732267333145,0.41552706246782206,2.9745872996317453,2.62153333289929,37719514.39031283
174,10595002.88646123,0.24760207678373813,4.697383644350455,60842689.17210005,60451237.42517132,0.4496743492114111,0.475267814658367,3.2665052021883985,0.80856414392936,29254544.09816604
175,10091351.565513533,0.20907067432597312,4.697945116984416,89345864.32278731,88121622.90232469,0.32881241320803933,0.46291487564089245,2.9100758596605707,2.2568652943070657,34483984.52389853
176,10191431.206780698,0.2110153956284731,4.376326920708098,97764961.93587855,96047130.13483246,0.36210447667993323,0.45880260978211723,2.9858868687720985,2.0257532967798166,34874454.7728505
177,9397385.218920888,0.22914195734776466,4.623863021916385,135551783.06779394,132083844.19268246,0.3617758623824973,0.42125935244865065,2.4939864776299405,4.132401925304039,39645728.93777521
178,9256620.310103722,0.21080171224906247,4.432321088140778,174733734.26994047,169506444.19953358,0.4244563901389406,0.3789793689269783,2.3500708171170714,4.622020658435813,41808239.89156809
179,8769666.528296908,0.2108469823863817,4.35945618793436,192379871.55758244,188561928.05222753,0.46866268546191664,0.19330739968396785,2.3369396086328993,5.237831003300373,45144125.39059525
180,9326687.23448965,0.29265131556803087,3.4169979275058155,58896569.23952228,58571820.67462519,0.4898931681366566,0.423866075628951,2.7761531587360406,0.8078003184795587,33828326.43872711
181,9962496.252906721,0.2522736360545527,3.492335970294823,93387705.30138093,93205257.29397176,0.3884737912789398,0.463854640879938,2.9382712152807957,1.3318180664533068,35097258.6055225
182,8917554.607243186,0.2542655224169302,3.3445257592889774,114886713.40318006,114233147.16285035,0.330081578780357,0.27315053992245136,2.3467398885147843,2.9863644445330166,40733039.21128528
183,8401116.412190136,0.28084482194206645,3.312486554211891,127700466.79184768,127498730.99648443,0.33076810937416506,0.2254609774594631,2.928572936483652,3.1876498088389296,44584727.67282433
184,8536983.780349275,0.2962961281709395,3.476059715956656,159322975.74246383,155602202.86981013,0.40336324080933567,0.22762727914090508,2.7598376149820325,3.8916724717142195,45259250.89642291
185,8351200.002531834,0.2625638092709406,3.425440931244124,185377402.61843324,184510126.84619498,0.41615354399452564,0.2290203371495417,3.0181720883406733,4.043557675217552,47235608.41623901
186,9120897.313549543,0.2620816354807987,3.856678044273599,58433690.76552832,58402989.489758566,0.49626086680888665,0.34621317998719214,2.5669524567516024,1.5147300891991453,34449819.482751876
187,10738954.03251484,0.27970684425461145,3.7198450760132165,75919004.2109494,74657362.88451368,0.36817086876717753,0.43680362571206915,3.163874682680223,0.42206464460501314,31019349.946345437
188,9065324.048943155,0.28605926324419845,4.33076029187306,105897813.74502365,105538089.58456995,0.3276117719816082,0.34742590545780905,2.448036790676601,3.565211888286393,39514189.81361638
189,10597620.741603315,0.2552360453250242,4.298367117310842,141774531.15366104,140448365.86724246,0.41260930018754166,0.3996641055591149,3.0256336196654585,2.504852549413159,36063868.84774927
190,10268394.48641793,0.2701106280548719,4.150459665674604,158505610.17354435,156396663.8170143,0.4160261639442127,0.41126292929944563,2.8824681909781162,2.8904083197284933,37659279.00592789
191,10097196.549301198,0.26614848919556305,4.278870227152497,192832059.90936694,187704161.3088032,0.43892413474364056,0.4369596381843044,2.800460277598012,3.621950296949591,39665131.334408134
192,10199852.271874987,0.25586322476425205,4.548612065369702,64029623.83189787,63691122.500203125,0.4469125822109326,0.4689951306076174,3.1117657046428127,1.1401386913113012,31136638.95674043
193,10243617.532133985,0.2681515046825813,4.361935853741649,74718685.42756578,73905826.67212892,0.4195586663718198,0.44758448793880135,3.104274947796129,1.2654689214814432,32465505.86754618
194,9022925.212149253,0.2605803727422571,4.704841455388016,111410988.7210393,110884352.45969059,0.3545219978305808,0.3382345747133741,2.4440879082350127,4.106765875794278,40038535.965088576
195,10431996.182315307,0.27598106356480717,4.618163069530481,136178878.81170556,131868579.50447835,0.3657375240231373,0.40024857058122015,2.958817596610296,2.8638194317516437,36210346.12398136
196,9798721.501323186,0.28943236165059283,4.695598094196281,157262278.62794825,155189746.76169607,0.394399394814058,0.41371524385922737,2.727426283453409,3.98525601992921,39090721.65531039
197,8945665.206726767,0.26107161310610894,4.521418059867031,190053377.0946151,181268155.63638243,0.4251541980524711,0.2846970180568298,2.3124907555056167,5.146687655746154,43891811.62565073
198,9371645.861749183,0.31083310915869666,3.624755395206867,55151212.30907307,54537674.89206926,0.5231639577380939,0.43687202020861043,2.8401531290850075,0.7778515576111081,32831309.081352696
199,8400699.18845392,0.30095222944060684,3.529068947181221,84341685.74769364,84165338.7062253,0.36523648165838135,0.23475919929226619,2.9351570221390766,2.374841258767875,41665550.19375038
200,10106416.889626708,0.302753797703535,3.3906736240482243,119365983.23814249,117255836.52176353,0.3850475909962059,0.40636592585547326,2.9549619786587273,1.6261465929655003,36513490.48619723
201,9249990.20439682,0.3000277339840115,3.317804153288775,143328916.0178153,143053724.79243168,0.3545343367818422,0.3473771055884034,2.4939804515788717,3.077883348724956,41142704.52741739
202,10605531.384389278,0.31357729143051893,3.4120070634902495,165277081.09845757,162441732.3221112,0.4597884153445769,0.3545155297848952,3.013305988931976,1.8363566223881636,36844049.952412665
203,8832036.869909465,0.3195790332869872,3.4576121411029375,199945188.39268458,199641877.95046312,0.4506124849411271,0.2750647658595622,2.4712175372107175,4.143887334842997,44598635.5090334
204,8543855.95207938,0.31269885110745255,3.8678389657753915,61873340.48302504,61134713.81355146,0.4650071878689719,0.2467634590989177,2.789713607829538,2.10791872966303,38431363.36273632
205,8537921.384817116,0.3133933863886668,3.6831993174139486,70092880.42954032,69958152.41854168,0.4265259968519266,0.24032018262255828,2.788389712664918,2.1521203317062785,39589136.99507055
206,9295604.893803652,0.31571215755139964,4.173515516048837,105932591.5772978,105333661.71642298,0.31598116778137575,0.37066913242807703,2.5565373607879462,3.114249806578408,38647183.07834632
207,9460600.825925361,0.2996014949557521,4.044003547410812,132507628.89302471,130645723.25532721,0.3260376463603614,0.38591293019683987,2.586307472731949,3.368855551393245,39640697.279511854
208,8288525.10179171,0.31638757393994116,4.250202769274284,155365763.6684176,151465412.41105965,0.3950744061968461,0.2604708829988846,2.9363814366177157,4.656819657232838,46313108.820179865
209,8910041.454925906,0.3016521516028294,3.862991760088208,192701748.8349257,186098056.37183502,0.4250816267134088,0.2779083734824637,2.391478740829333,4.514011060321042,44142457.993873626
210,8842043.232148336,0.30025309164578,4.497142636481365,57787423.66051799,57126700.2404378,0.4820449580313016,0.3132256864328511,2.5393181203097823,2.5525017245324686,36091654.611646704
211,9232984.415488416,0.320354835030459,4.64577679524948,86107697.55345696,84396022.35600328,0.34143730701280905,0.38925136541792127,2.5708317650468144,3.010185579097317,37233914.73146614
212,9192568.258968193,0.3182117783833995,4.708989943730262,122775897.66276911,122258661.59533378,0.34850166700261254,0.3735937945667615,2.5735545747525324,4.06809853780052,39870194.397663
213,9206676.19202722,0.31698901028599896,4.5261061336347925,146795797.04506585,144554505.14695224,0.40054329839981057,0.3616263350357729,2.551361695787665,4.319079999123796,40943070.29584392
214,9401656.255631939,0.3070379050279317,4.489534310053904,174664922.95995697,170469654.69664162,0.4226751695593544,0.3768535317141428,2.551520656796211,4.40564290715738,41180252.28238711
215,9688900.948811958,0.30584729626187146,4.432360241141573,197828220.7790748,191091580.869349,0.4734209315086011,0.4005576981975672,2.703843755296885,4.12027275388597,40696554.053169414
216,13357237.388424668,0.11051499037107115,3.3851452078919286,62479456.11133881,62360754.635740146,0.4786125239681916,0.26877746131274943,3.8818322473821687,4.035057773059947,22747118.14078973
217,11860805.230637385,0.08742054871275909,3.627644383949073,65092415.56040926,64862236.9380307,0.42301349940211636,0.37648989988974163,3.7035860648196772,5.005364716773906,26226044.937657073
218,12000988.69465028,0.11017185685357453,3.3692487108438467,96950379.42399509,95279500.81260717,0.3878195538060684,0.34426401513353877,3.57664540715209,5.622159637376123,29174477.84841721
219,12265913.924465386,0.10819086587198976,3.5923386205684316,142300809.36102223,139843492.32931957,0.41149871050146775,0.3287444402935718,3.5577551269696035,0.2931257778599099,31259772.21804036
220,11824954.959148875,0.09095640498898079,3.568258281221866,157166639.36416134,153889091.23566028,0.4644494663638522,0.37640157860126777,3.5187946097909912,0.7730096747833197,32874302.039497517
221,11410201.417882325,0.09682732247761092,3.59653451116683,193079154.19463363,185678338.52974123,0.5019546720910307,0.406817406410058,3.449782486694426,1.265488453740751,34879532.724598765
222,12408879.275657687,0.11082159340818871,3.8264779868268985,59305127.92484649,59019568.839198604,0.45932162995314296,0.3203738341852779,3.7967599983722353,4.735926237083746,24192971.328611325
223,13204264.197134174,0.09281166046382341,4.303982434270583,87070561.03427966,86736628.00326346,0.39956741390925565,0.25530224827519904,3.7683460111399665,5.851365750095153,26345551.853316464
224,11385063.035373949,0.10639193285275123,3.9594146121697884,124399786.78366217,122880231.18629226,0.41490791981531683,0.4331152381057076,3.4898312352362635,0.9924802208426835,32545172.241081864
225,13102869.612057775,0.10350594431276279,3.803140496995483,128599540.87447332,127528101.91661079,0.42594210295771506,0.2558386523470948,3.6525779220451846,6.143836454231826,28969911.855780564
226,10850028.773664543,0.10866428559082908,3.697519147659122,155535819.37185857,155297140.32556725,0.46879601793995773,0.46845128540878206,3.233221900935188,1.7051122672926045,35523282.948276445
227,11308780.631134598,0.08847872877311926,4.2087973770892235,188895446.58530715,187407313.91348085,0.5278062541855996,0.40539841184776326,3.406740218829574,1.9696497912793753,35360279.071474
228,12462960.750769652,0.09540361745657659,4.414671572700775,56835614.15787311,56400527.262218334,0.42995562980463653,0.32303746402371497,3.78946851933264,5.308434167913812,23973432.68745456
229,10961082.385265615,0.10526172308336958,4.697365870449766,84937111.38710955,84366784.3775398,0.39224600461946374,0.5018163424909113,3.444237883658081,1.2761189681767346,31233301.813523978
230,12801997.520572025,0.08833429996694275,4.435061625028041,101237939.44436705,99612628.75259514,0.4017167147171508,0.29850244140152765,3.7365488595589076,0.22623676899641976,28233218.6722335
231,12655817.6391589,0.10587706433172558,4.62886460474124,146630434.02851167,143676146.9621869,0.46336695493309094,0.291760044105798,3.658254384539722,1.2105170339738347,30896974.07424447
232,13006378.597219266,0.08890849480986536,4.5362954880035655,160857480.02128583,157824488.72692418,0.45581003603819226,0.2653212095347343,3.693284302127827,1.078212618765113,30934470.73363044
233,10859321.056832183,0.09525558253428182,4.605147006219134,194213749.26158097,194042917.25890106,0.4501643395263735,0.48746076597419546,3.162828378917565,3.0849223787792184,37370520.84787573
234,12542410.497354368,0.12813247776614733,3.5874582113729874,58531286.88380681,58131327.8566419,0.4676501473707308,0.3144428031145554,3.797211504830887,4.4239438445192505,23729911.31251795
235,12065312.871272698,0.11206115458290755,3.5062046708649786,68876902.82650922,68779250.95252164,0.42803301255104825,0.3439553105268052,3.6966345301688177,4.92579551423624,26276710.32952542
236,11213585.78464199,0.15543476558716904,3.575233661443436,104531053.12408175,102636702.778839,0.3585874738322742,0.43528935952486053,3.350122994555407,0.43065636981486155,31673313.265483305
237,13091716.733856808,0.13844876187717814,3.3914955602367907,154843255.16550252,151531876.60103896,0.4758176150490201,0.25308318978126076,3.499773123543785,6.148510621975513,29947767.1450878
238,11037598.937480194,0.1387188948364922,3.3961353014609084,173625350.72952473,170168278.17970285,0.4832790991593673,0.43149820662726796,3.3131451911269982,1.3111304245652313,35161792.28835112
239,12210097.37735993,0.13887007898305723,3.41484508248413,186632692.1426149,181987043.0158036,0.508744420974733,0.3299255622259096,3.475072453744148,0.6176571472744156,32720568.2063623
240,12021050.95149072,0.1339062789306648,3.921513694711192,62064292.516512886,61391211.17884946,0.4282214861350727,0.3489417422688904,3.620422827624071,5.272680635222852,25553361.551664367
241,11848367.222068857,0.1197237034558326,4.3317203343965005,88289856.55727413,86597189.44433261,0.3752943384176343,0.39411700559968277,3.5830195329615657,0.36512900861098296,29122143.38437242
242,10943149.077769756,0.12090403748897995,3.8357700838577085,109084357.58635172,106293459.64142974,0.392710580608264,0.489898528103989,3.3620355081103694,0.9679997423256078,32660202.66094266
243,11627987.258474,0.13098937305533512,3.7410028375899627,132300527.82455596,131940294.14155489,0.4187796406052869,0.39286855945721416,3.471809368444884,0.7342722710577209,32155926.561620533
244,11471563.211821664,0.13896722752353,4.268397344882563,180681853.119044,177947354.41492385,0.492597270826079,0.3711186927741526,3.3564508051553945,1.9993765468032287,35122322.231118515
245,11198619.621744655,0.11499343659310646,4.1784697297156725,198715030.309406,198583541.52327222,0.5339797726533329,0.4215266118620793,3.19955599722131,2.3732618987206697,36086561.65338777
246,13102519.069806708,0.15075206148713635,4.513469467043572,52193625.54618117,51870916.6876402,0.46092121381530793,0.26189479983686303,3.7164142532279634,5.1333304942286375,22001234.46743921
247,12310261.338728122,0.1357464354776564,4.497904647916892,77996656.62123522,77548858.92727757,0.3989194222938043,0.3428891814763386,3.6128836264205964,0.047482768925036736,27165775.845363896
248,10865546.759047598,0.12452746506598919,4.469800709648634,102831055.82332848,99835038.25082624,0.40447809871189017,0.482185798419801,3.349988162957422,1.562053970811416,33015515.27134239
249,12177383.017918047,0.13873174424591223,4.53100036175159,136658332.25136146,132545146.97180653,0.4407459920427379,0.32738768226752957,3.573332897454425,1.257711163063692,31522092.923650928
250,13102446.226569816,0.12636970529350597,4.3674026578385075,162846893.36134037,161478089.5373461,0.5053252915500874,0.2558118964011812,3.640117197263418,0.9833085166384441,30641283.926371504
251,11406181.063804222,0.12672680578459541,4.383653194957383,191403794.78509694,185244339.797179,0.5276484012001469,0.38600501787720315,3.31582746436655,2.241042047666192,35566946.11726782
252,13404139.765005117,0.1848692677033409,3.5878858214614935,63043117.28454813,62695185.81580042,0.46365984302695584,0.24449624683462262,3.636015318441556,4.501468288555735,23037824.60816679
253,12601057.945403872,0.17336707402192186,3.61220982981772,92165307.81523472,91965983.92320265,0.41479878431242795,0.2812547049020571,3.489806722035888,5.695032827877371,27582351.325841792
254,13159287.454945575,0.1800702544071108,3.6315488342302245,108295632.91924113,107113948.24848546,0.4152887951183239,0.2451641596985264,3.4493702207494636,5.885454876368846,27912060.613284297
255,13059361.856828086,0.15999410281215135,3.3122172676904986,148913648.32277986,144312751.52765048,0.46043551443723735,0.2561835594287203,3.430064457472252,6.113044453020792,29967928.45958808
256,12039191.694435384,0.20441863749941389,3.5240970649991645,164206124.9266526,163248619.75924495,0.46557515358371276,0.3215982312392535,3.3546167906684055,0.7909033266761313,32425100.61554417
257,11891556.585265998,0.18757630289220253,3.4339378269773344,193684359.65591192,193401583.27134213,0.48492817139677763,0.3282026254204366,3.3493253835045023,1.020022771694817,34069022.8026726
258,11913062.457094422,0.1651751162515369,3.9401901057151827,59388568.79654093,59262185.331210025,0.42649011332249354,0.3528821017245373,3.542019701200049,5.380613064418159,25547921.786290586
259,11946537.230398178,0.1815700055087689,3.857478169080866,65615633.16127459,65478763.45201855,0.4075078320467048,0.3409326397893551,3.490794034769323,5.512552971526469,26412281.45538764
260,10894633.4616329,0.1709724702859256,4.109106816460378,107886798.16367783,107655227.34804012,0.4010144737695778,0.45415939776098735,3.2965778520913185,1.4142911840390067,33250600.81887151
261,12763291.563078953,0.18522394919629853,4.091623189086137,130481766.47924693,129033577.49349649,0.4494445416238677,0.2811376146560349,3.47550558220816,0.6042451326075704,30094947.068537816
262,13307276.011611411,0.17654214810891167,3.881811888258608,177439492.21100283,175484048.32802245,0.5038700986695483,0.24048327705161335,3.432379565292918,0.7458853908200773,31067269.39912729
263,11260057.090834359,0.16010452909763148,4.286743522501184,194570138.68754107,192549303.40089175,0.538876655748545,0.4153871965683494,3.132217977447082,2.51905838372545,35892855.81110315
264,13174593.484668378,0.18299265707578527,4.644350060469061,52214943.790835865,52144821.91772608,0.46163603629330824,0.25887895404239714,3.5848078516186863,5.391376827589084,21873016.184036657
265,11579711.956359008,0.17617790776680248,4.696890438300333,93512138.54926656,93489226.41466832,0.4160336129385234,0.3948783761436278,3.4966475910232186,1.0932878934324446,30250594.207577147
266,12137906.392876484,0.193894834677969,4.611125874042095,111622091.55685684,109226267.55082867,0.4354220080250918,0.32864135380640214,3.4955631083670817,1.0603785359844378,30292227.401858732
267,11396037.699279474,0.19920973145528917,4.608901069179897,133068724.75585663,131378667.3201437,0.42834485829656543,0.36627802380592195,3.313469965632263,1.9353934324028583,33397860.958803218
268,11758516.156565811,0.1613639226442684,4.6236446979432415,159200082.98732007,156080319.41415864,0.460308234521578,0.34003138833035407,3.3933684830256476,1.9590326209584281,33603678.12898321
269,11622360.818035986,0.19413143462361232,4.510745688233165,193360024.1570387,183907058.29880872,0.4876263870414573,0.3352697958076195,3.2703855792907714,2.252064797274409,34816229.15031947
270,11678090.539687734,0.24885267784147905,3.5662102203316888,58842288.20438205,58646626.146595106,0.435963130178217,0.33817493222150385,3.3582899108360587,5.223256648127722,25948538.549904473
271,13410069.421936523,0.23398989845167834,3.5090096353676143,82516758.26519328,80907078.13087064,0.43818223809126716,0.2332001468677199,3.357711229412628,5.186242356156216,25314795.486397073
272,12678028.393751588,0.22385708519204428,3.603427074440651,101379852.19936493,101024752.18104614,0.39252585825024455,0.2716268630879988,3.336426002276498,6.040316437927956,28388055.315060228
273,12532534.896269947,0.23938931718329987,3.3905665153810967,137158481.68315125,135502607.47486022,0.4218978754208932,0.28067045385494,3.2397140217749723,0.2447522021316436,30530835.441070728
274,11971572.160210175,0.21571170474866755,3.4865695211891072,177447032.4910994,171521502.5986125,0.4726253682635008,0.30513005660580506,3.2325608670549886,1.058610401605627,33078251.907216206
275,10994836.049425328,0.2104908647728688,3.3356602552005454,193503674.47205496,187536246.54753196,0.5136165832678175,0.38117652635487864,3.154569067539835,1.5364487460598764,36089832.65226637
276,13382538.158457287,0.2142165559584429,4.3092625753315685,61642314.559902914,61144394.65651151,0.44601028248950425,0.24292743310767423,3.4490310889825166,5.449731128800603,23127468.23482936
277,11943989.567708544,0.23700500844713107,4.154111407340793,84212543.1032343,82601936.77232002,0.38741540868303875,0.3429031034628741,3.3604718114561583,0.2750116571029023,28672869.305363566
278,12423423.580229176,0.20888257049563724,3.741825528582532,100437865.4380731,100231135.85228556,0.39146726999909887,0.29351032307021435,3.3880002847529056,6.224696800652785,28785401.47871516
279,11502638.757195888,0.226922674157422,4.06756301381024,134769963.45050868,134570300.89678282,0.4435144165539084,0.35033743415531227,3.3111584699690106,1.4470944197582296,33133996.12900058
280,12546662.608689511,0.21582813372421783,4.02364750277705,171797831.64789295,163156493.74912006,0.4729531610836837,0.27459958407554474,3.3779094936564453,1.0962517180108424,32052832.009742048
281,12066638.263271766,0.23686947296018473,4.037657681464438,195029436.8900148,190495782.47903204,0.5272059512732507,0.2837996775142867,3.276059365101395,1.623527754552188,33762124.704224184
282,12322936.26477949,0.21683514412059895,4.592340048866116,52844763.19429698,52446191.332686275,0.44654242447820175,0.3243155692205157,3.4659644717840026,5.782407509194088,23631785.56706656
283,12426345.992421128,0.20699874548921393,4.653919227329372,71885985.17019808,71101999.42194411,0.41285254234541285,0.3224639556169039,3.4668818991200996,0.13930039250039603,26267074.1261163
284,12135995.648236398,0.23166210636500112,4.51931020144567,106210484.54965492,102691125.41556998,0.41772793444881773,0.3217438280612265,3.4131317979632083,0.9148540553765077,29892165.392723016
285,12447179.181640195,0.20586250059911193,4.562593552002644,147354820.6794969,146801786.968045,0.4564781459050753,0.27727594414074613,3.399029263079938,1.4936490845760262,31597846.99919353
286,11476423.789123202,0.2291005997554985,4.473006328695908,159305575.4092376,158332778.25692454,0.4515355680823111,0.3366311612444336,3.2313507831073442,2.1497034597915015,34099428.27673304
287,12099125.804911003,0.20982338470425593,4.380685818414164,195253877.24372095,194961382.03539726,0.495330659910234,0.3021038377033651,3.142787494415301,2.210983128430829,33952949.2389922
288,12913933.39198911,0.27138536313099426,3.6213619909886328,51381262.56036074,51235054.003686346,0.48615272089581407,0.2737616507959347,3.4230799346215015,4.5511214697575575,22120177.237966217
289,11462914.400543619,0.2836046647143042,3.4979658970791485,78211788.27388507,77976799.53263299,0.3778905735565343,0.3499302642634626,3.2002281750728274,6.062087485988431,29188874.15878416
290,12946639.515497258,0.2911117192618256,3.3359486000428977,113964374.59524667,111947753.01542565,0.40917006983819876,0.25850133615876075,3.0939744455926235,6.045707656106711,28476829.477496654
291,11454823.879457504,0.2662588420550541,3.6070018376683595,126098659.82820015,123118535.86915782,0.4272271971060816,0.3537795777726994,3.2429739490914566,0.8912727395768522,32633492.29624621
292,12616398.617339108,0.2535310525693241,3.6375332816184542,182102720.81985587,173095199.78349137,0.48590831654192174,0.27181909285864564,3.248033420232729,0.8699265367161225,32062277.445159696
293,13410299.927554386,0.26928254643348487,3.3374193349549266,189882209.61231598,189689399.5734065,0.5006709355850963,0.24293786212684831,3.0482193583923505,0.6689548278060571,30603168.641839165
294,12869523.895021725,0.29156052001120575,3.9215828346161623,55829617.144115165,55733610.630167484,0.4564413139565499,0.2681274042833417,3.2756122599255724,5.206730750159778,23088853.307860002
295,12067444.33573985,0.25391916068707343,4.191044959517239,86555074.6951774,86262556.67774014,0.39050995323390086,0.32818997133882694,3.331365777499229,0.38088973239453416,28712880.22898934
296,12891468.706045737,0.2815719026764416,3.978504607247295,97695969.33423667,97465812.40794912,0.4218379488589503,0.2749906583214654,3.1972027714111757,0.19649047859227634,27755483.614670463
297,12647388.749240799,0.2560218776193945,4.0955538054021945,127047531.13324729,124479346.7069936,0.4482135157940858,0.2799938144819085,3.2964965583327612,0.8042594192685956,30241851.958948184
298,12146106.268217202,0.27164404486533683,4.016312624470341,175139686.21192658,174365027.30105686,0.4698176088688631,0.2730942213409392,3.164187904491557,1.5962148550607538,32992013.85057675
299,11106393.511762705,0.2737694536431325,3.74330448253228,191820566.35829857,190506290.28421208,0.47001869720641604,0.34434978306701447,3.040653157197953,2.117502272160968,35988492.42312733
300,12057967.281484077,0.2782386804050056,4.702351960489029,63100837.27809417,62463898.279786326,0.44064573063055706,0.34181900845840163,3.3181569333845067,0.2092933946139307,25821391.642984353
301,11975348.194251433,0.29078104385341347,4.405078044478658,66228445.96927463,66208091.08049282,0.42321144822977624,0.3378783506748497,3.2704716865797576,0.1010622249958494,26534172.80179125
302,11057395.676795838,0.28156634045153656,4.645855587612822,103874955.74869156,101142512.22649433,0.4075760270503845,0.35912573522328023,3.2348500261211823,1.6267994795972298,32392605.950322986
303,12193034.025295073,0.2925135771311316,4.463062236975306,154422875.56393313,151289775.9638907,0.4672335438626101,0.27131600635836045,3.184408748755204,1.715050942185088,32268857.445296705
304,12384612.067188011,0.26626940059424997,4.482852978711536,180231823.78440535,179336118.61417338,0.5088380334215382,0.2567654167930855,3.1984273172522677,1.8821817561955556,32519737.662823923
305,13205362.4621416,0.2974025047794029,4.473166142930151,190261813.19416353,189089300.6456139,0.5062729368902175,0.23119373218866848,3.051535901288537,1.7410302449565986,31217350.158242803
306,10856063.85115437,0.3213653093785186,3.4901793407796773,57613468.55522038,57141527.22941637,0.4168739751425189,0.38806264785210054,3.1239259548542138,5.812471089351437,28207609.03647367
307,11475637.188887898,0.3067297605468406,3.4685329279758554,75985519.22493468,75768504.5511354,0.3783797737494324,0.3380153789147404,3.162655227497654,6.010904392184151,28962993.40750938
308,12434566.079204753,0.32283896648133686,3.4647491367172156,97485421.89965448,96933837.62042888,0.38832700288552824,0.28201989475193473,3.07315035275303,6.190468105019013,28639751.73365196
309,13225343.794954695,0.31978360710620457,3.397976307045112,142481519.8622124,137799862.52554524,0.43696813352086844,0.2631349324676732,2.9756660160266986,0.23615428946275044,29462897.302727714
310,12809574.772705857,0.30691280885938294,3.3384013028310604,166750893.89167652,164282084.3994941,0.451934094873241,0.26761476329536343,3.0286408960971234,0.5899863370733418,31241646.57347618
311,12298024.497705022,0.3149794981847211,3.4635681633034108,193061461.1080061,192875707.5366439,0.5347715847652666,0.2668085614496716,3.041533186711471,1.2534141841152961,33459435.949328978
312,12182417.811120916,0.31279514440652145,3.996511527524462,60729800.490527056,60210047.19767255,0.43332436391303064,0.3060335957760618,3.1934535043226604,5.791490974957948,25372304.758478176
313,12497250.179859614,0.3001414357594304,4.326055863109021,85865230.26158392,83663293.0924066,0.42624363612379096,0.3015931768256824,3.211873649220103,0.35689848346621594,27554630.776620135
314,12957568.567569325,0.3095720028122586,4.354141745713077,108043210.91982248,107691966.26696838,0.43131583892221653,0.273551955795472,3.1357758390520134,0.7800284564745331,28440844.432686448
315,13060540.16809424,0.31110762159402383,3.8770379908659502,153638686.3751253,149103324.11162457,0.49376924094892827,0.26179946224047096,3.080745983646282,0.9279771106872674,30407066.803278208
316,13092922.40934955,0.31357485214436365,3.8978039439591465,178538609.2972101,171918967.28794125,0.48173779385204857,0.24632891714830327,3.0018363180411214,1.2207728099945903,31261019.20717019
317,12102877.601013856,0.3009624395640546,3.7056091953078765,187514891.77439794,186021394.70885825,0.4988235406247956,0.27750551018054276,3.1341184510691082,1.3824807617971422,33463274.444599435
318,11604476.09076354,0.30296660125180264,4.704522605009308,60521003.12991844,60423847.107076705,0.4440660931863707,0.3664399952279229,3.28696086686378,0.3331530052221667,26466020.371535704
319,10883346.573966715,0.3061851642631631,4.682435806740108,87114244.68846346,86011009.2421647,0.4029902500376556,0.3656925546099058,3.212094871309853,1.4266550996489058,31584187.840544235
320,13191310.455666667,0.320639660939274,4.444635063443187,112225812.67474595,109744473.03388853,0.44256421290782255,0.2690072873836191,3.085424651781056,0.8764114885094081,28223631.6540452
321,13400779.821042819,0.3070118005107825,4.612389503554916,149259136.8137292,142675085.50636828,0.4668809205553426,0.2428351246686725,3.0752461767101402,1.3665697612577175,29553453.769173745
322,12319387.658100985,0.3078882728408223,4.556920888618483,162051636.16557628,157968767.64100158,0.47151784433955,0.26006462778806555,3.1009753890987284,1.8938526011212897,32274103.468206555
323,13122361.384150108,0.30745900503732965,4.618847212740573,196281350.86711407,192725507.34341478,0.504358602765915,0.24171153092082634,2.8795927063647095,2.158287335671849,31661229.832150083
324,14391591.407529507,0.10202859424295221,3.463569412207214,56211424.700743094,56084477.22229104,0.49539958007155116,0.21951331002771288,3.9060010261793003,3.6384513899891155,20232232.23155053
325,15693533.991078017,0.10920987981350196,3.3129138697916383,70015158.02109382,69801722.0830841,0.4910648910258928,0.16524285263773628,3.7681633138487953,3.6899237687183644,20598819.057498857
326,15427899.677896498,0.09512958152534808,3.5522615174213596,105420205.54979856,105075406.50739194,0.4741563411592911,0.14576934961922478,3.8277243150238283,4.627329882121645,24125889.556521226
327,14636647.53067543,0.09816639184120096,3.5130247430313832,145116392.98648813,144217951.72340754,0.4924292699600764,0.16556098394427154,3.673816834063971,5.490080519556666,27236568.02703721
328,14279449.643815793,0.09713835524624584,3.4992978683663365,171025053.92530665,164670253.8841686,0.47279434483696936,0.1836711108019817,3.6195276128073166,5.851186046493684,28675030.583233654
329,15953276.433999805,0.10333247784048619,3.3874781895305883,185842226.477308,181957825.28045747,0.5209652477772557,0.12467971390651361,3.509089488896183,5.5182302518287445,26842420.029719718
330,15007283.78984912,0.09988372767829046,3.791465237014043,56101157.40507537,55725676.44273629,0.4939870913931387,0.1876255132043388,3.937709560566087,3.783921921924542,19607023.835741494
331,13719874.715147767,0.09679321128751295,4.085604267861237,65350929.290148854,64591249.99110569,0.4509232712163058,0.22460932398923805,3.920311090464762,4.719153296486707,22977393.246155806
332,15322729.167322084,0.10891701401114909,3.6605637403317175,116475904.66171288,115656679.86697689,0.47497181028501395,0.14500694888537374,3.6778865454414125,5.1420548407433815,25019038.924522623
333,13464150.040966861,0.09035601991450401,4.002534872154141,129263289.19675182,128154252.86767939,0.42211396215191926,0.23568717582748022,3.713846233014381,6.240568422426687,28635404.705588266
334,14363722.477977186,0.08764514032522727,3.758259602926632,165885240.0716002,164142658.31044686,0.47381141388369813,0.18375939631731827,3.6613018555758563,6.111609201011078,28408453.158432454
335,15773677.072102558,0.10402335051421073,4.236045796793166,196947208.31619933,195937961.5493164,0.5367460009039786,0.14331506268572566,3.528814770422629,0.30247199996540225,27665147.68245452
336,14567146.35617947,0.10322298404085792,4.393134750155078,59572648.730824545,58965636.820625186,0.46130967154546404,0.18370797191036048,3.9095432349290835,4.653783202240148,20903398.29604715
337,13658138.027144093,0.11005362950477895,4.674248411987771,71102049.83779475,71064209.72779492,0.42444906609136573,0.22918916067845016,3.757443795492023,5.704473572920167,23947484.830271766
338,15917513.200649975,0.10965299305322698,4.3950595723236034,101461430.45104715,99395250.37896232,0.45557052891809513,0.13279306156590756,3.599188726172158,5.573281461980904,23474374.825239643
339,14467662.887951583,0.10249238071879212,4.494136819920036,139902710.36185524,136912926.29849395,0.4755592770521857,0.18982210178991354,3.6870386158472863,0.2714128934821341,27606194.970448714
340,15484512.434046453,0.10445191434356174,4.433132227246805,160320196.13578483,152300275.27373266,0.47678986516843097,0.1496015319774486,3.584363920214721,0.1802037010729936,26962935.96672029
341,14872813.671328694,0.10828897933127263,4.420200666559632,185734169.31058753,180928817.55886868,0.5313528823661621,0.17033858613928568,3.5977954751661256,0.6452787370752383,28818360.46163834
342,15322434.623626687,0.12720118210228987,3.4956179304268904,62253913.26252245,61353221.616174415,0.4968711110347697,0.18118809267286934,3.751689760055325,3.7693725270159404,20027298.363527935
343,13583939.080090752,0.13337309428229935,3.456455105958148,91796198.86572164,91690823.63435732,0.43756616766058326,0.2201940497456789,3.695498766814813,4.9384408481736966,25769050.525259763
344,13621137.757377252,0.1539285049680988,3.345916486752282,102523799.71409518,100993596.84669754,0.4400266112034792,0.21450690010882778,3.5948917890476313,5.072713828259773,26490484.68364019
345,15788243.869558427,0.14521720116046138,3.528015542803676,140813261.49908397,139501514.66688484,0.4768995304501791,0.14342687942813184,3.373554692627523,5.498339979627043,25617570.7577048
346,14472951.062031306,0.13364826470412355,3.4688998211851927,180029534.09608075,179652975.76847866,0.48663453601852835,0.18286388605901108,3.441608794394941,6.110683761556434,28614261.43373643
347,14847471.144726207,0.13009143085700992,3.434905352608239,186165046.55732638,184254641.74662182,0.49522517553395545,0.1749087996398973,3.40267948728199,6.053954065076928,28536503.776068278
348,14885264.181872683,0.1531695114967649,3.746504453113932,61339872.810155675,61080665.90435368,0.4765766556969225,0.1897042352288918,3.696705156105125,4.177280176037817,20638804.70349375
349,15449014.542587297,0.13779315124380406,3.78022117669959,91557230.71053688,91272697.34397534,0.4555082177728577,0.15154783882652978,3.603338379814232,4.88462221094595,23310887.37178859
350,14886504.256460316,0.11803991207767336,4.167430633160312,98950785.7590049,97881629.71682979,0.45285163183510335,0.16107677113872523,3.6700590917367935,5.490760175672362,24597975.163545214
351,14179204.160486784,0.15605518937184235,3.6792741017119575,154832534.29135105,153742784.11341462,0.4647832199986702,0.19762319079155005,3.4300048607989186,6.247646055951959,28451292.038128275
352,14701642.429168753,0.15179630843895636,4.021920485522623,156832229.6199784,154051908.2730773,0.5049672387431077,0.18830355637581198,3.4290579850931295,0.20615799136163357,27871566.841399103
353,16018612.137172077,0.11940568390232077,4.3001070381853195,197663324.47378752,191952801.3878937,0.5301366044553468,0.14318772064670277,3.4327155988521305,0.37286223231092597,27520041.623548374
354,13786367.84434138,0.1531585572991243,4.54590830976455,53169964.03301125,52601804.77944241,0.4610308001758679,0.2221565573211478,3.7103420859872287,5.0191373131204795,20996504.121117517
355,14939361.221350746,0.15244037952602124,4.576643261636125,77241787.84616622,76865622.79433013,0.4640511082109141,0.17530456442111725,3.5101682183103,5.63476386081773,22687943.28687659
356,14806871.67125687,0.13468702088306844,4.528109753195541,97530198.5049346,94479437.12565464,0.44356754752486777,0.17527266403494654,3.564879374442669,5.939830730769472,24626635.383150753
357,15285068.658996874,0.15311952063890838,4.642558430204036,140321516.2109838,138811818.36507934,0.4757433414790894,0.17050008344419657,3.3976583330297183,0.4732833399396177,26323088.21367372
358,14554785.948339192,0.12155878666208468,4.362054610141138,181259920.83142287,181207989.8454812,0.5125535686081075,0.18171310688761955,3.5753982764767156,0.6966204790943624,28867612.79519449
359,14892538.524920223,0.15618617097434317,4.544780676516575,192355652.4983828,191542692.54150647,0.5418742570115926,0.1764353590853904,3.4213218655940896,0.9325678384717223,28788082.483687177
360,14694517.369358642,0.16855552878601301,3.3424631847730426,63742376.45539048,63114490.77136798,0.4874078851872105,0.20887134423400402,3.617075459516835,3.9126894312875224,20999474.56659193
361,15493597.507299958,0.2050039895957137,3.478191748224019,69272428.61973259,69014887.89360379,0.4878137263457727,0.19408927649996488,3.4075859692750408,4.2299418062559555,20758289.037648715
362,15708283.15233738,0.17545361991969674,3.624012796684237,121678437.59613408,120143656.23462138,0.48495321625370424,0.15502879992237145,3.303341303421453,5.413172515421959,24768255.32300635
363,13814308.24380907,0.18944064741908317,3.367511178644295,144763449.49291095,142246224.05861974,0.4524939666115308,0.21099516436115337,3.3203373544232098,5.951060675790779,28326932.91113554
364,14768565.833139442,0.1598034756843683,3.487543589839313,172209434.80945605,170274942.36225456,0.48537916627746724,0.18450242962575844,3.3089610727621213,6.136042679988302,28346793.940308385
365,16039225.312221231,0.2006126433419465,3.391930773360334,185017567.82528657,179516453.23436683,0.5067462526011604,0.16920689111578865,3.020455647523559,5.946309592278543,26831805.212544456
366,15434361.826064808,0.18452803930106523,3.6764312639797305,56365494.926380776,56050974.27715305,0.49614293776728147,0.19478535519425297,3.5305308123947787,3.967841328690201,19012885.80127123
367,15930165.289637422,0.16383125579616123,4.227386257886765,72953027.77700628,72690140.75944787,0.47569420629908027,0.15278751817719985,3.4594327212109466,4.975011813530012,20838365.81046903
368,15146900.409242865,0.1676779275949393,4.0818463563549825,108310099.85619496,107333332.17940368,0.4618604350360104,0.17106847392467653,3.3703408523832064,5.831388918705085,25035494.25106497
369,15918820.445227202,0.1934797052588284,3.8107151102207273,137007277.94946328,132085108.3377829,0.4727457670292369,0.1687516635597494,3.142652745400597,5.924164899090125,25393273.05089795
370,14971821.645560319,0.17869943870308566,3.71164759306344,159107242.5354528,157173195.7782197,0.49733772479287913,0.17949556410330308,3.2735140392391298,6.201307211427718,27425963.487284712
371,14747913.635650614,0.1640845212953609,3.743478713050217,189612148.8707052,183929743.2539169,0.5085032781880807,0.18741728286644288,3.3312100002303975,0.2350056111507671,28692783.112194598
372,14260541.432436481,0.1794075410435124,4.536821646767148,64547288.581217766,63897977.2971102,0.4611074698326749,0.20209925495129397,3.5101760207643875,5.41598846309562,22067162.84942405
373,14230735.558578318,0.19623714603323184,4.629910432022658,80145942.41609265,79411180.56092094,0.4375646694538909,0.21473244144761156,3.381902752520289,6.069609878810166,23976747.760952435
374,14872229.20831632,0.1876801850985252,4.423835557989696,111487584.54487383,111336627.55241297,0.46532483163147775,0.19342586373482262,3.3143579613281604,0.10580919329214573,25498838.61609193
375,15406993.441018175,0.1912001033263002,4.42539868863186,145095313.57983664,141015067.3949734,0.48068951372467417,0.18207803891033975,3.2210200259082975,0.3953581743225836,26343226.817509234
376,15334581.47892841,0.17051869742067471,4.704007048539282,180571108.90676653,177897593.5396573,0.5239674309510773,0.17186818882031565,3.331607932282805,0.9110185934642687,27557495.930210672
377,15542276.176607922,0.17127571206570424,4.397309080936092,193122995.9391379,187978650.69087103,0.5344753983474513,0.1698828100502676,3.2870750109455438,0.6883753906058453,27708279.714593537
378,15280726.520323828,0.21903404209246202,3.4036646022401422,50296820.88822402,50106640.97389445,0.5090753590113746,0.2252423391696034,3.3927618667958126,3.6867274633291998,17872035.85533815
379,13769260.42179406,0.2518702207753349,3.3204611568381477,70159050.03164485,69340492.39021249,0.4694550382540336,0.23663559022883035,3.359473536754548,4.544975585717783,23202227.241700225
380,13561223.13431734,0.21515605314202024,3.379640691922415,121353448.70512865,118793793.84837925,0.4465333772329377,0.22517285286169503,3.2880982669789796,5.789506806797145,27713853.2180276
381,14521233.666063536,0.2392024627367955,3.497451801027198,140348485.06713232,139318676.1256625,0.47922536411857986,0.20797648065768523,3.1033638623591506,6.044044507974997,27239090.439865068
382,15533555.812373715,0.23944971514777458,3.4608523684385393,177694897.3419611,174184599.03349108,0.5217267813798366,0.20824496986482913,2.937607855349935,6.2564066015057245,27449424.663271137
383,13598809.376222868,0.24356461213652414,3.348857509361782,191710865.45093128,190451834.00662556,0.4777436243570658,0.23534436759506716,3.131392235677214,0.39627827196096926,30241605.49958341
384,15467464.525969984,0.20925791736673385,3.703008389741411,60348044.81121482,59518815.21994649,0.500665512804678,0.19899728863171537,3.432017635197476,4.205474288311269,19586758.151977554
385,14959795.75055283,0.22698554812181473,3.6850370124223177,81954013.0049535,81767180.57466204,0.4597079849282855,0.19322398793970716,3.2842394671327764,5.019372471622528,23022514.107794408
386,15962985.543219903,0.2279083848633108,3.8244426199419266,102584954.49581116,102054805.34032132,0.4714382929737796,0.18021220613976688,3.107778487815655,5.4698318227015035,23349310.786511548
387,14782472.145285029,0.22625185078371055,3.753264704090422,138249421.8815616,137083299.78377327,0.46813089312951356,0.20027520469302532,3.1468593241245753,6.197674815911204,26979405.22568375
388,15675418.866039656,0.21641248652123207,3.837648115303357,184176181.39466798,178806659.69450536,0.5416284403978574,0.2002895539091186,3.0535438014385057,0.3283490979955334,27705130.36376401
389,13643132.843788497,0.2519636761019089,4.3232336821424475,193165418.8585114,192125748.50213456,0.48063266623685763,0.20507341105389443,3.0155168316634846,1.5800089433859816,30469109.65803148
390,15647877.914853899,0.22268660456744555,4.519119497584851,56802543.78673542,56318782.93101933,0.4855141349674193,0.1912477601493666,3.279481061325879,5.071537337987858,18812746.676170565
391,14327881.1809013,0.2067745971520554,4.6095703980537595,91873131.67713912,89034117.80740343,0.44891935141674405,0.2171818273927231,3.3245150288593592,6.278204135363454,24802392.588139888
392,16011863.129283119,0.2191971549402808,4.5627824862511295,98052860.05173722,95975412.35347156,0.485578247853595,0.19383794503420154,3.0920236892849724,6.155168069497144,22954892.71412612
393,14006349.18517571,0.2507318640645212,4.6626439093991,133013981.13630821,132125808.2270167,0.482485630031601,0.23062618917576216,3.228317775225388,0.9365598208929049,27765266.6254152
394,14237230.85678642,0.23785335334076071,4.3590147670615265,179646744.9735261,177325040.16648018,0.487680740379183,0.20730092195305097,3.1742113413269433,1.1145506902066802,29591704.817678206
395,13963572.63947488,0.21925890603736686,4.431095007644594,196448994.0772646,194441167.86874428,0.5511552418345934,0.20831047787844667,3.275523621351638,1.2906637217332533,30435835.34233935
396,15583554.978821661,0.2551386405531302,3.3347627613958997,56060637.22108489,55912332.380091324,0.5132047907073484,0.23928474264727972,3.2523108697570047,3.8437093479503375,18415254.16374962
397,15528796.216900922,0.2651300247908122,3.467646685247546,82673096.63501745,81420766.27813886,0.5065675534582114,0.21177697660926684,3.1578046595899094,4.690298213720286,21924015.2495315
398,15659796.40246327,0.2696929460247001,3.3902765767408765,112187322.06092952,111831693.51179299,0.4891745567773933,0.20309030301877806,3.0079205135734575,5.243605785009213,23956154.33517334
399,15887061.038577497,0.267049845303884,3.623523807787167,137424417.4689219,134911090.96780533,0.4990861653599838,0.2112399825929582,2.901287817222675,5.934817355518214,25138964.17563226
400,15976688.46774703,0.2782886643652417,3.5614224925996623,184229745.8000511,182272638.27040765,0.5122775341690567,0.22135020400636465,2.810451972717813,0.04276751975510362,26560023.88738879
401,15117607.801803889,0.2790785421320089,3.545156937706891,188581919.91004154,188355556.6786597,0.5284316899134178,0.2394132501171217,2.8897851404941024,0.38873137212105063,28082320.339975383
402,14811757.701191694,0.28330862344881463,3.843314234078126,55970598.273770794,55595771.57509895,0.49803801431427774,0.23542974424167898,3.2339751949085995,4.588060646707811,19784441.13930971
403,14266308.143816845,0.2771910604606444,3.7367853330110803,72269395.62999573,71354090.12861444,0.4611797224371449,0.2260497019980856,3.1914795458236442,5.119539293883413,22958691.700316265
404,13693953.946050806,0.27161239426504574,4.2870362354118,115599130.96743812,114964303.84936948,0.4605446775882226,0.250771943229868,3.1740972417869564,0.5354316867975353,27666444.07857488
405,14932313.106811874,0.2769555471572396,4.0976136554136655,151707637.2768059,147809816.2499212,0.4884805809372484,0.23010168754600785,3.0038551016468378,0.5069112169500571,27438993.537986375
406,15517093.315927042,0.2980352359387257,3.8089862662513982,158056600.60124993,151184024.1258933,0.4710329926303363,0.2361271354941207,2.8580923202456523,0.17558848032066626,26609012.30549162
407,15489477.762778223,0.2564554119043303,4.077335691316409,185481645.65521058,184790754.16767883,0.5209296539592855,0.2148787999623931,2.990454670355573,0.649815155985647,27411547.737513535
408,15663269.834412066,0.2552072461746413,4.633175041438405,51789851.38936964,51695731.29048078,0.498443606469564,0.21413463431044963,3.174700482192376,5.157173877810808,17852434.12397585
409,14429835.523043051,0.27940841770954206,4.392456288018937,87003879.9197982,85739829.10995942,0.4459971159225696,0.24018399867451076,3.076945674953341,6.2009066526504295,24282670.036549214
410,13454346.446931109,0.284477002601742,4.423190964945204,100125138.98339054,99352632.13682595,0.43379388870007296,0.2615613991823152,3.1668827305181457,0.45889708772478555,27010654.92185377
411,14075080.065245138,0.26544175655450086,4.536610880253045,130469322.69388025,126217572.34856959,0.4757763317299968,0.23738174457154945,3.167100670242524,0.7660474842040834,27562546.995326445
412,15199047.587195238,0.2933361612084135,4.417501539728247,162547737.13928494,156261859.76565048,0.49922872965540144,0.2331384519591429,2.955280922659619,0.8294438586044458,27205967.29171356
413,14454749.292484965,0.26444178783881656,4.634236871092938,197367340.80018276,190743315.34136936,0.5193693476306955,0.20769959888433803,3.0595060636272216,1.4471645851475874,29367189.08442519
414,16043576.983632568,0.30208917975086114,3.415101832531436,50148563.25266512,49919519.93754656,0.5223475541427129,0.2771788778854686,3.128828285801459,3.777330193438992,16609833.001208907
415,14901705.78376298,0.3136158013031709,3.328246387893725,80541843.7802276,79475589.19126467,0.49288852567862357,0.24190839099751965,3.0449630201204827,4.781284896005816,22540572.75886009
416,15308954.07440185,0.2996529057939206,3.330380091762731,118466598.34410475,116907246.14921728,0.48604084979522927,0.22699125885535376,2.894485050433591,5.50352025292249,24916591.8913215
417,15496760.97350973,0.30206459050853596,3.5719426414119915,143034652.7931841,142977465.2620001,0.4741093794976233,0.2342552644569474,2.8247103348349762,6.11723455941571,25756581.31807874
418,13985197.193839826,0.30899235173774375,3.396974155826914,179295185.8570759,178283287.76916787,0.4845816152269676,0.25127366900945197,2.911409198605316,0.4216224874254443,29660744.8449853
419,15934988.817212591,0.32130447887975255,3.458485749757782,198143452.64571482,192699367.54575616,0.5170528587539183,0.25639707078485574,2.709382462243764,0.14906461745883834,27266759.827993646
420,13466788.457223505,0.31722672669158203,3.925230582233788,55474999.68057809,55010406.886613496,0.47471470813751154,0.25817304704522187,3.1776623993529762,5.080583353251819,21942857.903073654
421,14495741.013825523,0.30821049874820655,4.12201675941789,78961565.68638194,78787707.9232705,0.4474213586966132,0.24506782759360568,3.004013750555089,5.827152037940902,23449210.899309304
422,14098549.24664315,0.30227461935740757,3.9352629712534553,103447069.77236892,103037210.99863708,0.429852098453484,0.24715324310549275,3.0144045896959097,6.263457326990477,26041722.458028443
423,14520118.973716602,0.31268406954767214,4.2459443879953405,153217499.09879518,152098360.08732036,0.49813676918941985,0.2463791698121084,2.971377378136028,0.8682508938482493,27866741.12847546
424,13449910.370084247,0.3015206616972606,4.07553122497524,173661614.87286356,171837875.88564807,0.5016864554486845,0.24234251424737505,3.086399102361008,1.148734042696575,30289289.932602495
425,13766241.841631314,0.3212062555481431,3.875853897721378,199378119.21616387,198608194.00578094,0.4893908749462769,0.2363554764898148,2.9318471187720543,1.181155412152676,30563415.90760999
426,13477277.252365671,0.30376490890021873,4.4242708847974415,50087353.506139636,49811086.58691978,0.4755489777624852,0.2637986575984677,3.189150302012913,5.4189366830341275,20849982.756630275
427,14131071.798258511,0.31396171934459943,4.506080523180626,94314454.25358817,93905268.33793794,0.46600964709087206,0.2677773524503406,3.0217573193717344,0.3503530995705151,25255749.917249147
428,14918972.813297933,0.31067673520745104,4.4516753324778815,96511919.80517028,94215033.64351632,0.4588684107904311,0.2564294401757388,2.949283095672702,0.11764353265342083,24274539.01197435
429,13734208.602802841,0.30224517728293226,4.542601898575214,142353731.56200427,142011076.68974516,0.4720920381129022,0.24056495072267314,3.0560966236561673,1.2176883240113356,28700655.720890537
430,14564090.63802873,0.30700442284154933,4.5749852396977655,180889687.49861178,174282439.48888293,0.5260210172832758,0.22375893149721005,2.8901931637783465,1.4474175078558031,28841565.289250985
431,14817163.404450342,0.3074194704134086,4.581726845830602,194986697.01944143,186421108.99815953,0.5496806333480476,0.21942592375410178,2.8205503415976816,1.5483254862873959,28934489.584130783
432,16677853.559282329,0.10357741933139941,3.6070760212931736,51777740.59269839,51423937.710103646,0.5057719130363426,0.14263519067069313,3.747548350508784,3.302637891907264,16617825.977603553
433,17303964.5630657,0.10659691606696166,3.3719627747018723,74597191.26065755,73094885.12582768,0.5192146026752524,0.13215632879615266,3.6468716836322606,3.620247744786504,19347410.22069788
434,16894955.162693456,0.10931802831708456,3.397337339897422,114153188.81589182,113649487.94664127,0.4881990356893663,0.11949064455972164,3.595546919979791,4.5169552686974015,23085298.496379953
435,17674788.480656415,0.10835565088995994,3.4381236385858864,139621755.3813877,138362065.18003285,0.49271956845910575,0.10344673562614262,3.4467012639238335,4.857135913358055,23681289.76554759
436,17502758.44290238,0.08820099161522164,3.488580878674385,184061994.05098876,177413306.8455106,0.5253508459789837,0.1108430435489014,3.291818198337578,5.560458943713123,25299143.127415538
437,16191316.589748438,0.09241530008242455,3.4896497718931414,198700783.02319372,194132489.0793513,0.5397734502042052,0.12588295190404789,3.464622543909975,5.778149084236663,27460199.021020874
438,16276576.293915497,0.10170509406891029,3.895952224247945,61744742.28130218,61662828.78446865,0.49402611107442046,0.14381953204774012,3.8356936671166446,3.8781971158983324,18971700.440947574
439,18556281.99145405,0.09576041273689395,4.327177202025147,81720360.2444845,80854804.70474288,0.5076747617872561,0.09308625593635572,3.5770726781070463,4.600739695285743,18897445.576044053
440,18059207.87656284,0.08915687494122189,3.9858016603796607,106592829.7244588,105270049.94518606,0.501908716166638,0.09209430037471202,3.626287697058876,4.701714439328171,21381011.532177035
441,17672019.455174994,0.10677656640819483,4.001936495202936,137870845.99638507,137383423.6653431,0.496440521368146,0.10133778844332535,3.380178263943467,5.497180911886852,23433419.127243966
442,18528090.62731116,0.09457796610462607,4.204875760268509,181700495.01130557,181237904.0466635,0.5378394136670429,0.09370289476450268,3.2409182628150424,6.040533316497872,24119614.350844
443,18462902.69930108,0.09904372577053148,3.9725094041211912,197546990.65176377,196903409.3692605,0.5505270242036665,0.09314279529247346,3.206516198342551,5.9570092544026325,24552298.570832957
444,17322747.84424253,0.08957644794522512,4.669620798777832,64028066.62438482,63920256.63348123,0.5016532803542384,0.10732594914312012,3.7651630773805658,4.623411978603821,18070006.188017648
445,17730035.503501408,0.09405638799592787,4.671480733036265,76764577.5404481,75769759.82279144,0.5005323614559952,0.0993837451342573,3.634626446865736,4.929746505809911,19154573.08996196
446,17368865.559096135,0.09988894157520899,4.405118689659673,105554923.25156997,104920380.72832711,0.49264257034491993,0.10266063073261694,3.5225592180226055,5.386332852112939,22145502.178988848
447,16711111.892152578,0.10131805883612711,4.661655798824932,147816108.25401464,144567342.16371632,0.503247259691681,0.12462716735933725,3.477096530165515,0.0996337452003204,25103541.937628724
448,17892885.54435335,0.10836193953074541,4.6040662248099045,160808504.33460414,158598346.88966793,0.5193296211093185,0.11110924578055577,3.273290455345221,0.0807438951972672,24063884.77941989
449,17587293.98862925,0.10315649983171371,4.506052566628728,190106534.67269462,182695847.59665543,0.55419977250116,0.11430629897193736,3.327218810621695,0.20194526606051647,25309325.72104353
450,18451039.814066987,0.1307149516429702,3.638186517942775,57469110.27779487,57395068.904635556,0.5102736888599929,0.133753847939672,3.4381435856630866,3.536087222380857,15818175.498684447
451,16511263.68533181,0.12376212306755525,3.3481701881740555,77143346.16540605,76952112.1974928,0.49673745697563826,0.14781090569802532,3.6293873872529216,3.863383526351522,20492707.49723704
452,16705251.950057516,0.12263295547099824,3.451856876460545,106577259.93952182,104923565.45476158,0.4953951635519688,0.1281426826366949,3.5606466054636616,4.525123881594519,22714506.18662549
453,17269867.645272505,0.12895210113540576,3.417908119688237,138441331.29452413,135295681.51347363,0.5010234051478833,0.11684107980402945,3.3881468173438134,4.909659356084981,23819010.05759083
454,17960105.623565197,0.12758517251078724,3.385290036566637,179755195.60957003,174120283.64246655,0.5356536559587627,0.1065563100512964,3.233362880312641,5.256832979034066,24450911.69468948
455,18257267.94507092,0.13505608509194533,3.351199251080401,198817865.4095712,193173898.3095625,0.5496003676152631,0.10852491080442324,3.111303251310935,5.417176129776252,24607305.40574511
456,16494089.022740616,0.15244953315111898,4.276486683996701,53085283.50698207,52876857.45231238,0.5016984742092834,0.15469782746343538,3.566960186437988,4.259986675993474,17219477.486643504
457,18466858.91285739,0.11294692687845469,4.1888722622083945,81694329.98269233,81543230.84071128,0.5133095113868529,0.10364911835163432,3.4927146930312962,4.5608719109064095,18932017.902348697
458,18666691.45010248,0.14440933449202734,4.129399345456959,98411210.01098172,96182274.34559648,0.5276150532409231,0.11698950212227625,3.2250052042850954,5.021476277262671,20113202.047220826
459,16652536.384647945,0.13606487453199093,4.252024450746026,132090003.19584805,127923288.75888588,0.4763649541348614,0.13079573685593265,3.3210618828896767,5.932632996628845,24360298.77220139
460,16964284.919583723,0.11486859937314059,4.037541251305945,177428293.286639,176173515.51632592,0.5164990049116721,0.12779710146775775,3.288840230364646,6.206594810946935,25983141.176121637
461,16589561.264046153,0.15664263572180587,3.914826695583363,198719213.32228583,194287867.82033396,0.5292030368466722,0.14971894995966248,3.14662226753182,0.11291043973213155,26736605.212644406
462,16222901.635132264,0.11790093464621905,4.6561016729524445,55229310.98825398,55156348.06372575,0.4928880766549487,0.1382206621958473,3.720280287536838,4.6249627521491865,17958809.158662368
463,17319587.534053497,0.15306440326114867,4.3621187402714785,82347078.52246033,81686779.25137952,0.5033603723315543,0.13146457563517444,3.3080828102054536,5.170068176268859,20207402.379577897
464,16427595.476029143,0.12528114276277394,4.437689092345998,95493559.89673766,93709768.30628702,0.4871406931543919,0.12782431151561183,3.48565739220865,5.478938722598053,22345013.62323925
465,16564504.812665362,0.11617284733307909,4.5724141426647815,126061945.17849547,125933467.25126506,0.48296755911996575,0.1276022187440964,3.4297215298659403,6.136685620255626,24115469.861447804
466,16617337.059881967,0.14973070093236257,4.649077039484454,159281266.24275324,158484967.4911972,0.5099200783951979,0.1495870436806962,3.2532011825848164,0.45391101612608387,25284663.384813957
467,16467413.65168979,0.11403030289057955,4.42530286780581,198912341.25727946,195895208.5149902,0.5069543601318535,0.1288880521949799,3.4009911691600774,0.48028619628172803,27184793.656908907
468,16653494.37618691,0.18507757903282981,3.318800871080507,59975065.92480824,59477965.53707345,0.5152818250160929,0.18732411217557982,3.3627079266505158,3.6391871521239176,17919599.212522663
469,17569212.078794017,0.15952148923036666,3.543420452982253,83915393.58798939,83072843.31903231,0.5136101722036461,0.14556696744782618,3.3685237894651956,4.238177076377594,20013645.050779045
470,17842597.086406037,0.20147012737300907,3.3695109919328043,103155260.25101426,102709902.55080205,0.5194305304413293,0.16464476086443547,3.1521388071472387,4.498927837497995,21106550.08113628
471,18410072.024721574,0.19842514065840391,3.4390064254792465,144252078.9699287,142945953.91948652,0.5406800956626754,0.15217881771453914,2.941090520502108,5.2060482730604125,22611330.844411194
472,17863353.73617564,0.15862759800885223,3.51409735652045,173251236.54572523,170596394.39958623,0.5332056508181408,0.12508409992771174,3.0676879885808366,5.528896547994677,24336921.203967556
473,18492256.814426605,0.19082497810109403,3.3103078375581303,189274442.20314598,184786394.28635812,0.5411470571905806,0.1469264745624913,2.850853694881117,5.487139587683885,24361713.585412893
474,18521471.925436996,0.17203231580045947,4.262114463524675,63911674.08740871,62891130.54717692,0.5134760944010617,0.14710979082583892,3.2825184129656395,4.4479027731787095,16665548.52092524
475,17845226.155202515,0.2014988670833373,4.252250072965321,89345657.04478061,88999846.925374,0.5199536018107469,0.1581776817219745,3.0680917814446245,5.325624069475976,20152683.849831514
476,18321827.214036845,0.19163528141232788,3.839489948825767,97826039.43673837,95734179.46808982,0.5169411341457311,0.14984393299027207,3.1221533815667293,4.875130767045953,20363849.592277244
477,18486299.89293218,0.19591200922277868,4.276820911018113,145043155.62272435,141186010.39275762,0.5343492513285877,0.1674947676138563,2.8875198467879177,6.150104867348044,22866216.63225302
478,16300282.5558922,0.20328829931996117,3.720397875341371,162642762.81055745,155764161.73955232,0.4916959756059401,0.1718664014577527,3.027861038075239,6.068458550824608,25841661.400334224
479,17884198.447081506,0.16745893577959065,3.6590914935946213,192860003.96543866,182270626.46688142,0.5742092334404535,0.1838393673574474,2.862580175859592,6.188976050606327,25313106.885899924
480,17689763.320078913,0.1691882280421323,4.582842285769239,57961457.16638806,57599044.07857515,0.5013451389593112,0.14700681384809566,3.328183476122527,4.732428977086689,16642523.965380583
481,18508376.477521297,0.18253762759247727,4.709703315279522,67201085.27638614,66882179.7899395,0.5217148340522275,0.15080392887873922,3.1483295760266565,5.136571505649316,17151202.488192193
482,18474457.736741148,0.17834621834662956,4.546695340261856,97678328.65000695,97351239.07072283,0.5267021439158733,0.14724366508255834,3.0213066081977304,5.696520230136822,20185698.884187434
483,16070153.713791922,0.18894058679934272,4.435656035035146,147396167.58925223,147320508.73658696,0.4939541295501665,0.17137414616838775,3.138226545334138,0.40946103754408414,25669479.737718873
484,17106104.882425815,0.16552420808241597,4.528893182113313,158350078.4639824,155051733.98149344,0.5189892487105047,0.1529643738053224,3.1230709751432526,0.3017417746917262,25012118.683119807
485,18605694.480395816,0.20033891485955047,4.440362677972826,193887196.96394274,189710819.35866705,0.5300000422726634,0.1695665852013584,2.8634007604816496,0.42145403251431995,24577983.755301066
486,17696698.85434533,0.24994836021726874,3.5074808111381968,54268434.87992786,53713101.32555484,0.520147247504556,0.23201679962330599,3.140159755820815,3.7053347712337166,15554763.44670805
487,18496466.41396881,0.24857318197012068,3.5477361732352803,70656126.66323939,69186883.11742161,0.5499910086366169,0.22103870466033962,3.1073994864205883,4.019579052768475,17186808.782907583
488,18017932.712376777,0.2468530566505956,3.353653396500639,122896760.26999258,121814592.34742409,0.5457813359357433,0.18719733121560228,2.9388388511691623,4.914239100624787,22091463.120314714
489,16352473.639201751,0.24252162578511421,3.5132158476266393,142922529.3203871,139470036.16170216,0.5057477926207878,0.1940401352611329,2.9051362576734867,5.747230050508838,24947184.220273584
490,17932922.25370848,0.2383145532125019,3.6427353255055808,171450540.42847598,165126098.9335091,0.5227621663725813,0.18364237533262537,2.7951912442396827,5.819545837862227,24165396.15428755
491,17885953.99860163,0.23169166271632208,3.3319165687316374,198426963.7984172,193854872.13613272,0.5776738022252299,0.17959332458685923,2.7574379402069518,5.752579692527882,24848474.794925112
492,17705672.9819399,0.2213067733597843,4.276032733923026,60692644.77887299,60244592.75521035,0.5157860674692574,0.1824838990465993,3.191226191177109,4.619635235735455,17000289.572888553
493,17291084.85290444,0.21172636930466102,4.008911379604613,86985481.36254692,85183001.6252819,0.49964893328646154,0.16602549035574832,3.1280684165226953,5.056110952659869,20555157.997218795
494,17456462.345130637,0.2499727961308761,3.7641067759057676,101689369.19870311,101096433.77018225,0.50696823017633,0.18781327369505832,2.986951646998898,5.1179763892425,21465643.2939931
495,18606069.60774578,0.23251085031145843,4.084538193560076,140890610.91397887,139584722.51639074,0.5433103511411326,0.18317270371233083,2.8149345131418064,5.921155333329135,22412111.29083983
496,16641285.933694353,0.23911676047775837,4.158841516782955,182573137.8450796,179110279.16543126,0.5145003125105753,0.19833413357809787,2.9080339775628596,0.45026706374053793,25997852.423990235
497,17329804.01382037,0.21866431655913393,3.707603687696245,199761680.9513624,198209819.53029212,0.5135166847378162,0.19088510697521022,2.8379994863601414,0.13921913803880975,25613100.138502255
498,16652748.727120219,0.25088482941107454,4.44685081883216,52683768.37313369,52195690.46305192,0.5007147625573637,0.20743582642607286,3.1794620983786364,4.762569417513198,16735491.593535505
499,17192772.574794855,0.21028946474481003,4.582629794288761,71978926.1380457,71645385.38023868,0.5008775790087832,0.1718347876635386,3.1163660601451504,5.369575384902436,19124482.957334176
500,17100798.01328569,0.24993778113492904,4.702480829532536,123408719.34255444,123230353.17320973,0.5037011794753197,0.21489906610011225,2.9163419224204286,0.32144149279775447,23285495.257585887
501,17901751.735828448,0.22993712401756564,4.4596796748106815,128793411.73232915,127424922.07116641,0.5297992444181674,0.19423187090155633,2.879227862172828,6.261231681962129,22591820.50549751
502,17320551.94088511,0.2186808951740654,4.425604435742993,157312628.06607145,151561068.0337233,0.507184176684272,0.18529342515722522,2.9383690267832483,0.28167661884758927,24605430.35888116
503,17899511.773972556,0.24320273970198497,4.610428022093109,185145368.46487167,180495449.11700752,0.5470678426705421,0.20476604067416798,2.8575769390403316,0.6170398401301003,24675422.712787
504,16257605.67888615,0.2756728436285532,3.4875510588547285,58385734.274519354,57826650.48685912,0.5209806797975784,0.2449442834952033,3.164162807731097,4.012344479475246,17881711.72469724
505,16495103.72755852,0.2904886275414812,3.3212142690056994,77015827.55666912,76322416.26035793,0.5250618470205163,0.241045390002617,3.0741816428810034,4.316999717060863,20074732.12451803
506,16563035.181428278,0.2562682644383903,3.540643174275417,123058185.01491463,122706975.07070535,0.4971958756511515,0.1926638770216508,2.940490606382998,5.406443310222471,23600517.116746783
507,17262144.837451696,0.2774049371767246,3.5221238308808234,128261976.60539627,125481299.33582449,0.5167442078874942,0.20712170696646243,2.8461203430010737,5.364000319734597,22959693.230439268
508,17367058.86572408,0.27903431327077355,3.490542882729461,171319121.9412794,164360486.43958956,0.5351836826859417,0.21444450812634455,2.7340699343315484,5.822717577791282,24693569.16146745
509,18374500.701141093,0.265527921246499,3.5573760083580095,199238902.25683206,194436119.3915655,0.554278037531076,0.2036363060392044,2.6755002004284587,5.923214137579121,24188460.812253024
510,18347552.95836942,0.25785607067841787,4.268205418040099,64196908.07054976,64094446.84766204,0.5245948930431164,0.207263043529396,3.071135122377023,4.717417284068304,16855118.088812254
511,17126997.476260874,0.25815757146372337,4.17528210488674,72985247.97123839,71987197.1707892,0.5107283380719495,0.1999971082909092,3.065089592791229,5.016037331759718,19241803.85723514
512,17396379.638109006,0.2686468330732,4.326561367029266,113555397.00768954,111408447.89334244,0.5125062723865895,0.21892857082936473,2.845696559497004,6.058078062111691,22420353.87038862
513,18312174.67522553,0.2800476711402277,3.7801835426039134,147826686.80702412,146562863.00272173,0.5387819125980163,0.21855493226575293,2.718139770940159,5.791257327408992,22755435.793909926
514,17458524.579750307,0.26211713623759586,3.905011280458769,184077262.49637374,181049914.81646615,0.5455950055115847,0.2136333162511889,2.779213468877745,0.10132123294774156,25016930.87981107
515,16303342.528091218,0.2600260152493682,4.054038099494786,199766807.6086169,197294316.84481376,0.527134935106922,0.21250616426570956,2.897486754833036,0.5963286495144715,27332811.10339726
516,16322974.076511487,0.26585667108766425,4.6212837545740015,61687739.85668189,61417710.22854624,0.49562476954356255,0.21566638791106707,3.052212468208279,5.401590029784386,18681506.75492933
517,16167538.492475906,0.2963597590194148,4.38518066590165,67764543.22873093,67594478.26154467,0.5035054804584942,0.23262518495689433,2.9748660688561253,5.42416732396336,19798337.729164455
518,17089537.073439322,0.27200428833547846,4.632776312683704,98773420.96714962,97595599.75778408,0.4955089926683724,0.22800879719940126,2.8844254433362693,6.167840487058946,21718174.5024679
519,17034755.14319163,0.2989702172063759,4.6696311667512775,141999768.21644005,141682669.1069237,0.5129222418976277,0.2486853964664701,2.834441382121377,0.559615702013987,24119147.093820073
520,18609291.200130068,0.2599814909721665,4.547212014700752,170737376.9054126,167777989.06396553,0.5388306012588284,0.2208877663203262,2.7693809083942136,0.4160332895424914,23481796.96353852
521,17024724.04337191,0.2665087305370479,4.646075013189637,186572271.2598173,186176014.66476932,0.541049528716388,0.21299625307537595,2.8745183261095453,0.9374036794088848,25818192.865846694
522,17266249.172766406,0.32275378896985263,3.3296052864570043,50018666.73289482,49766908.85430517,0.5162650582559487,0.29897579861012064,3.0356454736545326,3.5992833548710275,15079098.89833563
523,18580566.983222667,0.3207249126003446,3.437846340310015,86271800.85010643,84830088.9855225,0.5477393498770057,0.2658881279024165,2.977586538677624,4.2909525030200495,18716012.442251146
524,18349099.47538718,0.3074874023750631,3.5842829624646373,96504165.34242404,95032613.29825811,0.5561504247785596,0.23818420726763495,2.9265721921387025,4.703425502895347,19827592.647767
525,16969820.03249072,0.3026764858755167,3.4801512971483515,133237927.58028725,132238545.11023943,0.5058097152846749,0.22412474867976506,2.7946109919808904,5.489095004470727,23608672.947866265
526,16703899.084927717,0.30217438341541214,3.5856730439126436,169396267.2059934,164260991.063874,0.4776143639789372,0.23582301163237904,2.712013920066174,6.13772076489103,25380903.14760554
527,17023439.200723007,0.3182775235054179,3.3553617847584216,196408812.89335206,192518408.52059522,0.5118526309693341,0.26220006439192306,2.62040833788361,6.164977535130976,25927537.210211106
528,18125848.822250906,0.30643145525718835,4.290723897339821,50674415.7470688,50413672.609670505,0.5134818141481511,0.2605173910832461,3.0581107442035522,4.430595352613352,14619728.037275624
529,17073108.90554465,0.3052042468691373,3.8158189193726315,68850470.28105544,68731367.21779695,0.521310035738118,0.24246961078305537,3.0321321747914043,4.580886307562846,18575159.40360651
530,18502403.68316717,0.3037588635154511,3.7546737599722335,118285388.0656264,117898410.75319082,0.5289621122194991,0.2257492316511289,2.7920417274946088,5.290272886952053,21306669.54253371
531,17245373.20175139,0.3222179422399301,3.740468718154856,151873303.89814728,148811797.66320407,0.513806909630446,0.24730073824715323,2.699321463755805,5.9604576421484,23985290.69719996
532,17997135.5038484,0.3117678780805324,4.264377196276665,179140460.90768597,174487173.94095016,0.5244792522405309,0.25764166657219234,2.71372251697746,0.36505209037452263,24612765.987425733
533,18418186.954061013,0.30128933412297165,3.9916107525756357,195912724.59900248,186562292.1066691,0.5255860873724012,0.24535713063358003,2.6568300757556553,0.09708436084194681,24348487.540842522
534,17550047.355805054,0.32183361258932647,4.451354753512824,59493921.98932798,59096388.78640496,0.5187046958396296,0.25603639266311157,2.9680444628570894,5.007349687485268,16884682.644988507
535,18444779.97574584,0.31392162442380206,4.414205446845523,77167642.14435059,77151237.06205578,0.5259048423988494,0.24680122382130437,2.8580173730928804,5.346259798933476,18237055.463465802
536,17685772.39280934,0.30225368202001573,4.693311203484322,112290542.0664815,111289718.05115284,0.5145557232682769,0.2567745917865956,2.802394622303941,0.08701027121038685,21886364.109366138
537,17360268.672726683,0.3038770650372142,4.597695531041399,153169416.81634393,152539523.57723057,0.5206442658467657,0.2515097002748255,2.799453629910243,0.5534880103713886,24209766.882622916
538,16662163.990298763,0.3098862908052756,4.400748689947908,160628118.18880975,159076497.59584314,0.5327987165518367,0.2475393944031666,2.7871230471288584,0.7119686250838203,25510098.543790974
539,16102919.68712486,0.31026405453788486,4.447615088420458,187354623.78733522,186674005.76767656,0.5366991818804407,0.23916084170677437,2.8446022909744735,0.9694397045401719,26801454.523771834
540,19638221.72219385,0.09252625843883786,3.531324081378492,51615150.38320094,51212889.88145498,0.49199927067229693,0.09812964598319254,3.5110387186781282,3.0277767384054144,13515802.21010207
541,19209035.4549064,0.10527340084658714,3.6349204210913757,78952711.07751182,78723660.03240183,0.5272660228484585,0.10730502682904368,3.4871894854307017,3.849358540709603,17985788.74177086
542,19554544.507040936,0.10289025170315197,3.6025328539747425,109069019.04325677,108512174.23019384,0.5347865320069464,0.09494734197092333,3.406787800278547,4.337300464141928,20148568.816648766
543,19947548.442675322,0.09441821233593727,3.5965324369624394,146831920.2179816,143447166.3684326,0.536605634611275,0.08137604367870785,3.3370959401096107,4.737345252978973,21861076.89587926
544,19988643.247166652,0.0990965516000102,3.3352922170801556,182655897.1545493,180625383.6138596,0.5518787186590168,0.08476430084771033,3.0423090131908306,5.1153020106217015,23136948.002412938
545,19818433.68392663,0.08759576761541196,3.5597313673098196,192096511.5771631,186787806.77917847,0.5257523907925583,0.08111077138501968,3.104730998952233,5.352695468181902,23469447.747141562
546,19617004.189531017,0.10901533525300146,4.284339988106389,58375673.17115019,58193307.23232074,0.521123206777794,0.10604719778314196,3.4674502608033264,4.025719875362072,14930101.393535834
547,18694407.02788281,0.10421094771875472,3.9881977875392054,71352400.55318768,70620574.93180437,0.5268145785895448,0.1070143880625862,3.568239034490872,4.046750300721943,17591063.794665635
548,19637879.19700627,0.09025096440885141,4.1941695051541,104855689.03455548,103076200.98896542,0.5368449776158096,0.08037880873827766,3.4326345479094518,4.822354938081346,19844449.935658008
549,19200138.677556783,0.09532498615331647,3.802306770566282,129591020.50396195,129290348.25335136,0.5226117293281125,0.08431710966108684,3.413630573412798,4.8439369451720395,21782439.41529097
550,18807410.45565047,0.0963058403671853,3.992923360535015,180969914.19553626,180035638.4366078,0.5167720977542004,0.09130310509286312,3.2067448600559953,5.834090051955954,24212281.86055012
551,18727960.06497411,0.10728285231835201,4.214084810103069,197862703.2154535,195079951.6144251,0.5387995678830464,0.1008736196367943,3.143115996713711,6.211245896820577,24561873.955425754
552,18997194.20529317,0.08822364182551456,4.392017651812051,51769354.478896946,51249945.21059313,0.5002886362193806,0.09802551861670598,3.6511542456633377,3.826917350906535,14243536.784174094
553,19216751.787894644,0.09313621143358415,4.3756427114591645,71418504.06875938,69995405.86035103,0.5261460155292217,0.09219239599773824,3.5814044120404263,4.321110145636057,17102126.070560325
554,19443031.513546504,0.08783338869895758,4.602086622338168,119811668.87670638,117316551.14348727,0.5202680046789241,0.08252844152662546,3.298497528808491,5.60524553488501,20872554.646985084
555,19820762.547734782,0.09939582485016074,4.548787172418561,154182912.06890273,151521200.29971752,0.544949102917962,0.0894837220362937,3.123231714512934,5.9927806563523225,21994291.82849843
556,19941823.837447777,0.097361328894092,4.469365554901031,183960796.93819597,179059755.42481533,0.5881004178994649,0.09663488778748036,3.057847421994153,6.2212412447121945,22884285.10872916
557,19964852.718239695,0.09452798262892459,4.643329872298522,189392620.46937647,184529941.8079167,0.5995680940048347,0.1194406532108823,3.0733770038401977,0.281074662850574,23212382.463946916
558,18936569.05340021,0.15038041660549106,3.3178181021880784,55123462.69899029,54772772.97679987,0.515518819746283,0.14959395571746006,3.2854924975725903,3.245184695453562,14720302.7372861
559,19977951.55753404,0.14484890828163643,3.350920618286722,82408254.20417558,80703143.61022751,0.5490448915706115,0.13911127619316924,3.235394082736942,3.739741401263989,17442641.880164865
560,19074267.05754275,0.13656866089484151,3.500225187036497,122906864.87083207,121478074.78855538,0.5229674441295369,0.11328149193625878,3.25474359256671,4.604960119942058,21366739.000947334
561,19121854.933442492,0.1506849351016757,3.4647330389685855,127954930.78191108,127333749.38472867,0.5285076276470766,0.12081272654469806,3.1771745330055645,4.703658178895809,21626292.384013273
562,19100425.531106006,0.1551322677077682,3.45059492453098,178611111.43970627,177989198.9903544,0.5403070883185191,0.12124304601304735,2.960772101221785,5.370472372905525,23427831.535924867
563,19250548.968639493,0.11093552014813149,3.6379580927931974,196536023.64653823,192656879.03477913,0.5384444499647772,0.09316816632011075,3.0955769319923654,5.54585802244719,23755607.673402403
564,18923420.507798035,0.13188539829716409,3.894457366143383,59615539.87669022,58812624.07986846,0.5113127610750137,0.12848953687551712,3.4091772977117616,3.801386481435226,15717090.466569453
565,19341745.686555974,0.12918873795474034,3.987063881520996,65727205.5534422,65665591.89542772,0.5187587219975259,0.12085556050080261,3.390175537569302,4.004764173596072,16276668.796580162
566,19318909.61347226,0.14593806222560107,4.304488430085007,99153707.64400479,97923123.91700223,0.5321941648736637,0.11557417087741637,3.140711865731888,5.188999102271893,19660277.76846306
567,19751018.677997034,0.13640430806825776,4.18356217819868,131790340.25859562,131550458.36937658,0.5273362042646198,0.1086876943653559,3.028430204804428,5.538218066968495,21262993.56435284
568,19287971.772872034,0.14469071207131573,3.7458065431064873,156889499.17564932,155215229.88555312,0.5485126344001983,0.11305801965399431,3.0118655257502174,5.453370649983582,22541023.761884693
569,19379761.627217095,0.11595405149687027,3.884127819905362,196913152.83965796,191052458.89531675,0.5362460489733369,0.10126180313840723,3.024487696263733,5.834943632044537,23737397.659365755
570,19944759.263521343,0.14380455553770666,4.388487756522432,64037840.16561103,63705167.63882177,0.5215468223998098,0.1247109096446766,3.264323272126827,4.433401292888737,15435552.100889139
571,19676300.63234637,0.1482912560767567,4.602655974811615,78789762.0505187,78507315.48895414,0.5405740362707154,0.1208944038306311,3.161276158092489,5.0823312413830415,17387260.727481492
572,19632333.203692097,0.13728338029623355,4.464634003520129,107269080.88258024,107157124.39023702,0.5446449233565291,0.11210008124120346,3.071226075715512,5.510421304127564,19965269.528970536
573,19699122.187096875,0.13877144397452965,4.426742161318626,151199429.8022977,149968545.76938906,0.5460730844934722,0.11723398473320115,2.9649468271305337,6.027895178534613,22050594.479139738
574,19958921.266106118,0.14379279708131606,4.691785577160571,175398254.7026895,165568766.20156184,0.5647574693001232,0.1312860221627631,2.925699315939117,0.1438308745155689,22556805.448427223
575,19254985.438228745,0.1232275275328627,4.39928279357711,189064094.48313874,188397501.8671069,0.5304906550057434,0.11108924048700446,3.003677932750694,0.10999670578131798,23525813.18626128
576,18770445.145008925,0.19024939613755776,3.4293968853842722,50362172.67727244,50241773.350550435,0.5020788458868615,0.18156201070447583,3.1984694154156625,3.3217371605830186,13814001.472172182
577,19096631.47329184,0.1807042676430702,3.4367275044579038,72099854.01838098,71854529.76609124,0.546230645259485,0.17009412263016038,3.2099610789411432,3.7908980493407074,17088808.612248506
578,18935219.970810473,0.19892346058312593,3.544360104183171,111360067.76191975,110567385.1375327,0.5370348064896978,0.15585303790421787,3.0706698602341804,4.6947189047356215,20510907.018142372
579,18876655.774329655,0.1739966113822041,3.3994247255737657,135611607.01570126,134234944.56546518,0.5455710365706485,0.13497380384191213,3.1012607134661985,4.798878207316914,21834818.093105763
580,19154202.412356995,0.1864693137386655,3.3082664971731663,182252506.80365232,180029725.512619,0.5507877781338807,0.14394111648289537,2.8354259886151287,5.318804883652141,23271842.583585203
581,18815967.04847368,0.187150276313494,3.593946448217091,189642655.41732293,187422021.36351138,0.5300140665005881,0.14723902203760725,2.834862034671487,5.782176366669878,24221026.196796678
582,19012593.384714637,0.15854491049036798,3.9906743053492435,55713136.333168566,55015819.818723485,0.5175767514201726,0.1485437505205348,3.3171848759844376,3.8817268234619062,14918650.506300999
583,18773355.148019973,0.1613569122911957,4.028323099919372,75504179.44269574,75350264.61897549,0.5209779921376111,0.13605641708807034,3.272823187288983,4.479359741651064,17957986.25638886
584,18843234.439568326,0.19079879012681936,4.167253731147553,103746991.05027974,103413518.51634902,0.533626004982345,0.14776357405982918,2.9997743973597113,5.3570342446726285,20236674.563825894
585,19475143.112006042,0.17739550465110918,3.6932406534914977,132486055.19914511,132042008.98103155,0.537654213525677,0.13366641011021826,3.017681558483701,5.0693507142555525,21272791.281495072
586,19761364.15479003,0.19334721328013318,4.116699321368196,161888029.18792585,158181246.92555085,0.5616008288872115,0.15349356958643426,2.8106297319398763,5.915042078666621,22251284.201727837
587,19892087.455418006,0.1589633635762243,3.817581633587343,187446987.25961936,187078497.56271523,0.5635538095743372,0.14261507378257515,2.7574327379123766,5.973015986385181,23224793.390479926
588,19071313.268972334,0.20207123975845426,4.493100744295441,52073405.99488462,52014315.968052626,0.49951290941681414,0.17576328830788124,3.1849385654793596,4.422311655963732,14153929.713691304
589,18801720.431112904,0.18861686721725648,4.4524389989988205,94012764.6934629,93445838.26213746,0.5321518991093294,0.14879565711288467,3.0194849185581685,5.45228008764749,19551604.980251476
590,19088274.214116663,0.19235761631254783,4.599959854321731,116026619.73186475,115126401.15863475,0.5226516151864701,0.16279116676301353,2.896845295703543,6.016267464915035,20905429.959646508
591,19733410.580138065,0.1755553872199212,4.409228611606793,150122390.66093677,149599660.61317533,0.5462604156342097,0.1456623838644853,2.8556975641978384,6.10202984296046,21793756.66013778
592,19183740.311525103,0.17550143200445495,4.405318030494336,170571479.35905662,168558460.8981948,0.5430937222524576,0.1574862056183869,2.8679033926130653,0.16340437553150833,23102716.175843623
593,19240492.063055225,0.2042317341105343,4.482724312846283,198076787.60929322,197895502.57512492,0.5728219631330356,0.18216909438921433,2.8133913647709456,0.45647388654864285,23855541.59027318
594,19108017.318669822,0.23019922697606468,3.3172771076517407,63403816.60059668,63097747.163045295,0.5354600267278928,0.21677101350095024,3.0896092727995423,3.5911737980867153,15656814.715461059
595,19360474.41528478,0.24162272431622633,3.5502819508354944,89059626.59174863,88624112.1435571,0.5484321991285602,0.20157193604107634,3.0462630643262907,4.295855054098526,18380984.539716534
596,19697161.996507462,0.22229393790741003,3.367139152915751,101419359.20321518,99779570.699684,0.5614580280374167,0.1892237846451899,3.0585249664658747,4.213051284819066,19062614.525798008
597,19827212.616574403,0.2115349573436658,3.5641498507698723,154951176.91902584,153523294.8264347,0.5666957731218255,0.15672754573811667,2.8617219204493294,5.179758836245332,21793027.520266492
598,18723839.53617621,0.2442825994909014,3.3202777762354136,169938800.85161942,168307976.70754737,0.5457084507406886,0.18340695987313613,2.7642516885233563,5.354135293494826,23180988.98998265
599,19625102.015173327,0.2143656453985983,3.372685599404022,189022006.4237796,188315525.87508386,0.5487000898855463,0.1715227947955977,2.6753791864949203,5.550642950041508,22834773.142956603
600,19408663.36111987,0.24131348110619183,4.039457323900775,60392235.7708721,60353934.31553817,0.5263523320022957,0.20832350988519732,3.100802449732707,4.229025415173966,15214246.030459877
601,19297986.379497252,0.20682474715787297,3.883423417768992,81401325.1760819,81176941.97486831,0.5338896236126399,0.16804189905760938,3.1146135499852465,4.500712559495903,17983210.15861129
602,19919346.979851164,0.23482838944619575,4.122784281956124,113283733.41479015,112140013.57318367,0.5579782749281594,0.17718308324661838,2.862054756933728,5.342974914800428,19757209.496510234
603,18808790.763623483,0.23142372043401932,4.0574489556741735,141414852.55510548,140560347.74070442,0.5478061450528873,0.1809331528238391,2.809669210852222,5.860421041803003,22310223.428703062
604,18859679.95534089,0.24907983935530845,3.822515641313124,173483721.3956281,167783972.90294132,0.5423075555621406,0.20094823239954412,2.6978505416425365,5.9491351364887395,23307946.345748026
605,19559942.747668624,0.22975224777793293,3.8085543769137304,187971514.9492441,186048834.8301215,0.5431678612471924,0.1798091839788222,2.6942881944413917,5.928573399963755,23095147.974170975
606,19217839.01032393,0.208687390817476,4.485435925396358,55257074.05094968,55221780.92136853,0.514508336356723,0.1784492935620911,3.1580091962268586,4.508953068450934,14523825.388649091
607,18997004.939878047,0.22543407501083462,4.616589308702047,76956011.01547793,76912029.2361692,0.5313487783695374,0.1820784445733721,2.962663123274202,5.379589186293847,17874065.740494125
608,18695643.274746604,0.23265184444242104,4.38951258543579,123598103.44739814,119517209.59189267,0.5157784439165577,0.1883392934783672,2.8385567045739837,5.967884777780165,21589697.87180695
609,18807970.432392873,0.24514424423867787,4.505496238067604,143314633.09085494,141525392.37162083,0.5412831734591148,0.20782823183484758,2.7912899329556864,0.05502692557001555,22283516.586654756
610,19149827.19948672,0.24274382308771641,4.51522896521648,158307409.04190597,157831792.12830165,0.5493486101276347,0.21034520650951308,2.767989572061026,0.18793667343283474,22483024.018375468
611,19097335.11601313,0.23573754368530092,4.592776331021801,192070563.75630012,186274116.30860618,0.5668904323530356,0.2069051475636945,2.7849710643025367,0.47564348893291664,23676861.398597214
612,18798751.9697187,0.29234383308176726,3.4273802602916925,64157749.71752274,63870912.11214448,0.537575991175351,0.2670997182035407,3.034612943971237,3.804309338480582,16018828.575984053
613,18900550.459012043,0.2892743727190628,3.563160534960811,82488479.64596166,81486736.51954836,0.547476956772818,0.24126814189862333,3.005526639985948,4.296873031373463,18096252.904609837
614,19090843.8692551,0.27062532880179735,3.5224157284801887,100460779.47470304,98898754.23554133,0.5677034941909095,0.2160900333063433,2.9950564348557096,4.496341908861995,19401038.557848733
615,18956534.035882387,0.2935459919331236,3.5253930529795516,151528867.55584833,147586198.0907357,0.5563945879792156,0.2276976190294935,2.675025653246978,5.464874567615815,22433223.381946336
616,19150571.550210282,0.2718867415502353,3.469009343097921,156559311.93894753,152251968.3754713,0.5645936992238204,0.21145469318650478,2.6819173890568324,5.411430227573817,22429231.528661504
617,18712453.91208245,0.2563820900662958,3.502120366133073,198167752.60095704,195560646.92518586,0.539113073915016,0.1988902869206453,2.6669722406148555,5.8527778873681555,24310214.088450585
618,18765745.312927574,0.2875939150686005,4.2547867249763405,50960555.041195214,50454834.26588456,0.5025656931036293,0.24978470401609948,3.0698887748706296,4.290219513828495,14040787.51584145
619,19508668.985563792,0.2864532857633229,3.80894960868407,66759565.809284106,66689731.17927569,0.5435232879156563,0.24881589324377754,3.031956483570279,4.15401012743018,15733588.861409504
620,18875079.863419544,0.26331000902699786,3.913043800645144,103100732.95914865,101434404.23014933,0.5444877425665435,0.1997406570363715,2.883841776291421,5.123264617510912,20029156.770209946
621,18947688.488771763,0.2755017000506678,4.0999088710255,151709806.63673207,150370097.8970774,0.5438701286647846,0.22147120765613093,2.7015127421989718,6.053607270758883,22348318.370997757
622,19536730.86326245,0.2815577066853052,3.807778822864001,183941881.86445674,180483055.35808042,0.5593932819981859,0.24118044174881306,2.591925360604023,6.043526356357508,22859106.798722647
623,18969027.93329938,0.2674939286304472,4.331224357971404,193290227.39644536,189583452.19884664,0.535593036215802,0.2211153359415901,2.7085449780127204,0.33550754332282845,23970056.72072255
624,19578299.413156833,0.2984325260571729,4.616057459656482,53642613.06300898,53550747.93904687,0.5055933387633346,0.25358947980164703,3.006591059082475,4.707974882490291,13849615.591306191
625,19363682.734137237,0.2751827732350405,4.526665016676943,90109493.48821345,89299923.78907755,0.5284349374439414,0.21990154522786595,2.832628856890427,5.55807732440388,18724669.60818685
626,19996028.35680161,0.28919522903329176,4.361792323869089,120999373.72145258,117255821.93825178,0.5539458273537093,0.23763092858068005,2.7106510769478254,5.810197732472422,20201356.37284325
627,19525083.937689062,0.25511548272620815,4.703612600068921,150540165.47624287,145668772.8550317,0.5474615801154613,0.2223861606848141,2.7659814099426985,0.18344864095545368,21940828.543189514
628,18949056.982630167,0.28629161678532966,4.68484531040491,178464439.69427562,174523027.9548063,0.5535110534354459,0.24424084773329272,2.7376586053335585,0.6225859699521514,23729052.12160831
629,19846441.331718665,0.26318261097710755,4.602867450221786,188447198.41090336,187167259.05852443,0.6053323900806826,0.22961722102706963,2.661828384005053,0.6510091116550591,23174193.559014022
630,19700019.92247338,0.3101662301425842,3.6371120766415093,62255970.07129023,61590758.84927203,0.5462426488457759,0.2828691709531809,3.0133510494011904,3.878912815768651,14860346.155466639
631,19562533.982208066,0.3041037817048563,3.514004778093228,77730769.4169106,77221793.68145049,0.5655764180033165,0.26713139301704375,3.0057117474694603,4.078513961175696,17015057.59990475
632,18724502.31825509,0.3047746178239097,3.428863652659363,106831572.42027506,104259672.52690502,0.551814736303149,0.23756303628609252,2.9081921043828087,4.6412643326120895,20193274.016597793
633,19129142.0609982,0.32169786548728985,3.408515843215418,129863782.16476688,125453890.47002506,0.547990978647957,0.24097809369982526,2.8172153586582076,4.888414306441939,21166684.942188032
634,18996987.76986658,0.3093619754691682,3.4799474555403487,171297469.9510971,168560497.95215222,0.5471053588254883,0.23342658147447456,2.6502161782584186,5.572781582314731,22860229.33770574
635,19076976.17951901,0.31960444297210927,3.3723596287372324,187133171.91528293,182564709.13717052,0.5540381503086462,0.24406390112728896,2.602496848374632,5.599263431142763,23299810.82353082
636,19942966.62340565,0.29935638329703135,4.201496927215103,61307820.04024364,60799166.086053014,0.5431665925235036,0.2562315879350623,3.0125268714202766,4.391121008010658,14639369.66324817
637,19577643.186001465,0.30153707760133885,4.0339832512359415,88132858.30793563,87285395.60626996,0.5510052393812747,0.23434311496749557,2.8906504242927875,4.886883113723345,18103819.11918497
638,18907593.68227283,0.30908375396134924,3.671535124104484,113358899.12746862,113262437.93134859,0.5419528588214734,0.23194773631017862,2.8146856772401696,5.07024515002961,20522455.46763072
639,19178855.636153147,0.3181073922540647,3.976934556942057,150581125.6773625,149781775.2693129,0.5530511808020758,0.2472053911966597,2.6487027714307994,5.862702501273227,21968526.34754554
640,19469204.498429514,0.3053409082164146,3.844677469372394,162165328.80020654,158053858.9377701,0.5680339398909885,0.234071900122389,2.6531695752399393,5.744889699309781,22173928.075414255
641,18928499.493045367,0.317698750392664,4.2042761537004285,198703738.82935122,197282881.62066245,0.55115584106603,0.2722329643136883,2.6366520280784185,0.345246089567719,23828203.358572997
642,19545463.558115635,0.31969316065724035,4.63445521361606,59206119.73680489,58885759.82359212,0.5325905609872309,0.2659382016833646,2.95274258483782,4.911148124292409,14804609.921983028
643,18941009.80011438,0.30623481193272306,4.477277439429104,90685929.63215335,89039360.25356665,0.5269492057213285,0.24359751782129865,2.804991369273115,5.580783390104129,19093154.115989592
644,18908385.553914428,0.3223090522018096,4.627441710954073,108003827.75978355,107586241.3020084,0.5266814202541165,0.2748537748402702,2.7294173161837385,6.126308967797399,20526613.240711167
645,19161451.753718235,0.30953074960222604,4.4275798535112285,147609094.13273856,147026750.42585316,0.5451660736570441,0.26462038859586795,2.686140278523516,0.07080919491065492,22390233.726703815
646,18958116.666492756,0.31990495471228414,4.67216942196567,181972051.97905195,181445850.51496124,0.5249313585136868,0.25978541183593773,2.6751934077754647,0.733561407664214,23811981.33769107
647,19551967.04765882,0.30525540718958416,4.509438153632948,188202061.70499656,185773345.30014542,0.5363451412197809,0.26051295933536617,2.6571970642354787,0.4072343954563726,23404426.060748827
